Player,Rk,Tm,Age,Pos,G,GS,Intcpt,IntYds,IntTD,Lng,PD,FF,Fmb,FR,FumYds,FumTD,Sk,Comb,Solo,Ast,TFL,QBHits,Sfty,Year
Aaron Ross,398.0,NYG,28,DB,49,26,6,109,2,23.25,21,0,1,0,0,0,2.5,140,114,26,9,7,0,2010
Aaron Rouse,278.33,2TM,25,FS,41,18,4,173,1,44.33,11,0,0,0,0,0,1.0,143,110,33,4,3,0,2009
Aaron Williams,234.5,BUF,24,FS,49,44,6,69,0,15.0,28,3,1,0,0,0,0.0,222,162,60,4,0,0,2014
Adam Archuleta,71.0,STL,27,SS,58,55,2,24,0,6.0,18,3,2,4,162,2,11.5,340,297,43,26,0,0,2004
Adam Jones,246.33,DAL,25,LCB,39,34,4,130,1,27.67,30,2,12,6,22,0,1.0,148,121,27,5,1,0,2008
Adrian Colbert,462.25,NYG,27,DB,33,19,0,0,0,0.0,8,2,0,1,0,0,0.0,93,74,19,1,0,0,2020
Adrian Wilson,137.5,ARI,25,SS,62,45,9,194,1,30.75,32,5,0,2,35,1,3.0,310,243,67,15,0,0,2004
Ahmad Black,588.33,TAM,24,DB,24,3,2,34,0,11.33,5,1,0,1,0,0,0.0,53,41,12,0,1,0,2013
Ahmad Carroll,360.67,2TM,23,DB,35,28,3,38,0,12.67,21,0,1,1,40,1,3.0,104,96,8,7,1,0,2006
Ahmad Dixon,927.0,2TM,23,SS,8,0,0,0,0,0.0,0,0,0,1,0,0,0.0,3,2,1,0,0,0,2014
Ahmed Plummer,116.25,SFO,27,LCB,61,59,12,130,1,23.0,60,0,0,1,0,0,0.0,271,237,34,3,0,0,2003
Akeem King,773.5,SEA,26,DB,21,1,0,0,0,0.0,1,0,0,0,0,0,0.0,22,17,5,0,1,0,2018
Akwasi Owusu-Ansah,824.5,2TM,23,DB,14,2,0,0,0,0.0,0,0,0,0,0,0,0.0,22,15,7,0,0,0,2011
Al Afalava,569.33,TEN,25,DB,29,15,1,0,0,0.0,8,1,0,1,43,0,2.0,73,54,19,3,3,0,2012
Alan Ball,567.25,DAL,25,FS,44,19,2,27,0,6.75,8,1,0,0,0,0,0.5,89,74,15,0,1,0,2010
Alfonso Marshall,846.0,CHI,23,DB,7,0,0,0,0,0.0,0,0,0,0,0,0,0.0,7,4,3,0,0,0,2004
Alfonzo Dennard,352.33,NWE,25,DB,29,20,5,95,1,29.0,17,1,0,1,0,0,0.0,90,81,9,4,0,0,2014
Alphonso Smith,533.75,DET,27,DB,42,11,8,112,2,18.0,19,2,1,2,9,0,0.0,87,70,17,5,1,0,2012
Alterraun Verner,106.0,TEN,25,RCB,64,47,11,124,1,17.0,51,2,0,5,81,1,0.0,288,241,47,12,0,0,2013
Amari Spievey,265.0,DET,24,DB,35,26,5,82,0,18.67,7,0,0,1,0,0,1.0,142,117,25,3,5,0,2012
Andre Dyson,175.25,TEN,25,LCB,62,60,16,260,3,36.75,59,3,0,0,0,0,1.0,226,200,26,4,0,0,2004
Andre Hal,306.25,HOU,25,FS,61,38,9,100,1,15.5,26,2,0,0,0,0,1.0,176,124,52,6,2,0,2017
Andre Lott,649.33,WAS,25,DB,31,3,0,0,0,0.0,1,0,0,0,0,0,1.0,37,32,5,1,0,0,2004
Andre Woolfolk,432.5,TEN,26,DB,39,12,3,32,0,8.0,18,1,0,1,8,0,0.0,136,108,28,2,0,0,2006
Andre' Goodman,386.25,DET,27,LCB,43,21,5,19,0,5.75,28,1,0,2,35,0,0.0,133,115,18,2,0,0,2005
Anthony Gaitor,751.5,TAM,24,DB,12,2,0,0,0,0.0,4,0,0,0,0,0,0.0,12,11,1,0,0,0,2012
Anthony Henry,158.75,CLE,28,LCB,61,39,17,283,1,42.75,49,3,0,0,0,0,0.0,250,210,40,4,0,0,2004
Anthony Malbrough,449.0,CLE,24,DB,9,1,0,0,0,0.0,1,0,0,0,0,0,0.0,21,21,0,0,0,0,2000
Anthony Smith,400.25,2TM,26,DB,56,16,6,124,0,25.0,11,1,0,2,0,0,0.0,148,116,32,2,3,0,2009
Antoine Bethea,91.5,IND,25,FS,59,59,11,104,0,21.75,22,2,0,2,0,0,0.0,350,256,94,7,1,0,2009
Antoine Cason,153.75,SDG,25,RCB,64,33,10,211,1,43.25,44,2,1,0,0,0,0.0,236,200,36,6,0,0,2011
Antone Exum,773.0,SFO,26,DB,29,3,0,0,0,0.0,0,1,0,3,0,0,0.0,23,19,4,1,0,0,2017
Antonio Allen,401.67,NYJ,26,LCB,38,18,1,23,1,7.67,13,1,0,1,0,0,2.5,110,82,28,4,3,0,2014
Antonio Cromartie,287.75,SDG,25,RCB,64,39,15,227,2,34.5,42,0,3,2,2,1,0.0,165,150,15,0,0,0,2009
Antonio Perkins,957.0,CLE,24,DB,5,0,0,0,0,0.0,0,0,0,0,0,0,0.0,2,2,0,0,0,0,2006
Antrel Rolle,160.75,ARI,26,FS,53,44,8,323,4,37.25,28,2,0,0,0,0,0.0,266,236,30,5,1,0,2008
Antwan Harris,663.25,NWE,26,DB,52,2,1,11,0,2.75,3,0,0,1,0,0,1.0,52,37,15,1,0,0,2003
Antwaun Molden,694.75,NWE,26,DB,48,2,2,40,0,6.75,3,0,0,2,0,0,0.0,64,48,16,0,0,0,2011
Aqib Talib,295.0,TAM,25,LCB,54,41,17,277,3,31.0,46,1,0,1,-5,0,0.0,161,143,18,5,0,0,2011
Aric Morris,527.25,NWE,26,DB,51,10,1,33,0,8.25,3,0,0,1,0,0,1.5,96,73,23,4,0,0,2003
Arturo Freeman,433.0,MIA,27,DB,56,20,1,0,0,0.0,13,2,0,4,-5,0,3.5,149,115,34,4,0,0,2003
Asa Jackson,818.67,BAL,26,DB,14,6,0,0,0,0.0,3,0,0,0,0,0,0.0,30,24,6,1,0,0,2015
Asante Samuel,234.5,NWE,25,DB,59,39,16,224,2,34.25,61,4,0,0,0,0,0.0,191,169,22,8,0,0,2006
Asher Allen,264.0,MIN,23,LCB,36,21,4,30,0,10.0,11,1,0,0,0,0,1.0,134,111,23,1,0,0,2011
Ashton Youboty,726.25,BUF,25,DB,30,7,1,19,0,4.75,7,1,0,0,0,0,2.0,58,51,7,4,3,0,2009
B.J. Tucker,762.5,SFO,26,DB,10,1,0,0,0,0.0,2,0,0,0,0,0,0.0,19,15,4,0,0,0,2006
B.W. Webb,573.0,NOR,26,DB,49,10,2,7,0,1.75,14,0,0,0,0,0,0.0,68,60,8,1,0,0,2016
Bacarri Rambo,433.5,MIA,26,FS,41,16,4,61,0,11.25,11,2,0,1,0,0,2.0,151,105,46,7,7,0,2016
Bashaud Breeland,106.75,WAS,25,LCB,60,57,8,184,1,37.5,60,7,0,2,-1,0,1.0,270,215,55,9,2,0,2017
Ben Emanuel,308.0,SFO,23,SS,11,8,1,38,0,35.0,5,0,0,1,0,0,0.5,39,34,5,2,0,0,2005
Ben Kelly,983.0,NWE,24,DB,11,0,0,0,0,0.0,0,0,0,0,0,0,0.0,6,4,2,1,0,0,2002
Bene Benwikere,524.0,DAL,26,DB,39,14,2,1,0,0.25,21,2,0,4,6,0,1.0,104,78,26,5,2,0,2017
Bernard Pollard,188.5,HOU,25,SS,61,44,7,144,1,22.75,16,5,0,7,0,1,2.5,301,246,55,7,4,1,2009
Bhawoh Jue,517.5,GNB,25,DB,51,11,3,58,0,14.5,13,2,0,1,0,0,1.5,122,101,21,2,0,0,2004
Bill Bentley,641.67,DET,26,DB,19,8,0,0,0,0.0,5,0,0,0,0,0,0.0,45,34,11,0,0,0,2015
Blidi Wreh-Wilson,409.67,TEN,26,DB,34,14,1,34,0,11.33,14,1,0,0,0,0,0.0,90,76,14,1,0,0,2015
Blue Adams,662.33,TAM,27,DB,37,0,0,0,0,0.0,0,1,0,0,0,0,0.0,37,32,5,0,0,0,2006
Bob Sanders,232.0,IND,26,SS,39,37,4,32,0,7.25,13,2,0,4,62,1,3.5,253,195,58,10,4,0,2007
Bobby Gray,501.33,CHI,26,DB,29,13,1,31,0,10.33,6,1,0,1,2,0,1.0,89,69,20,5,0,0,2004
Bobby Myers,760.5,TEN,25,DB,17,2,0,0,0,0.0,1,0,0,1,14,1,0.0,16,13,3,0,0,0,2001
Brad Franklin,862.0,JAX,24,DB,4,0,0,0,0,0.0,0,0,0,0,0,0,0.0,3,3,0,0,0,0,2003
Bradley Fletcher,321.0,STL,26,DB,43,26,5,43,0,7.5,21,1,0,2,41,0,1.0,150,134,16,5,1,0,2012
Bradley Roby,205.75,DEN,25,DB,64,14,6,121,2,17.5,48,5,0,4,24,1,3.0,186,166,20,7,2,0,2017
Brandon Boykin,283.0,PIT,25,DB,64,7,8,137,1,19.25,38,5,1,1,0,0,2.0,145,128,17,3,6,0,2015
Brandon Burton,740.0,2TM,24,DB,19,1,0,0,0,0.0,1,0,0,0,0,0,0.0,14,11,3,0,0,0,2013
Brandon Carr,139.5,KAN,25,RCB,64,64,8,115,0,20.0,65,1,0,6,41,0,0.0,237,211,26,5,0,0,2011
Brandon Dixon,590.5,NYG,27,DB,19,5,1,0,0,0.0,6,1,0,0,0,0,0.0,30,23,7,1,0,0,2017
Brandon Flowers,114.0,KAN,25,LCB,60,59,13,284,3,53.75,70,4,0,4,37,0,0.0,257,222,35,9,0,0,2011
Brandon Ghee,883.33,CIN,26,DB,23,0,0,0,0,0.0,5,0,0,0,0,0,0.0,17,13,4,0,0,0,2013
Brandon Harris,665.25,TEN,24,DB,42,0,0,0,0,0.0,10,0,0,0,0,0,0.0,48,38,10,0,0,0,2014
Brandon Harrison,410.0,HOU,23,SS,15,6,0,0,0,0.0,1,0,0,0,0,0,0.0,33,24,9,1,1,0,2008
Brandon Hogan,942.0,CAR,23,DB,3,0,0,0,0,0.0,0,0,0,0,0,0,0.0,3,2,1,0,0,0,2011
Brandon Hughes,657.0,PHI,26,DB,30,1,0,0,0,0.0,2,0,0,1,0,0,0.0,31,27,4,0,0,0,2012
Brandon McDonald,309.0,2TM,25,DB,56,29,8,185,1,34.25,37,2,0,1,-5,0,1.0,173,148,25,7,2,0,2010
Brandon McGee,729.5,STL,24,DB,17,0,0,0,0,0.0,0,0,0,0,0,0,0.0,18,14,4,0,0,0,2014
Brandon Meriweather,218.25,NWE,26,FS,64,40,12,213,1,28.5,27,5,0,1,0,0,2.0,263,183,80,11,2,0,2010
Brandon Taylor,821.0,SDG,22,DB,4,1,0,0,0,0.0,0,0,0,0,0,0,0.5,6,4,2,0,1,0,2012
Brandon Underwood,738.0,GNB,24,DB,23,0,0,0,0,0.0,0,0,0,0,0,0,0.0,21,15,6,2,0,0,2010
Brandyn Thompson,987.0,WAS,22,DB,6,0,0,0,0,0.0,0,0,0,1,0,0,0.0,2,2,0,0,1,0,2011
Brannon Condren,882.0,MIA,25,DB,12,0,0,0,0,0.0,0,0,0,0,0,0,0.0,9,6,3,1,1,0,2008
Brian Allen,980.67,SFO,27,DB,17,1,0,0,0,0.0,0,0,0,0,0,0,0.0,6,4,2,0,0,0,2020
Brian Williams,297.2,MIN,26,RCB,65,51,12,280,1,24.8,42,7,1,1,0,0,4.0,257,205,52,12,0,0,2005
Brice McCain,455.0,HOU,26,DB,56,6,4,134,1,31.0,26,0,0,0,0,0,0.5,92,81,11,0,3,0,2012
Brock Vereen,298.0,CHI,22,DB,16,4,1,0,0,0.0,1,1,0,0,0,0,0.0,39,30,9,2,0,0,2014
Brock Williams,812.5,OAK,25,DB,12,0,0,0,0,0.0,0,0,0,0,0,0,0.0,11,10,1,0,0,0,2004
Brodney Pool,207.5,CLE,24,FS,60,39,7,149,1,31.25,25,2,0,5,0,0,3.0,228,189,39,11,4,0,2008
Bruce Thornton,277.0,SFO,25,LCB,12,11,2,0,0,0.0,8,0,0,0,0,0,0.0,41,37,4,0,0,0,2005
Bryan Scott,214.5,NOR,25,DB,56,35,4,40,0,10.0,18,5,0,3,1,0,3.5,249,214,35,10,0,0,2006
Bryant McFadden,340.0,PIT,27,RCB,51,18,7,89,1,22.25,30,1,0,6,9,0,2.0,143,127,16,3,2,0,2008
Buster Skrine,199.5,CLE,25,RCB,64,37,6,44,0,10.0,47,0,0,1,0,0,1.0,235,196,39,5,2,0,2014
Byron Maxwell,620.5,SEA,26,RCB,47,17,6,29,0,6.75,26,3,0,4,12,0,0.0,82,68,14,1,0,0,2014
C.B. Bryant,1004.0,ARI,24,DB,3,0,0,0,0,0.0,0,0,0,0,0,0,0.0,2,1,1,0,0,0,2016
C.C. Brown,220.25,HOU,25,DB,50,47,3,14,0,3.5,16,4,0,4,19,0,1.0,256,197,59,5,2,0,2008
C.J. Wilson,772.4,CAR,25,DB,38,2,0,0,0,0.0,4,0,0,1,0,0,1.0,46,36,10,2,4,0,2010
Caleb Campbell,947.0,DET,26,DB,2,0,0,0,0,0.0,0,0,0,0,0,0,0.0,3,2,1,0,0,0,2010
Calvin Lowry,492.33,DEN,25,DB,43,14,2,18,0,5.67,14,1,0,0,0,0,0.0,93,68,25,0,0,0,2008
Calvin Pryor,404.75,JAX,25,DB,46,38,2,47,0,7.25,14,2,0,0,0,0,0.5,193,132,61,7,2,0,2017
Captain Munnerlyn,200.0,CAR,24,LCB,61,34,5,144,3,27.75,27,3,5,4,0,0,2.0,207,170,37,3,2,0,2012
Carey Scott,976.0,OAK,25,DB,5,0,0,0,0,0.0,0,0,0,0,0,0,0.0,2,2,0,0,0,0,2003
Carlos Rogers,226.0,WAS,27,RCB,50,41,6,148,1,29.25,52,3,0,1,0,0,0.0,209,181,28,6,0,0,2008
Cary Harris,952.5,BUF,23,DB,6,1,2,7,0,3.5,2,1,0,0,0,0,0.0,6,5,1,0,0,0,2010
Cary Williams,491.0,BAL,27,RCB,38,17,0,0,0,0.0,19,4,0,0,0,0,0.0,104,81,23,1,0,0,2011
Casey Hayward,322.5,GNB,26,DB,51,20,9,194,1,26.5,34,1,0,2,49,1,0.0,168,134,34,6,3,0,2015
Cedric Griffin,98.25,MIN,27,RCB,62,54,7,0,0,0.5,40,11,1,3,46,1,0.0,304,265,39,9,0,0,2009
Chad Williams,268.0,BAL,26,DB,64,5,8,320,3,64.5,24,5,0,4,2,0,4.5,177,154,23,15,0,0,2005
Charles Godfrey,139.5,CAR,26,SS,58,57,9,170,0,21.75,25,7,0,2,0,0,2.0,275,224,51,6,6,0,2011
Charles Mitchell,1054.0,ATL,23,DB,10,0,0,0,0,0.0,0,0,0,0,0,0,0.0,2,1,1,0,0,0,2012
Charles Tillman,100.5,CHI,25,LCB,53,49,14,231,1,35.0,47,8,0,3,44,1,2.0,308,270,38,10,1,0,2006
Charlie Peprah,842.5,ATL,26,DB,39,1,0,0,0,0.0,0,2,0,0,0,0,0.0,27,24,3,0,0,0,2009
Chevis Jackson,381.5,ATL,24,DB,31,3,1,95,1,47.5,7,1,0,1,0,0,1.0,60,52,8,3,2,0,2009
Chimdi Chekwa,616.25,OAK,26,DB,32,4,0,0,0,0.0,4,1,0,1,0,0,0.0,51,44,7,2,1,0,2014
Chip Vaughn,1148.0,IND,25,DB,3,0,0,0,0,0.0,0,0,0,0,0,0,0.0,1,1,0,0,0,0,2010
Chris Cash,348.67,ATL,25,DB,30,17,2,11,0,3.67,16,2,1,2,0,0,0.0,144,126,18,5,0,0,2005
Chris Conte,209.0,CHI,25,FS,57,52,9,124,0,18.75,21,2,0,1,0,0,0.0,230,179,51,4,0,0,2014
Chris Cook,376.75,MIN,26,RCB,34,29,0,0,0,0.0,14,0,0,0,0,0,1.0,123,101,22,3,1,0,2013
Chris Crocker,224.75,ATL,26,FS,60,38,4,83,1,18.0,18,2,0,1,0,0,5.0,223,168,55,9,1,0,2006
Chris Culliver,215.0,SFO,26,RCB,46,20,7,88,0,18.67,33,2,0,2,35,1,0.0,129,113,16,0,0,0,2014
Chris Gamble,127.25,CAR,24,LCB,61,56,17,205,2,23.5,45,3,3,4,0,0,1.0,264,230,34,11,1,0,2007
Chris Greenwood,713.0,DET,24,DB,3,0,0,0,0,0.0,0,0,0,0,0,0,0.0,6,6,0,0,0,0,2013
Chris Harris,127.75,CAR,26,SS,56,51,7,109,0,26.5,21,10,1,6,54,0,1.0,278,229,49,9,0,0,2008
Chris Hope,245.0,PIT,25,FS,62,32,4,101,0,24.0,11,2,0,2,6,0,0.0,249,179,70,3,0,0,2005
Chris Horton,414.33,WAS,26,DB,29,15,3,13,0,3.33,8,1,0,2,5,0,1.0,122,91,31,8,3,0,2010
Chris Houston,165.5,DET,26,LCB,59,52,4,14,1,3.5,46,2,0,2,4,0,0.0,221,197,24,3,0,0,2010
Chris Johnson,218.0,STL,26,DB,13,1,0,0,0,0.0,4,1,2,1,0,0,0.0,45,42,3,3,0,0,2005
Chris Owens,385.5,ATL,26,DB,59,12,3,26,0,6.5,12,1,0,1,0,0,1.0,126,100,26,3,2,0,2012
Chris Prosinski,479.5,2TM,27,DB,56,9,1,6,0,1.0,6,0,0,1,0,0,0.0,100,78,22,1,0,0,2014
Chris Roberson,1088.5,DET,25,DB,7,0,0,0,0,0.0,0,0,0,0,0,0,0.0,3,2,1,0,0,0,2008
Chris Rucker,363.0,IND,23,DB,15,4,0,0,0,0.0,2,0,0,1,-1,0,0.0,37,26,11,1,0,0,2011
Chris Thompson,766.0,CHI,23,DB,12,1,0,0,0,0.0,0,0,0,1,0,0,0.0,10,7,3,0,0,0,2005
Chris Young,978.0,DEN,24,DB,21,0,0,0,0,0.0,0,0,0,0,0,0,0.0,8,5,3,0,0,0,2004
Christian Morton,799.33,CAR,25,DB,14,3,1,8,0,2.67,4,0,0,1,14,0,0.0,23,18,5,0,0,0,2006
Chuck Clark,321.5,BAL,25,SS,63,30,3,17,0,4.25,16,4,1,3,66,1,2.5,203,130,73,5,7,0,2020
Chykie Brown,525.75,2TM,28,DB,54,6,0,0,0,0.0,9,0,0,0,0,0,0.0,80,66,14,1,0,0,2014
Cody Grimm,560.0,TAM,25,DB,23,12,2,24,1,4.33,3,1,0,0,0,0,0.0,73,56,17,0,0,0,2012
Colin Branch,454.33,CAR,26,DB,48,19,4,79,0,25.33,9,0,0,0,0,0,0.0,86,67,19,2,0,0,2006
Colin Jones,621.25,CAR,27,DB,60,2,0,0,0,0.0,3,1,0,2,0,0,1.0,54,43,11,4,2,0,2014
Cooper Taylor,810.0,NYG,25,DB,16,0,0,0,0,0.0,0,0,0,0,0,0,0.0,15,9,6,2,0,0,2015
Corey Graham,341.75,CHI,25,DB,61,10,1,6,0,1.5,9,1,0,1,0,0,0.0,163,142,21,3,1,0,2010
Corey Lynch,620.75,TAM,26,DB,52,8,3,20,0,5.0,8,0,0,0,0,0,0.0,72,52,20,4,3,0,2011
Corey Webster,307.5,NYG,26,RCB,57,31,5,99,1,22.75,44,6,0,2,4,0,2.0,150,141,9,4,1,0,2008
Corey White,393.75,2TM,25,DB,51,20,4,45,0,11.25,18,2,2,2,0,0,1.0,131,110,21,4,5,0,2015
Cortez Allen,284.5,PIT,26,LCB,55,18,6,76,1,18.25,34,3,0,2,21,0,0.0,162,135,27,4,9,0,2014
Cortland Finnegan,100.75,TEN,25,RCB,61,47,11,308,2,48.25,48,2,1,3,92,1,4.0,297,247,50,9,4,0,2009
Cory Bird,446.0,IND,26,DB,45,8,0,0,0,0.0,1,1,0,0,0,0,0.5,114,90,24,1,0,0,2004
Coty Sensabaugh,282.25,TEN,27,RCB,59,27,2,42,1,6.5,23,0,0,3,0,0,1.0,169,131,38,2,1,0,2015
Courtney Brown,784.0,DAL,24,DB,17,1,0,0,0,0.0,0,0,0,1,0,0,0.0,13,10,3,0,0,0,2008
Courtney Greene,540.67,JAX,25,DB,30,13,1,8,0,2.67,4,1,0,1,0,0,0.0,93,70,23,2,0,0,2011
Coy Wire,455.5,BUF,27,DB,57,19,0,0,0,0.0,3,1,0,1,0,0,5.0,160,117,43,10,0,0,2005
Coye Francies,895.33,OAK,26,DB,23,0,0,0,0,0.0,1,0,0,0,0,0,0.0,10,8,2,0,0,0,2012
Craig Steltz,560.75,CHI,25,SS,48,7,1,44,0,11.0,2,2,0,1,0,0,1.0,86,72,14,2,1,0,2011
Crezdon Butler,898.0,SDG,26,DB,24,0,0,0,0,0.0,0,2,0,0,0,0,0.0,8,7,1,0,0,0,2013
Curry Burns,710.0,WAS,25,DB,10,2,1,12,0,6.0,1,0,0,0,0,0,0.0,31,26,5,3,0,0,2006
Curtis Brown,552.67,PIT,25,DB,34,0,0,0,0,0.0,1,1,0,0,0,0,0.0,49,41,8,1,1,0,2013
Curtis Fuller,611.33,GNB,25,DB,35,2,1,3,0,1.0,5,0,0,0,0,0,0.0,61,41,20,0,0,0,2003
Curtis Marsh,770.0,PHI,24,DB,22,0,0,0,0,0.0,2,0,2,0,0,0,0.0,14,13,1,0,0,0,2012
Curtis Taylor,922.5,SFO,25,DB,12,0,0,0,0,0.0,0,0,0,0,0,0,0.0,7,6,1,0,0,0,2010
D.J. Campbell,715.5,MIA,24,DB,9,4,0,0,0,0.0,1,0,0,0,0,0,0.0,15,13,2,1,0,0,2013
D.J. Hayden,221.5,OAK,26,DB,45,25,3,0,0,0.0,26,3,0,0,0,0,1.0,179,160,19,6,0,0,2016
D.J. Moore,293.67,CHI,25,DB,42,3,10,128,2,25.33,22,1,1,0,0,0,1.0,118,95,23,8,6,0,2012
D.J. Swearinger,205.75,ARI,25,DB,59,35,6,44,0,9.25,19,5,0,3,12,0,3.0,229,179,50,11,6,0,2016
Da'Norris Searcy,259.5,BUF,26,SS,62,23,5,102,1,16.0,13,3,0,3,74,1,4.0,209,144,65,10,7,0,2014
DaJuan Morgan,691.0,IND,25,DB,30,2,0,0,0,0.0,0,0,0,2,0,0,0.0,42,40,2,3,1,0,2010
Daimion Stafford,415.5,TEN,25,SS,62,8,2,37,0,9.25,10,1,0,2,0,0,3.0,117,94,23,7,6,0,2016
Damen Wheeler,689.0,JAX,24,DB,5,0,0,0,0,0.0,0,0,0,0,0,0,0.0,10,8,2,0,0,0,2001
Danieal Manning,156.0,CHI,27,FS,61,40,6,136,0,31.25,19,7,2,4,4,0,2.0,273,220,53,4,4,1,2009
Daniel Bullocks,100.5,DET,25,SS,31,22,0,0,0,0.0,4,3,0,1,44,1,1.0,169,119,50,3,1,0,2008
Dante Hughes,605.0,SDG,25,DB,37,1,1,16,0,4.0,4,1,0,0,0,0,0.0,63,55,8,1,1,0,2010
Dante Wesley,553.0,CAR,26,DB,58,2,0,0,0,0.0,12,3,0,2,0,0,1.0,71,63,8,1,0,0,2005
Darcel McBath,713.25,SFO,27,DB,37,1,2,28,0,6.25,4,0,0,1,8,0,0.0,52,44,8,0,0,0,2012
Daren Stone,804.5,BAL,23,DB,20,0,0,0,0,0.0,1,0,0,1,0,0,0.0,14,12,2,0,0,0,2008
Darius Butler,361.75,IND,26,DB,53,18,7,192,3,35.5,28,1,0,2,0,0,0.0,121,104,17,0,0,0,2012
Darius Slay,199.0,DET,25,LCB,58,49,6,66,0,13.25,48,1,0,0,0,0,1.0,198,166,32,3,1,0,2016
Darnell Bing,980.0,DET,25,DB,5,0,0,0,0,0.0,0,0,0,1,0,0,0.0,5,4,1,0,0,0,2009
Darqueze Dennard,350.75,CIN,26,DB,55,10,3,119,1,24.75,11,1,0,0,0,0,3.0,169,121,48,3,3,0,2017
Darrell Stuckey,592.67,SDG,26,DB,42,0,0,0,0,0.0,1,2,0,3,7,0,0.0,45,35,10,0,0,0,2013
Darrelle Revis,197.75,NYJ,25,LCB,61,61,14,179,2,29.5,74,1,0,5,10,0,1.0,232,194,38,2,3,0,2010
Darrent Williams,96.5,DEN,24,RCB,27,23,6,145,2,55.5,19,2,5,4,12,0,1.0,140,125,15,5,0,0,2006
Darrick Vaughn,462.33,HOU,25,DB,48,0,1,0,0,0.0,5,0,4,3,0,0,0.0,79,63,16,3,0,0,2003
Dashon Goldson,306.5,SFO,26,FS,51,34,5,78,1,18.25,15,4,0,1,0,0,3.0,210,168,42,3,3,0,2010
Daven Holly,510.33,CLE,25,LCB,32,18,5,127,1,19.0,18,1,0,2,43,1,0.0,108,100,8,3,0,0,2007
David Amerson,124.25,OAK,25,LCB,62,50,8,73,2,17.25,59,2,0,0,0,0,0.0,233,203,30,3,1,0,2016
David Barrett,215.25,ARI,26,RCB,62,39,6,95,0,17.5,29,5,0,2,21,0,0.0,235,194,41,4,0,0,2003
David Bruton,559.25,DEN,25,DB,61,4,1,-2,0,-0.5,6,1,0,2,0,0,0.0,66,58,8,4,2,0,2012
David Gibson,522.75,TAM,26,DB,47,9,1,0,0,0.0,5,0,0,1,0,0,1.0,111,77,34,7,0,0,2003
David Irons,735.5,ATL,26,DB,20,0,0,0,0,0.0,0,0,0,1,4,0,0.0,17,16,1,0,0,0,2008
David Jones,571.75,JAX,25,LCB,49,12,1,0,0,0.0,10,1,0,1,12,0,0.0,90,76,14,0,0,0,2010
David Macklin,250.75,IND,25,DB,64,37,7,80,0,19.0,37,2,1,1,0,0,0.5,195,165,30,6,0,0,2003
David Pittman,691.0,BAL,24,DB,7,1,2,21,0,29.0,3,0,1,0,0,0,0.0,10,9,1,0,0,0,2007
David Young,798.0,NYJ,24,DB,5,0,0,0,0,0.0,0,0,0,0,0,0,0.0,5,5,0,0,0,0,2003
Davon House,512.75,GNB,25,DB,40,14,2,11,0,2.75,25,1,0,0,0,0,2.0,98,84,14,3,2,0,2014
Dawan Landry,253.5,BAL,27,SS,50,48,9,190,2,21.25,25,1,0,0,0,0,4.0,252,194,58,12,5,0,2009
DeAngelo Hall,180.25,ATL,24,LCB,57,55,17,438,2,51.5,48,3,3,5,167,2,0.5,230,202,28,6,0,0,2007
DeAngelo Smith,672.0,DET,23,DB,7,1,0,0,0,0.0,1,0,0,0,0,0,0.0,16,10,6,0,0,0,2009
DeJon Gomes,466.0,DET,24,DB,46,8,1,49,0,16.33,6,0,0,1,13,0,0.0,84,55,29,3,6,0,2013
DeJuan Groce,365.25,NOR,26,DB,54,20,3,7,0,1.75,17,2,5,1,0,0,0.0,125,116,9,7,0,0,2006
DeMarcus Van Dyke,925.0,PIT,24,DB,25,4,1,2,0,0.67,4,0,0,1,0,0,0.0,17,14,3,1,0,0,2013
Dee Milliner,739.33,NYJ,24,DB,21,14,3,31,0,6.33,19,0,0,0,0,0,0.0,63,50,13,1,0,0,2015
Dee Webb,548.0,JAX,22,DB,11,1,1,1,0,1.0,2,0,1,0,0,0,0.0,17,15,2,0,0,0,2006
Deltha O'Neal,330.25,DEN,26,RCB,61,36,15,191,2,19.0,39,1,12,4,6,0,0.0,177,152,25,3,0,0,2003
Demarcus Faggins,501.5,HOU,26,LCB,39,13,3,47,1,10.75,22,0,0,0,0,0,0.0,113,98,15,0,0,0,2005
Demetri Goodson,703.0,GNB,27,DB,26,3,0,0,0,0.0,2,0,0,0,0,0,0.0,30,22,8,0,1,0,2016
Demetrius McCray,404.0,JAX,24,DB,46,16,0,0,0,0.0,6,0,0,1,0,0,0.0,86,72,14,1,0,0,2015
Deon Grant,115.67,CAR,24,FS,48,48,11,137,0,26.0,41,1,0,2,0,0,2.0,216,178,38,7,0,0,2003
Derek Combs,802.0,GNB,24,DB,12,0,0,0,0,0.0,0,0,0,0,0,0,0.0,8,8,0,0,0,0,2003
Derek Cox,229.5,JAX,26,RCB,47,45,12,38,0,9.0,32,1,1,1,5,0,0.0,203,170,33,4,0,0,2012
Derek Pagel,772.5,NYJ,25,DB,19,0,0,0,0,0.0,0,0,0,0,0,0,0.0,15,13,2,0,0,0,2004
Derek Ross,486.33,MIN,24,DB,33,9,6,17,0,4.0,12,1,2,0,0,0,0.0,84,75,9,2,0,0,2004
Derrick Gibson,278.0,OAK,24,SS,47,25,3,25,0,6.67,13,1,1,1,0,0,1.0,150,123,27,5,0,0,2003
Derrick Martin,674.75,GNB,24,DB,42,4,2,3,0,0.75,7,0,0,1,0,0,0.0,71,57,14,0,0,0,2009
Derrick Strait,572.0,3TM,26,DB,29,5,0,0,0,0.0,1,0,0,1,0,0,0.0,71,56,15,2,0,0,2006
Desmond Trufant,204.75,ATL,26,RCB,57,57,7,28,0,7.0,48,3,0,4,54,1,3.0,204,168,36,4,4,0,2016
Devin McCourty,91.5,NWE,26,FS,61,61,15,201,0,30.5,52,6,1,1,44,0,1.0,320,245,75,12,1,0,2013
Dexter McDougle,913.0,2TM,26,DB,29,0,0,0,0,0.0,1,0,0,0,0,0,0.0,13,9,4,0,0,0,2017
Dexter Reid,637.33,IND,25,DB,39,3,0,0,0,0.0,4,2,0,2,0,0,0.0,46,35,11,0,0,0,2006
Dexter Wynn,660.5,HOU,26,DB,45,1,0,0,0,0.0,13,0,9,5,0,0,1.0,56,43,13,2,0,0,2007
Dezmen Southward,800.5,ATL,25,DB,19,0,1,-5,0,-2.5,2,0,0,0,0,0,1.0,24,17,7,1,2,0,2015
Dominique Barber,646.0,HOU,25,DB,39,7,1,3,0,0.75,5,0,0,2,48,1,1.0,57,48,9,1,2,0,2011
Dominique Franks,853.25,ATL,26,DB,48,4,3,40,0,10.0,9,0,1,0,0,0,0.0,30,22,8,0,3,0,2013
Dominique Rodgers-Cromartie,246.25,PHI,25,DB,61,46,13,320,4,45.0,67,3,2,1,0,0,1.0,165,155,10,4,1,0,2011
Domonique Foxworth,212.75,ATL,25,LCB,60,28,4,69,0,17.25,37,3,0,2,9,0,0.0,212,179,33,2,1,0,2008
Don Carey,408.67,DET,25,SS,29,16,3,58,0,11.67,7,0,0,0,0,0,0.0,105,76,29,5,2,0,2012
Don Jones,650.5,2TM,26,DB,56,0,0,0,0,0.0,0,1,0,0,0,0,0.0,40,35,5,0,0,0,2016
Donald Strickland,578.5,SFO,26,DB,22,15,2,43,0,6.0,6,2,0,0,0,0,0.0,92,68,24,0,0,0,2006
Donald Washington,605.33,KAN,25,DB,32,5,0,0,0,0.0,2,1,0,0,0,0,0.0,52,40,12,1,3,0,2011
Donnie Nickey,637.0,TEN,26,DB,59,6,0,0,0,0.0,1,0,1,1,-2,0,0.0,73,53,20,4,0,0,2006
Dontae Johnson,318.5,SFO,26,RCB,63,22,2,70,2,17.5,21,0,0,2,0,0,0.0,158,135,23,4,5,0,2017
Donte Nicholson,788.5,TAM,27,DB,14,0,0,0,0,0.0,0,0,0,0,0,0,0.0,11,11,0,0,0,0,2008
Donte Whitner,130.25,BUF,24,SS,53,50,4,143,1,28.75,12,2,0,0,0,0,1.0,313,228,85,10,3,0,2009
Drayton Florence,275.25,SDG,26,RCB,58,33,8,87,0,18.0,37,0,2,0,0,0,0.0,176,152,24,4,0,0,2006
Dre Kirkpatrick,415.25,CIN,26,LCB,51,20,6,53,2,12.75,28,0,0,1,9,0,1.0,127,110,17,1,1,0,2015
Drew Coleman,561.25,NYJ,26,DB,51,5,1,1,0,0.25,14,0,0,0,0,0,2.0,86,63,23,4,3,0,2009
Duke Williams,544.25,2TM,26,DB,58,10,1,34,0,8.5,5,1,0,3,22,1,1.0,91,73,18,4,7,0,2016
Dunta Robinson,128.5,HOU,25,LCB,57,57,11,162,1,20.25,48,5,0,1,0,0,4.0,294,243,51,9,1,0,2007
Duron Harmon,488.5,NWE,25,DB,63,12,7,154,0,33.0,12,1,0,2,-1,0,0.0,92,70,22,0,0,0,2016
Dustin Fox,928.0,BUF,26,DB,12,0,0,0,0,0.0,0,0,0,0,0,0,0.0,7,7,0,0,0,0,2008
Dwayne Goodrich,685.0,DAL,24,DB,11,1,0,0,0,0.0,1,0,0,0,0,0,0.0,8,8,0,1,0,0,2002
Dwayne Gratz,430.25,2TM,26,DB,43,25,3,75,1,18.0,12,2,0,0,0,0,0.0,119,91,28,1,0,0,2016
Dwight Lowery,360.25,JAX,25,SS,56,29,9,154,2,26.25,40,5,0,4,25,0,3.0,143,120,23,6,4,0,2011
Dwight Smith,206.25,TAM,26,SS,63,34,12,55,0,12.75,34,6,3,2,0,0,0.0,232,201,31,6,0,0,2004
E.J. Biggers,145.67,TAM,25,LCB,45,24,3,0,0,0.0,28,2,0,0,0,0,1.0,168,145,23,3,1,0,2012
E.J. Gaines,112.67,BUF,25,RCB,37,36,3,1,0,0.33,30,4,0,3,0,0,0.0,185,158,27,3,3,0,2017
Earl Thomas,86.75,SEA,24,FS,64,64,15,176,1,28.25,31,5,0,3,0,0,0.0,345,253,92,9,5,0,2013
Earl Wolff,507.5,PHI,25,DB,18,7,1,0,0,0.0,6,0,0,0,0,0,0.0,52,43,9,1,1,0,2014
Ed Reed,145.5,BAL,27,SS,58,57,22,680,2,60.5,53,4,3,2,44,1,4.0,271,227,44,19,0,0,2005
Ed Reynolds,395.5,CLE,25,FS,16,10,1,7,0,3.5,2,0,0,0,0,0,1.0,64,46,18,2,3,0,2016
Ellis Hobbs,234.0,NWE,25,RCB,63,49,9,87,0,20.5,41,1,3,5,47,1,2.5,201,165,36,6,2,0,2008
Ellis Lankster,602.67,NYJ,25,DB,32,1,2,0,0,0.0,7,2,0,2,0,0,1.0,50,44,6,2,2,0,2012
Eric Berry,46.67,KAN,25,SS,47,47,8,236,3,34.33,30,3,0,2,24,0,5.5,252,216,36,26,13,0,2013
Eric Frampton,621.0,MIN,26,DB,60,0,0,0,0,0.0,0,2,0,0,0,0,0.0,59,46,13,1,0,0,2010
Eric Green,266.0,ARI,26,RCB,51,33,2,14,0,3.5,32,2,0,2,0,0,0.0,169,152,17,3,1,0,2008
Eric Hagg,523.5,CLE,23,DB,22,4,0,0,0,0.0,2,0,0,1,0,0,0.0,33,30,3,0,2,0,2012
Eric Kelly,295.0,MIN,26,DB,48,23,3,33,0,14.0,9,1,0,0,0,0,0.0,161,136,25,2,0,0,2003
Eric King,613.5,TEN,26,DB,52,3,0,0,0,0.0,7,0,0,0,0,0,0.0,63,55,8,5,0,0,2008
Eric Pinkins,1112.5,NYG,25,DB,11,0,0,0,0,0.0,0,0,0,0,0,0,0.0,3,2,1,0,1,0,2016
Eric Reid,132.0,SFO,25,FS,57,57,8,205,0,34.75,30,2,0,2,0,0,1.0,251,204,47,1,8,0,2016
Eric Smith,405.25,NYJ,26,DB,55,14,4,7,0,1.75,17,0,0,2,0,0,0.0,149,103,46,6,3,0,2009
Eric Weddle,84.25,SDG,25,FS,60,45,6,111,2,18.75,28,0,0,1,86,1,4.0,359,296,63,17,7,0,2010
Eric Wright,137.75,CLE,25,LCB,59,55,9,205,1,35.25,47,2,1,4,9,0,1.0,249,225,24,8,5,0,2010
Erik Coleman,122.5,NYJ,25,DB,63,49,7,50,0,11.0,23,0,0,1,0,0,2.0,372,255,117,8,1,0,2007
Erik Olson,756.0,JAX,23,DB,14,0,0,0,0,0.0,0,0,0,0,0,0,0.0,7,5,2,0,0,0,2000
Etric Pruitt,866.5,SEA,24,DB,9,0,0,0,0,0.0,1,0,0,0,0,0,0.0,9,9,0,0,0,0,2005
Eugene Wilson,247.5,NWE,26,DB,51,49,9,69,0,8.5,25,2,0,3,0,0,0.0,223,170,53,2,1,0,2006
Fabian Washington,288.75,BAL,25,LCB,57,40,6,16,0,4.75,43,1,0,1,0,0,0.0,154,140,14,0,0,0,2008
Frank Walker,648.25,NYG,26,DB,41,9,5,165,1,34.25,9,1,0,0,0,0,0.0,71,62,9,1,0,0,2006
Fred Bennett,476.5,2TM,27,DB,49,17,5,73,0,14.0,21,4,0,1,0,0,0.0,125,106,19,1,0,0,2010
Fred Smoot,202.75,WAS,25,RCB,60,59,16,100,0,25.0,48,3,0,2,0,0,0.0,214,185,29,7,0,0,2004
Gary Baxter,231.5,BAL,26,RCB,54,46,5,74,0,16.75,42,2,1,0,0,0,3.0,255,217,38,14,0,0,2004
George Iloka,446.25,CIN,25,SS,51,44,5,57,0,6.75,20,2,0,1,0,0,0.0,189,124,65,4,3,0,2015
Gerald Alexander,413.0,2TM,26,DB,41,30,4,93,0,14.5,14,3,0,4,43,0,2.0,159,121,38,3,2,0,2010
Gerald Sensabaugh,453.75,JAX,25,SS,50,24,6,46,0,7.75,13,1,0,3,0,0,0.0,141,118,23,4,0,0,2008
Gerome Sapp,497.0,BAL,25,DB,58,3,0,1,0,0.25,1,0,0,1,0,0,0.0,95,79,16,0,0,0,2006
Gibril Wilson,68.0,NYG,26,FS,52,51,11,112,0,23.25,27,6,1,3,0,0,6.0,365,296,69,14,4,0,2007
Glenn Earl,282.0,HOU,25,SS,37,31,3,4,0,1.33,10,1,0,0,0,0,2.0,154,118,36,9,2,0,2006
Glover Quin,88.25,HOU,26,FS,63,60,5,34,0,8.0,47,3,0,3,3,0,1.0,314,250,64,14,2,0,2012
Greg Blue,680.0,DET,25,DB,20,2,0,0,0,0.0,1,0,0,1,0,0,0.0,23,18,5,2,0,0,2007
Greg Brooks,927.0,CIN,26,DB,16,0,0,0,0,0.0,0,0,0,0,0,0,0.0,9,7,2,0,0,0,2006
Greg Toler,352.33,ARI,27,DB,38,15,5,168,2,56.0,20,2,1,1,0,0,1.0,128,118,10,3,1,0,2012
Greg Wesley,68.25,KAN,25,SS,61,61,16,305,0,33.75,34,4,0,4,0,0,6.0,340,288,52,16,0,0,2003
Guss Scott,554.5,2TM,25,DB,11,2,0,0,0,0.0,0,0,0,0,0,0,0.0,43,32,11,2,0,0,2006
Ha Ha Clinton-Dix,42.25,GNB,25,FS,64,58,11,91,0,10.25,22,2,0,1,0,0,4.5,351,275,76,7,6,0,2017
Hamza Abdullah,724.0,DEN,25,DB,24,8,0,0,0,0.0,5,3,0,1,0,0,0.0,62,50,12,0,0,0,2008
Hanik Milligan,574.0,ARI,27,DB,46,0,0,0,0,0.0,2,0,0,0,0,0,0.0,55,43,12,0,0,0,2006
Hank Poteat,685.0,TAM,26,DB,42,0,0,0,0,0.0,1,0,8,3,0,0,0.0,43,38,5,0,0,0,2003
Harold Blackmon,977.0,SEA,24,DB,7,0,0,0,0,0.0,1,0,0,1,0,0,0.0,3,1,2,0,0,0,2002
Harrison Smith,93.75,MIN,26,FS,53,52,12,276,4,44.0,25,3,0,2,0,0,5.5,320,241,79,13,13,0,2015
Haruki Nakamura,642.75,BAL,25,DB,56,0,0,0,0,0.0,3,1,0,0,0,0,0.0,52,47,5,0,1,0,2011
Idrees Bashir,241.75,IND,26,FS,51,51,5,13,0,3.25,15,3,0,3,0,0,0.0,234,165,69,3,0,0,2004
Ike Charlton,467.25,NYG,26,DB,53,3,2,43,1,9.5,7,4,1,0,0,0,2.0,94,83,11,2,0,0,2003
Ike Taylor,304.0,PIT,26,LCB,61,28,4,34,0,8.5,38,0,2,3,8,0,0.0,208,172,36,2,1,0,2006
Isaiah Frey,391.0,2TM,24,DB,27,7,0,0,0,0.0,2,2,0,1,0,0,0.0,73,51,22,2,2,0,2014
J.J. Wilcox,230.5,DAL,25,DB,58,38,5,78,0,19.5,15,2,1,3,11,0,0.0,214,158,56,1,2,0,2016
J.R. Reed,525.67,PHI,25,DB,35,4,0,0,0,0.0,4,0,1,0,0,0,0.0,70,61,9,4,0,0,2007
Jabari Price,661.0,MIN,21,DB,14,0,0,0,0,0.0,0,0,0,0,0,0,0.0,10,9,1,0,0,0,2014
Jack Williams,612.0,2TM,24,DB,22,0,0,0,0,0.0,3,0,0,1,8,0,0.0,26,26,0,0,0,0,2009
Jackrabbit Jenkins,94.25,STL,27,RCB,60,58,10,279,5,36.25,48,3,3,2,2,1,1.0,256,229,27,5,1,0,2015
Jacoby Shepherd,718.33,2TM,24,DB,30,1,1,0,0,0.0,3,0,0,0,0,0,0.0,29,27,2,1,0,0,2003
Jacques Reeves,444.0,DAL,25,LCB,60,14,1,18,0,4.5,19,1,0,2,0,0,0.0,123,105,18,3,0,0,2007
Jaiquawn Jarrett,416.67,NYJ,25,SS,42,9,2,10,0,3.0,2,2,0,1,2,0,1.5,83,62,21,3,4,0,2014
Jairus Byrd,134.75,BUF,26,FS,62,57,18,324,2,39.0,27,10,0,5,0,0,2.0,308,223,85,12,3,0,2012
Jalil Brown,722.0,IND,27,DB,39,2,0,0,0,0.0,3,1,1,1,0,0,0.0,38,36,2,0,0,0,2014
Jamar Fletcher,511.25,SDG,25,DB,57,6,3,30,0,7.5,17,0,1,1,7,0,0.0,93,83,10,1,0,0,2004
Jamar Taylor,393.0,CLE,26,RCB,48,23,3,43,0,7.25,17,0,0,1,31,0,0.0,139,114,25,3,1,0,2016
Jamar Wall,1149.0,2TM,22,DB,2,0,0,0,0,0.0,0,0,0,0,0,0,0.0,1,1,0,0,0,0,2010
Jamarca Sanford,310.25,MIN,27,SS,57,31,2,69,0,13.0,10,5,0,4,3,0,1.0,193,138,55,4,4,0,2012
Jamell Fleming,411.0,KAN,26,DB,38,7,0,0,0,0.0,9,0,0,1,0,0,0.0,70,63,7,2,1,0,2015
James Boyd,749.5,JAX,25,DB,26,0,0,0,0,0.0,2,1,0,1,47,0,0.0,14,11,3,0,0,0,2002
James Sanders,341.5,NWE,25,FS,55,36,5,112,1,27.75,10,1,0,2,0,0,1.0,196,134,62,4,2,0,2008
Jamie Henderson,599.67,NYJ,24,DB,32,1,1,5,0,1.67,2,0,0,0,0,0,0.0,59,41,18,1,0,0,2003
Jarrad Page,287.25,KAN,25,FS,53,39,10,69,0,17.25,29,4,0,4,8,0,1.0,198,155,43,5,2,0,2009
Jarrod Cooper,582.0,2TM,26,DB,49,0,0,0,0,0.0,1,0,0,1,0,0,1.0,60,56,4,3,0,0,2004
Jason Allen,356.75,MIA,26,DB,63,12,5,24,0,5.5,11,1,0,1,0,0,0.0,140,123,17,0,0,0,2009
Jason David,219.25,NOR,25,RCB,61,55,11,86,1,20.5,45,2,1,4,65,1,0.0,202,175,27,3,0,0,2007
Jason Doering,391.33,IND,25,DB,47,7,0,0,0,0.0,0,0,0,1,0,0,0.0,106,78,28,1,0,0,2003
Jason McCourty,183.25,TEN,25,LCB,58,40,8,92,0,17.25,38,3,0,2,0,0,1.0,272,218,54,9,1,0,2012
Jason Shivers,1096.0,CHI,22,DB,1,0,0,0,0,0.0,0,0,0,0,0,0,0.0,1,1,0,0,0,0,2004
Jason Verrett,592.5,LAC,26,DB,25,22,5,68,1,17.0,19,0,0,1,0,0,0.0,80,72,8,2,1,0,2017
Jason Webster,261.5,SFO,26,DB,53,44,7,193,2,38.75,35,2,0,1,1,0,0.5,232,192,40,7,0,0,2003
Javier Arenas,320.5,ARI,26,DB,63,12,2,5,0,1.25,23,2,7,2,0,0,5.0,149,127,22,7,9,0,2013
Jaylen Watkins,652.5,PHI,26,DB,36,5,0,0,0,0.0,8,0,0,0,0,0,0.0,56,47,9,2,0,0,2017
Jayron Hosley,512.25,NYG,25,RCB,43,15,2,17,0,4.25,13,1,0,1,0,0,0.0,90,69,21,2,0,0,2015
Jeff Shoate,877.0,DEN,26,DB,14,0,0,0,0,0.0,0,0,0,0,0,0,0.0,11,8,3,1,1,0,2007
Jerametrius Butler,341.75,STL,26,LCB,57,31,9,87,0,13.75,32,1,0,3,2,0,0.0,182,165,17,2,0,0,2004
Jeremy Harris,952.0,WAS,24,DB,7,0,0,0,0,0.0,0,0,0,0,0,0,0.0,6,4,2,0,0,0,2015
Jeremy Lane,596.0,SEA,25,DB,41,6,2,60,0,13.5,12,1,1,0,0,0,0.0,66,46,20,3,1,0,2015
Jermaine Phillips,357.75,TAM,26,SS,52,30,2,41,0,10.25,9,1,0,3,20,0,1.0,164,127,37,8,0,0,2005
Jermale Hines,868.0,2TM,24,DB,10,0,0,0,0,0.0,0,0,0,0,0,0,0.0,6,3,3,0,0,0,2011
Jerome Carter,540.0,STL,25,DB,33,3,2,39,0,12.0,2,1,0,0,0,0,0.0,72,62,10,3,1,0,2007
Jerome Murphy,670.67,WAS,26,DB,33,0,1,19,0,6.33,3,1,0,1,0,0,0.0,41,33,8,2,0,0,2013
Jerraud Powers,211.0,IND,25,RCB,42,42,6,31,1,6.25,33,1,0,1,4,0,0.0,210,165,45,12,0,0,2012
Jerron McMillian,503.5,GNB,24,DB,28,2,1,0,0,0.0,6,0,0,1,3,0,0.0,42,30,12,1,1,0,2013
Jimmie Ward,272.25,SFO,26,FS,42,24,2,37,1,9.25,21,1,0,2,43,0,2.0,162,137,25,7,2,0,2017
Jimmy Smith,315.25,BAL,26,RCB,47,29,5,79,0,15.75,32,3,1,0,0,0,0.0,140,121,19,2,0,0,2014
Jimmy Williams,523.43,ATL,23,DB,93,13,2,17,0,2.43,11,1,5,5,3,0,1.0,154,130,24,9,1,0,2007
Jimmy Wilson,286.5,MIA,28,FS,60,21,4,57,0,14.75,16,3,0,0,0,0,2.0,155,135,20,3,5,0,2014
Joe Burnett,626.0,PIT,23,DB,15,0,0,0,0,0.0,0,0,0,0,0,0,0.0,17,12,5,0,0,0,2009
Joe Haden,148.5,CLE,24,LCB,57,48,13,222,1,35.25,68,3,1,1,0,0,2.0,234,193,41,2,1,0,2013
Joe Jefferson,627.0,IND,25,DB,27,5,1,0,0,0.0,3,2,0,0,0,0,0.0,51,40,11,0,0,0,2005
Joey Thomas,579.0,2TM,25,DB,25,1,0,0,0,0.0,4,1,0,0,0,0,0.0,35,30,5,1,0,0,2005
John Bowie,1013.0,OAK,25,DB,5,0,0,0,0,0.0,0,0,0,0,0,0,0.0,2,2,0,0,0,0,2009
John Howell,477.75,TAM,26,FS,54,8,0,0,0,0.0,3,0,0,2,0,0,0.0,104,85,19,6,0,0,2004
John Keith,560.0,SFO,26,DB,22,8,1,0,0,0.0,2,4,0,0,0,0,1.0,60,42,18,3,0,0,2003
John Wendling,567.0,DET,27,DB,62,0,1,0,0,0.0,1,0,0,1,0,0,0.0,80,62,18,0,0,0,2010
Johnathan Cyprien,15.25,JAX,26,SS,60,60,2,75,0,18.75,15,4,0,2,0,0,2.0,452,340,112,10,4,0,2016
Johnathan Joseph,197.75,CIN,25,LCB,55,46,11,190,2,24.0,68,2,0,3,72,1,0.0,231,184,47,6,1,0,2009
Johnny Patrick,481.0,SDG,25,DB,37,5,1,0,0,0.0,4,1,0,0,0,0,1.5,68,62,6,2,4,0,2013
Johnthan Banks,389.75,3TM,27,DB,54,39,7,102,1,12.5,17,0,0,0,0,0,0.0,136,113,23,2,1,0,2016
Jon McGraw,414.0,DET,26,DB,41,10,3,0,0,0.0,7,1,0,1,0,0,0.0,134,101,33,2,0,0,2005
Jonathan Dowling,821.0,OAK,23,DB,7,0,0,0,0,0.0,0,0,0,0,0,0,0.0,4,4,0,0,0,0,2014
Jonathan Meeks,760.67,BUF,27,DB,38,0,0,0,0,0.0,1,1,0,1,0,0,0.0,31,22,9,0,0,0,2016
Jonathan Nelson,753.0,CAR,23,DB,2,1,1,20,0,20.0,1,0,0,0,0,0,0.0,9,6,3,0,0,0,2011
Jonathan Wade,406.75,2TM,26,DB,59,13,2,10,0,2.5,12,0,0,1,10,0,0.0,119,104,15,4,5,0,2010
Jonathan Wilhite,390.75,DEN,27,DB,54,15,4,35,0,8.75,11,0,0,1,0,0,2.0,123,104,19,3,4,0,2011
Jonte Green,548.5,DET,24,DB,24,7,1,18,0,9.0,7,0,0,0,0,0,1.0,38,29,9,8,15,0,2013
Jordan Poyer,395.5,CLE,25,FS,48,10,2,24,0,3.0,6,1,1,1,4,0,1.0,124,92,32,2,2,0,2016
Jordan Pugh,672.0,WAS,25,DB,44,3,2,14,0,3.5,5,1,0,0,0,0,1.0,51,44,7,4,2,0,2013
Jorrick Calvin,1026.0,PHI,23,DB,12,0,0,0,0,0.0,0,0,2,1,0,0,0.0,1,1,0,0,0,0,2010
Josh Barrett,582.0,NWE,27,DB,25,7,1,34,0,11.33,4,0,0,0,0,0,0.0,49,38,11,2,0,0,2011
Josh Bullocks,154.0,NOR,25,FS,62,49,6,94,0,23.5,27,4,0,0,0,0,1.0,256,208,48,2,5,0,2008
Josh Bush,641.5,DEN,26,DB,45,1,2,18,0,4.5,2,2,0,0,0,0,0.0,44,38,6,1,0,0,2015
Josh Evans,405.75,WAS,25,DB,49,37,0,0,0,0.0,5,1,0,3,-2,0,0.0,202,146,56,4,0,0,2016
Josh Gattis,1033.0,CHI,23,DB,4,0,0,0,0,0.0,0,0,0,0,0,0,0.0,1,1,0,0,0,0,2007
Josh Norman,342.0,CAR,28,RCB,53,38,7,172,2,20.25,36,4,1,3,12,0,0.0,181,139,42,4,0,0,2015
Josh Robinson,365.75,MIN,24,DB,47,21,5,90,0,16.75,15,1,0,0,0,0,0.0,156,140,16,3,1,0,2015
Josh Thomas,706.75,3TM,25,DB,43,10,1,0,0,0.0,11,0,1,2,4,0,0.0,66,51,15,1,0,0,2014
Josh Wilson,317.0,BAL,25,RCB,54,33,9,273,4,38.0,36,3,5,5,43,0,2.0,171,155,16,7,6,0,2010
Joshua Holsey,929.0,WAS,24,DB,13,0,0,0,0,0.0,0,0,0,1,0,0,0.0,4,4,0,0,0,0,2018
Joshua Moore,1102.0,CHI,22,DB,3,0,0,0,0,0.0,0,0,0,0,0,0,0.0,1,1,0,0,0,0,2010
Julian Battle,609.0,KAN,23,DB,26,1,0,0,0,0.0,3,0,0,0,0,0,0.0,24,24,0,0,0,0,2004
Justin Bethel,394.75,ARI,25,RCB,64,5,2,21,1,5.25,9,3,0,4,-3,0,0.0,105,94,11,0,2,0,2015
Justin Gilbert,670.67,PIT,25,DB,35,3,1,23,1,7.67,9,0,0,0,0,0,0.0,42,36,6,0,1,0,2016
Justin King,314.67,STL,24,LCB,35,19,1,51,0,17.0,9,1,0,1,0,0,1.0,113,98,15,7,7,0,2011
Justin Miller,664.75,2TM,24,DB,42,12,0,0,0,0.0,8,1,6,2,0,0,0.0,99,81,18,1,0,0,2008
Justin Rogers,589.75,WAS,26,DB,38,7,3,14,0,3.5,14,0,1,0,0,0,0.0,77,65,12,3,0,0,2014
Justin Tryon,576.0,2TM,27,DB,47,8,1,3,0,0.75,11,0,0,1,0,0,1.0,85,68,17,2,1,0,2011
Kam Chancellor,154.75,SEA,25,SS,63,47,7,105,0,10.25,24,5,0,3,0,0,2.0,320,232,88,10,3,0,2013
Kareem Jackson,154.25,HOU,25,LCB,61,58,7,94,1,21.5,42,2,0,1,0,0,0.0,222,193,29,5,0,0,2013
Kareem Larrimore,646.5,DAL,25,DB,19,6,0,0,0,0.0,2,2,0,0,0,0,0.0,25,19,6,1,0,0,2001
Kareem Moore,422.67,WAS,26,FS,42,13,2,19,0,6.33,8,2,1,2,13,0,0.0,115,77,38,0,0,0,2010
Karl Paymah,458.75,DEN,26,DB,60,5,3,13,0,3.25,12,0,0,2,0,0,0.0,101,89,12,1,0,0,2008
Kayvon Webster,497.0,DEN,25,DB,54,2,1,10,0,2.5,14,1,0,0,0,0,0.0,83,76,7,2,0,0,2016
Keenan Lewis,546.5,PIT,26,LCB,45,17,1,9,0,2.25,29,2,0,0,0,0,0.0,120,95,25,2,0,0,2012
Keith Lewis,471.75,SFO,26,DB,60,13,3,26,0,6.5,7,2,0,2,23,0,1.0,139,103,36,4,2,0,2007
Keith McGill,692.5,OAK,28,DB,54,3,0,0,0,0.0,2,0,0,3,18,1,0.0,40,34,6,2,0,0,2017
Keith Reaser,650.0,2TM,26,DB,30,0,0,0,0,0.0,7,2,0,0,0,0,1.0,38,34,4,2,1,0,2017
Keith Smith,378.0,DET,27,DB,61,5,4,66,1,16.5,13,1,0,2,0,0,1.0,143,114,29,2,0,0,2007
Keith Tandy,551.0,TAM,26,DB,54,7,4,45,0,5.75,5,1,0,1,0,0,1.0,93,70,23,4,2,0,2015
Keiwan Ratliff,522.75,2TM,26,DB,52,8,3,52,0,8.75,10,2,3,4,0,0,0.0,107,86,21,4,1,0,2007
Kelly Jennings,266.75,SEA,27,RCB,64,30,1,0,0,0.0,35,1,0,2,13,0,0.0,170,150,20,1,1,0,2009
Kelvin Hayden,286.75,IND,25,LCB,57,27,6,152,1,26.25,24,3,1,2,26,1,0.0,191,158,33,2,0,0,2008
Kemal Ishmael,404.75,ATL,25,DB,49,19,5,121,1,26.75,11,1,0,1,18,0,0.0,196,132,64,3,0,0,2016
Ken Hamlin,157.0,SEA,25,FS,54,52,8,113,0,15.75,30,4,0,1,0,0,4.0,300,239,61,2,1,0,2006
Ken Lucas,128.25,SEA,25,RCB,62,47,11,140,1,23.0,60,3,1,4,27,0,0.0,263,229,34,6,0,0,2004
Kendrick Lewis,281.5,KAN,25,FS,53,50,7,166,1,20.75,22,3,0,1,0,0,0.0,171,139,32,3,3,0,2013
Kennard Cox,839.0,SEA,26,DB,27,0,0,0,0,0.0,2,0,0,1,0,0,0.5,20,13,7,1,3,0,2011
Kenneth Acker,320.0,KAN,25,DB,40,15,4,54,0,18.0,12,0,0,1,0,0,0.0,105,92,13,2,0,0,2017
Kenny Phillips,251.75,NYG,25,SS,49,35,8,72,0,13.25,23,1,0,3,25,0,0.0,239,183,56,3,4,0,2011
Kenny Vaccaro,86.5,NOR,25,SS,56,55,5,104,0,26.0,23,4,0,2,8,0,6.0,325,235,90,16,17,0,2016
Kenoy Kennedy,299.5,DEN,26,SS,57,43,3,6,0,1.5,21,1,0,1,0,0,3.0,209,158,51,5,0,0,2003
Kerry Rhodes,80.5,NYJ,26,FS,64,64,12,172,0,27.75,35,6,0,4,44,1,9.0,357,273,84,21,10,0,2008
Kevin Barnes,616.33,WAS,25,DB,29,3,3,38,0,12.67,9,0,1,0,0,0,0.0,45,40,5,2,0,0,2011
Kevin Garrett,837.67,HOU,26,DB,24,1,0,0,0,0.0,4,0,0,0,0,0,0.0,26,20,6,2,0,0,2006
Kevin McCadam,566.75,ATL,26,DB,55,6,0,0,0,0.0,2,0,0,1,0,0,1.0,71,62,9,2,0,0,2005
Kevin Payne,453.67,CHI,26,SS,32,22,4,147,0,16.67,12,0,0,0,0,0,1.0,137,114,23,3,1,0,2009
Kevin Thomas,474.75,IND,25,LCB,47,8,1,31,0,7.75,13,1,0,1,0,0,1.5,116,82,34,1,0,0,2011
Keyon Nash,1070.0,OAK,25,DB,2,0,0,0,0,0.0,0,0,0,0,0,0,0.0,1,1,0,0,0,0,2004
Keyuo Craver,616.5,NOR,23,DB,22,1,0,0,0,0.0,2,0,1,1,38,1,0.0,26,23,3,0,0,0,2003
Kiwaukee Thomas,369.0,JAX,26,DB,59,9,0,0,0,0.0,17,1,0,2,0,0,4.0,130,120,10,6,0,0,2003
Ko Simpson,451.0,DET,26,SS,41,32,3,84,0,21.0,10,1,0,1,0,0,1.0,174,129,45,3,1,0,2009
Kris Richard,597.67,SEA,26,DB,38,1,0,0,0,0.0,2,1,1,0,0,0,1.0,54,47,7,1,0,0,2004
Kyle Fuller,107.33,CHI,25,RCB,48,46,8,105,0,15.33,41,3,0,0,0,0,0.0,188,159,29,5,0,0,2017
Kyle Wilson,325.5,NYJ,26,DB,64,28,3,18,0,3.75,16,1,3,2,0,0,0.0,136,118,18,2,1,0,2013
LaRon Landry,91.5,WAS,26,SS,56,56,4,30,0,6.25,32,5,0,4,15,0,4.0,335,256,79,14,14,0,2010
Lamar Chapman,686.5,CLE,25,DB,8,0,1,0,0,0.0,2,0,1,0,0,0,0.0,18,18,0,0,0,0,2001
Lamarcus Joyner,167.75,LAR,27,FS,52,27,3,104,1,11.5,22,2,0,1,0,0,4.0,227,178,49,9,5,0,2017
Lamont Brightful,979.0,MIA,25,DB,30,0,0,0,0,0.0,0,0,8,5,11,0,0.0,7,7,0,0,0,0,2004
Lamont Thompson,349.75,TEN,27,FS,61,29,6,81,1,10.25,12,2,0,0,0,0,1.0,178,143,35,2,0,0,2005
Lardarius Webb,246.0,BAL,27,LCB,51,25,8,121,1,28.25,41,2,4,5,0,0,2.0,181,157,24,7,6,0,2012
Larry Asante,752.0,TAM,23,DB,12,0,1,4,0,2.0,1,1,0,0,0,0,0.0,16,14,2,0,0,0,2011
Leodis McKelvin,382.5,BUF,26,RCB,51,29,5,95,1,23.75,25,2,7,4,0,0,0.0,144,118,26,2,0,0,2011
Leon Hall,155.0,CIN,26,RCB,64,58,18,169,1,27.5,71,5,0,1,0,0,0.0,260,208,52,5,2,0,2010
Leon McFadden,780.0,DAL,26,DB,34,2,0,0,0,0.0,2,0,0,0,0,0,0.0,35,25,10,4,1,0,2016
Leonard Myers,764.33,2TM,25,DB,17,1,0,0,0,0.0,2,0,0,0,0,0,0.0,25,22,3,0,0,0,2003
Lewis Sanders,527.33,CLE,25,DB,36,4,2,25,0,8.33,14,0,0,3,13,0,1.0,67,56,11,1,0,0,2003
Lito Sheppard,345.5,PHI,24,LCB,53,34,9,278,2,42.25,42,2,0,0,0,0,2.0,156,136,20,3,0,0,2005
Lloyd Harrison,501.0,SDG,24,DB,12,1,0,0,0,0.0,1,0,0,0,0,0,1.0,19,17,2,1,0,0,2001
Logan Ryan,182.0,NWE,25,RCB,64,40,13,167,1,37.5,41,4,0,0,0,0,2.5,243,190,53,5,6,0,2016
Lonnie Ballentine,850.0,HOU,22,DB,2,0,0,0,0,0.0,1,0,0,0,0,0,0.0,3,3,0,0,0,0,2015
Louis Delmas,177.0,DET,25,FS,49,49,3,130,1,25.25,16,2,0,4,61,1,3.0,267,191,76,16,10,1,2012
Madieu Williams,188.25,CIN,26,FS,49,45,9,126,1,28.25,34,3,0,3,-1,0,4.0,290,229,61,17,4,0,2007
Major Wright,204.0,CHI,25,SS,54,42,9,151,3,29.75,18,3,0,2,0,0,0.0,254,193,61,7,1,0,2013
Malcolm Jenkins,104.5,NOR,25,FS,57,49,4,174,2,41.25,31,4,0,4,30,1,2.0,291,232,59,5,9,0,2012
Malcolm Williams,1101.0,NWE,25,DB,2,0,0,0,0,0.0,0,0,0,0,0,0,0.0,2,1,1,0,0,0,2012
Marcus Cooper,393.5,ARI,26,RCB,54,24,7,127,1,20.0,33,1,1,1,0,1,0.0,136,127,9,0,0,0,2016
Marcus Gilchrist,163.75,SDG,26,SS,62,40,5,69,0,12.75,17,3,0,2,40,0,3.0,246,193,53,15,5,0,2014
Marcus Hamilton,755.0,2TM,24,DB,9,0,0,0,0,0.0,2,0,0,0,0,0,0.0,7,6,1,0,0,0,2008
Marcus Hudson,591.0,SFO,27,DB,48,0,0,0,0,0.0,3,1,0,3,-1,0,0.0,70,54,16,0,0,0,2009
Marcus McCauley,469.0,MIN,25,DB,26,10,0,0,0,0.0,8,0,0,0,0,0,0.0,69,58,11,2,0,0,2008
Marcus Trufant,74.75,SEA,26,RCB,62,62,9,169,0,20.0,65,3,0,1,31,0,2.0,311,275,36,9,0,0,2006
Mario Edwards,317.25,DAL,28,RCB,58,47,4,127,2,31.75,27,0,0,2,2,0,0.0,158,142,16,4,0,0,2003
Mark Roman,325.0,CIN,26,FS,50,27,2,1,0,0.25,18,3,0,3,-1,0,2.5,173,139,34,6,0,0,2003
Marlin Jackson,145.5,IND,25,RCB,52,32,3,40,0,10.0,14,2,1,2,21,0,0.5,281,217,64,6,3,0,2008
Marlon McCree,252.75,HOU,27,DB,60,39,9,258,1,45.5,21,2,0,2,2,0,2.0,208,160,48,6,0,0,2004
Marquand Manuel,418.0,SEA,26,FS,59,20,0,0,0,0.0,5,2,0,1,0,0,0.0,149,115,34,4,0,0,2005
Marques Anderson,340.25,2TM,26,DB,54,28,6,140,2,26.0,17,1,0,6,1,0,0.0,214,155,59,5,0,0,2005
Marqueston Huff,695.33,BAL,24,DB,41,1,1,23,1,7.67,4,0,0,1,0,0,1.0,36,25,11,2,1,0,2016
Marviel Underwood,382.0,GNB,23,DB,16,0,0,0,0,0.0,0,1,0,0,0,0,0.0,36,28,8,0,0,0,2005
Marvin White,498.0,CIN,27,DB,43,19,1,0,0,0.0,14,0,0,1,0,0,0.0,152,115,37,3,7,0,2010
Matt Bowen,356.25,WAS,27,FS,54,24,4,44,0,11.0,15,2,0,2,5,0,0.0,188,155,33,0,0,0,2003
Matt Elam,402.0,BAL,25,DB,41,26,1,18,0,6.0,7,1,0,2,7,0,0.5,131,89,42,6,3,0,2016
Matt Giordano,526.25,IND,26,DB,55,6,3,89,1,20.75,8,0,0,0,0,0,0.0,87,68,19,1,1,0,2008
Matt Ware,570.75,ARI,25,DB,57,1,0,0,0,0.0,6,2,0,2,9,0,0.0,69,60,9,0,0,0,2007
Maurice Alexander,466.0,LAR,26,DB,41,23,2,19,0,4.75,5,0,0,1,3,0,3.0,113,85,28,5,7,0,2017
Mel Mitchell,608.67,NOR,26,DB,44,0,0,0,0,0.0,0,0,0,0,0,0,0.0,46,42,4,0,0,0,2005
Micah Hyde,157.5,GNB,26,DB,63,33,8,56,0,13.5,24,2,4,5,0,0,4.0,227,184,43,8,4,0,2016
Michael Boulware,329.0,HOU,26,SS,64,28,11,177,1,26.0,23,4,0,1,32,0,3.0,189,146,43,6,0,0,2007
Michael Coe,832.33,2TM,27,DB,17,0,0,0,0,0.0,1,0,0,1,0,0,0.0,19,15,4,1,0,0,2010
Michael Green,123.33,CHI,27,SS,42,26,1,3,0,1.0,12,3,0,3,-1,0,4.5,246,200,46,10,0,0,2003
Michael Griffin,108.25,TEN,25,FS,64,57,15,228,1,29.25,37,6,1,5,20,0,2.0,324,247,77,10,12,0,2010
Michael Hamlin,761.5,2TM,25,DB,12,0,0,0,0,0.0,0,0,0,0,0,0,0.0,13,13,0,0,0,0,2010
Michael Hawkins,826.5,CLE,23,DB,18,1,0,0,0,0.0,2,0,0,0,0,0,0.0,15,13,2,0,0,0,2006
Michael Hawthorne,467.75,GNB,26,DB,42,9,3,8,0,2.0,9,0,0,1,0,0,1.0,101,81,20,2,0,0,2003
Michael Huff,170.0,OAK,26,FS,64,51,4,19,0,3.5,30,1,0,2,0,0,1.5,252,217,35,8,2,1,2009
Michael Jameson,619.33,CLE,25,DB,42,1,1,0,0,0.0,2,1,0,1,0,0,1.0,52,36,16,1,0,0,2004
Michael Johnson,479.33,NYG,26,DB,81,45,3,18,0,3.0,19,1,0,3,0,0,7.5,211,154,57,20,18,0,2010
Michael Lehan,572.0,MIA,27,DB,47,6,0,0,0,0.0,4,0,0,1,0,0,0.0,71,59,12,2,0,0,2006
Michael Stone,784.67,ARI,26,DB,37,0,0,0,0,0.0,0,0,0,0,0,0,0.0,29,22,7,0,0,0,2004
Michael Waddell,365.5,TEN,24,DB,32,5,1,0,0,0.0,6,0,3,2,33,0,0.5,72,60,12,1,0,0,2005
Mike Brown,70.75,CHI,25,FS,64,63,11,132,3,21.0,25,6,0,4,123,1,3.0,339,280,59,6,0,0,2003
Mike Doss,174.75,IND,25,DB,46,42,7,102,0,21.5,17,6,1,0,0,0,1.0,268,205,63,11,1,0,2006
Mike Echols,618.0,TEN,25,DB,9,0,0,0,0,0.0,0,0,0,0,0,0,0.0,32,24,8,0,0,0,2003
Mike Jenkins,303.0,DAL,26,RCB,58,46,8,22,1,5.5,40,1,0,0,0,0,0.0,147,137,10,1,0,0,2011
Mike Mitchell,384.75,OAK,25,DB,61,9,2,0,0,0.0,10,1,0,4,12,0,3.5,139,106,33,8,11,0,2012
Mike Richardson,775.0,IND,26,DB,22,1,0,0,0,0.0,0,1,0,0,0,0,0.0,32,28,4,0,0,0,2010
Mike Rumph,462.5,SFO,26,DB,36,19,3,19,0,3.0,14,2,0,0,0,0,2.0,130,115,15,7,0,0,2005
Mistral Raymond,583.67,MIN,26,DB,32,10,1,31,0,10.33,6,0,0,1,26,0,0.0,53,34,19,0,1,0,2013
Morgan Burnett,179.75,GNB,24,SS,49,49,6,1,0,0.25,23,4,0,6,37,1,3.0,339,238,101,6,6,0,2013
Morgan Trent,507.67,3TM,26,DB,36,3,3,17,0,7.33,11,0,0,2,0,0,1.0,70,54,16,2,5,0,2011
Morris Claiborne,406.5,DAL,25,RCB,40,36,3,-8,0,-2.0,22,1,0,3,50,1,0.0,125,102,23,1,1,0,2015
Myron Lewis,730.67,TAM,25,DB,28,1,0,0,0,0.0,3,0,0,0,0,0,0.0,20,20,0,0,0,0,2012
Nat Berhe,576.0,NYG,26,DB,38,2,0,0,0,0.0,1,1,0,1,0,0,1.0,48,36,12,1,2,0,2017
Nate Allen,135.75,PHI,26,SS,59,54,6,114,0,22.5,24,2,0,0,0,0,3.0,262,207,55,9,2,0,2013
Nate Clements,138.5,BUF,25,RCB,64,59,18,261,4,44.75,54,8,8,3,0,0,1.5,273,218,55,6,0,0,2004
Nate Ebner,683.0,NWE,27,DB,57,0,0,0,0,0.0,0,0,0,2,0,0,0.0,47,32,15,0,1,0,2015
Nate Jones,568.0,DAL,25,DB,51,1,0,0,0,0.0,2,1,0,0,0,0,2.0,79,65,14,3,5,0,2007
Nate Salley,821.0,CAR,24,DB,24,0,0,0,0,0.0,0,0,0,0,0,0,0.0,11,9,2,0,0,0,2008
Nathan Vasher,402.5,CHI,26,DB,50,37,17,367,2,39.5,35,2,0,1,12,0,1.0,137,114,23,2,2,0,2007
Nedu Ndukwe,199.75,CIN,25,FS,53,31,6,65,0,16.25,18,2,0,3,69,2,7.5,258,182,76,11,18,0,2010
Nevin Lawson,399.25,DET,26,RCB,48,40,0,0,0,0.0,20,1,0,1,44,1,0.0,152,129,23,0,1,0,2017
Nick Collins,123.0,GNB,25,FS,61,61,11,363,4,29.25,42,5,0,0,0,0,0.0,286,233,53,7,2,0,2008
Nick Schommer,922.0,TEN,24,DB,13,0,0,0,0,0.0,0,0,0,0,0,0,0.0,3,3,0,0,0,1,2010
Nnamdi Asomugha,255.0,OAK,25,LCB,62,39,8,59,1,6.0,36,1,0,1,0,0,2.0,184,160,24,6,0,0,2006
Nolan Carroll,384.0,MIA,26,RCB,58,26,5,25,0,6.25,23,1,0,0,0,0,3.0,135,120,15,4,2,0,2013
Norman LeJeune,1048.5,MIA,26,DB,7,0,0,0,0,0.0,0,0,0,0,0,0,0.0,2,2,0,0,0,0,2006
O.J. Atogwe,212.75,STL,27,FS,60,48,17,266,1,36.0,28,11,0,6,75,1,2.0,247,219,28,3,2,0,2008
Omar Bolden,611.5,DEN,27,DB,56,1,0,0,0,0.0,1,0,2,2,0,0,0.0,51,42,9,0,0,0,2015
Omare Lowe,784.0,ATL,27,DB,18,1,0,0,0,0.0,1,0,0,0,0,0,0.0,21,19,2,0,0,0,2005
Orlando Scandrick,212.25,DAL,24,RCB,61,16,3,40,1,10.0,27,1,0,1,15,0,6.5,182,166,16,13,9,0,2011
Pat Dennis,479.0,HOU,24,DB,30,13,1,0,0,0.0,13,1,0,2,-5,0,0.0,97,87,10,3,0,0,2002
Pat Lee,771.33,GNB,27,DB,32,1,0,0,0,0.0,1,0,0,0,0,0,0.0,23,19,4,0,0,0,2011
Pat Watkins,417.75,DAL,27,DB,49,10,4,45,0,6.0,10,1,0,1,53,0,0.0,123,99,24,0,0,0,2009
Patrick Chung,244.5,NWE,25,FS,50,30,7,125,1,20.0,19,1,0,0,0,0,3.0,239,163,76,9,5,0,2012
Patrick Peterson,151.75,ARI,24,LCB,64,64,15,154,1,26.25,49,0,14,9,59,0,2.0,211,194,17,3,2,0,2014
Patrick Robinson,447.0,NOR,26,DB,44,27,7,130,1,31.0,35,1,0,0,0,0,1.0,141,118,23,7,3,0,2013
Perrish Cox,436.67,2TM,26,DB,42,9,1,15,0,5.0,16,2,2,0,0,0,0.0,83,79,4,2,0,0,2013
Pete Hunter,533.33,DAL,24,DB,30,6,3,18,0,6.0,9,0,0,2,0,0,1.0,62,56,6,3,0,0,2004
Phillip Adams,556.5,OAK,25,DB,53,4,3,0,0,0.0,8,0,3,1,26,0,0.0,66,55,11,1,1,0,2013
Phillip Buchanon,302.5,HOU,25,LCB,46,32,11,326,4,46.75,28,2,9,8,0,0,0.0,159,142,17,6,0,0,2005
Phillip Gaines,432.25,KAN,26,DB,41,16,1,0,0,0.0,14,2,0,0,0,0,0.0,100,90,10,7,2,0,2017
Phillip Thomas,448.0,WAS,25,DB,8,4,0,0,0,0.0,0,0,0,1,2,0,0.0,27,19,8,0,0,0,2014
Pierre Desir,551.75,IND,27,RCB,33,13,1,0,0,0.0,15,0,0,0,0,0,0.0,81,63,18,0,0,0,2017
Prince Amukamara,245.75,NYG,25,RCB,44,35,6,62,0,8.5,33,2,0,1,0,0,0.0,198,170,28,5,0,0,2014
Quentin Jammer,120.25,SDG,26,LCB,62,52,6,32,0,8.0,52,1,0,1,2,0,0.0,274,230,44,5,0,0,2005
Quintin Demps,666.75,HOU,26,DB,36,0,3,59,0,13.5,8,1,1,0,0,0,1.0,56,46,10,1,2,0,2011
Quinton Carter,516.0,DEN,26,DB,30,10,0,0,0,0.0,1,1,0,0,0,0,2.0,78,63,15,2,2,0,2014
R.J. Stanford,639.0,MIA,25,DB,41,0,1,53,0,17.67,1,0,0,0,0,0,0.0,39,30,9,2,0,0,2013
Rahim Moore,205.5,DEN,24,FS,57,48,8,95,0,19.5,19,1,0,3,0,0,1.0,197,170,27,5,1,0,2014
Ralph Brown,486.0,NYG,25,RCB,35,9,3,70,1,16.0,11,1,0,1,31,0,1.0,87,66,21,2,0,0,2003
Ramon Walker,610.33,HOU,26,DB,36,1,0,0,0,0.0,0,0,0,1,0,0,0.0,41,37,4,0,0,0,2005
Ramzee Robinson,716.0,2TM,25,DB,26,0,0,0,0,0.0,1,0,0,1,0,0,0.0,37,29,8,0,0,0,2009
Ras-I Dowling,903.0,OAK,26,DB,12,2,0,0,0,0.0,1,0,0,0,0,0,0.0,11,8,3,1,0,0,2014
Rashad Barksdale,696.0,KAN,23,DB,6,0,0,0,0,0.0,0,0,0,0,0,0,0.0,8,8,0,0,0,0,2007
Rashad Bauman,619.5,CIN,26,DB,43,4,2,1,0,0.25,8,0,0,0,0,0,0.0,57,50,7,1,0,0,2005
Rashad Holman,366.67,SFO,25,DB,46,1,2,20,0,6.67,5,0,0,0,0,0,0.0,102,89,13,1,0,0,2003
Rashad Johnson,378.25,ARI,26,DB,57,14,3,94,1,15.0,10,1,0,2,-1,0,0.0,135,105,30,2,0,0,2012
Rashad Washington,634.5,NYJ,27,DB,47,0,0,0,0,0.0,2,0,0,0,0,0,1.5,80,54,26,1,1,0,2007
Rashard Anderson,312.5,CAR,24,LCB,27,9,1,0,0,0.0,6,1,0,3,97,1,0.0,75,68,7,1,0,0,2001
Rashean Mathis,106.75,JAX,26,LCB,64,64,20,267,1,29.25,67,1,0,2,0,0,0.0,277,241,36,9,0,0,2006
Rashidi Barnes,515.0,CLE,22,DB,14,0,0,0,0,0.0,0,0,0,0,0,0,0.0,21,15,6,0,0,0,2000
Raymond Walls,791.75,BAL,25,DB,34,1,1,0,0,0.0,5,0,0,1,0,0,0.0,39,33,6,1,0,0,2004
Reed Doughty,383.25,WAS,27,SS,45,16,1,13,0,3.25,6,0,0,1,0,0,2.5,177,133,44,7,3,0,2009
Reggie Austin,697.0,CHI,25,DB,18,4,2,0,0,0.0,5,0,0,0,0,0,0.0,23,18,5,0,0,0,2002
Reggie Corner,469.75,BUF,28,DB,55,13,2,4,0,1.0,21,1,0,1,-2,0,1.0,119,95,24,4,1,0,2011
Reggie Nelson,160.75,CIN,27,SS,61,48,9,139,0,23.25,27,3,2,1,0,0,1.0,242,205,37,2,7,0,2010
Reggie Smith,635.75,SFO,25,DB,45,7,2,31,0,7.75,7,0,2,2,0,0,0.0,65,60,5,2,2,0,2011
Renaldo Hill,237.0,ARI,26,LCB,55,32,8,125,1,18.75,31,2,0,2,0,0,4.5,200,171,29,13,0,0,2004
Reshad Jones,172.0,MIA,25,FS,60,46,7,54,1,10.25,19,2,1,3,24,0,5.5,289,224,65,12,11,0,2013
Reynaldo Hill,507.5,TEN,26,DB,48,26,6,108,1,15.75,16,1,0,1,0,0,0.0,133,99,34,5,7,0,2008
Ricardo Allen,110.0,ATL,26,SS,46,45,6,20,0,6.67,10,0,0,1,0,0,1.0,213,159,54,1,1,0,2017
Ricardo Colclough,697.0,PIT,24,DB,36,0,1,14,0,3.5,5,2,5,0,0,0,2.5,64,51,13,1,0,0,2007
Rich Gardner,698.0,TEN,24,DB,28,1,1,-1,0,-0.5,1,0,2,0,0,0,0.0,24,18,6,0,0,0,2005
Richard Crawford,528.0,WAS,22,DB,10,0,1,12,0,12.0,2,0,0,1,10,0,0.0,18,13,5,0,1,0,2012
Richard Marshall,51.0,CAR,25,RCB,64,30,11,224,2,35.5,39,2,1,8,25,0,4.0,333,291,42,17,6,0,2009
Richard Sherman,166.0,SEA,26,LCB,64,58,24,308,2,43.25,65,5,2,3,0,0,1.0,225,184,41,2,2,0,2014
Ricky Manning,207.25,CHI,26,RCB,63,32,14,212,2,30.25,32,4,1,6,11,1,2.0,221,183,38,8,0,0,2006
Robert Alford,241.0,ATL,28,LCB,57,45,9,131,2,27.5,54,1,1,2,-5,0,0.0,185,147,38,4,1,0,2016
Robert Bean,511.0,JAX,24,DB,32,8,1,0,0,0.0,12,1,0,1,10,0,0.0,75,67,8,4,0,0,2002
Robert Blanton,293.5,MIN,26,DB,60,17,1,1,0,0.25,5,0,0,1,0,0,0.0,214,148,66,0,0,0,2015
Robert Carswell,554.0,SDG,23,DB,16,0,0,0,0,0.0,0,0,0,1,0,0,0.0,17,14,3,0,0,0,2001
Robert Johnson,516.0,TEN,25,DB,12,3,1,2,0,2.0,1,0,0,0,0,0,0.0,20,14,6,3,0,0,2012
Robert McClain,265.0,ATL,25,RCB,47,11,1,32,0,10.67,16,2,1,4,28,0,1.0,142,122,20,3,5,0,2013
Roc Carmichael,582.0,PHI,25,DB,19,2,0,0,0,0.0,5,0,0,0,0,0,0.0,25,22,3,0,0,0,2013
Rod Wilson,592.5,CHI,26,DB,28,0,0,0,0,0.0,0,1,0,0,0,0,0.0,34,28,6,1,0,0,2007
Roderick Babers,896.5,DET,24,DB,7,0,0,0,0,0.0,0,0,0,0,0,0,0.0,10,8,2,0,0,0,2004
Rodregis Brooks,822.0,IND,23,DB,5,0,0,0,0,0.0,0,0,0,0,0,0,0.0,4,3,1,0,0,0,2001
Rogers Beckett,164.0,CIN,26,SS,64,38,4,26,0,6.5,14,4,0,1,1,0,4.0,271,216,55,7,0,0,2003
Roman Harper,125.25,NOR,27,SS,52,52,3,58,1,7.75,25,6,0,0,0,0,6.5,309,267,42,20,13,0,2009
Ron Bartell,218.25,STL,26,LCB,58,35,8,102,1,17.75,41,5,0,2,7,0,2.0,198,184,14,11,4,0,2008
Ron Brooks,499.25,BUF,27,DB,47,3,0,0,0,0.0,7,0,0,0,0,0,0.0,76,67,9,4,8,0,2015
Roosevelt Williams,589.0,CLE,25,DB,20,5,0,0,0,0.0,3,0,0,2,47,0,0.0,34,27,7,0,0,0,2003
Ross Cockrell,405.75,NYG,26,LCB,54,32,5,63,0,9.5,36,1,0,2,0,0,0.0,157,119,38,5,1,0,2017
Roy Williams,313.0,DAL,25,SS,78,76,12,264,3,40.6,38,9,1,5,0,0,6.5,351,288,63,18,0,0,2005
Ryan Mouton,482.0,TEN,26,DB,36,4,0,0,0,0.0,3,1,4,2,0,0,0.0,78,60,18,3,0,0,2012
Ryan Mundy,451.0,PIT,26,DB,48,2,1,5,0,1.67,6,2,0,1,0,0,0.0,92,61,31,1,0,0,2011
Ryan Murphy,1084.0,NYG,25,DB,3,0,0,0,0,0.0,0,0,0,0,0,0,0.0,1,1,0,0,0,0,2017
Sam Brandon,485.5,DEN,26,DB,55,12,1,0,0,0.0,13,1,0,2,0,0,0.0,117,85,32,2,0,0,2005
Sammy Davis,347.5,SFO,26,DB,57,31,3,52,0,11.25,30,1,0,0,0,0,1.0,154,125,29,3,0,0,2006
Sanders Commings,983.0,KAN,23,DB,2,0,0,0,0,0.0,0,0,0,0,0,0,0.0,1,1,0,0,0,0,2013
Scott Starks,531.33,JAX,24,DB,48,1,2,62,1,20.67,6,2,0,0,0,0,0.0,66,53,13,2,0,0,2007
Sean Considine,449.75,PHI,26,DB,46,17,2,12,0,3.0,8,1,0,2,0,0,1.5,156,112,44,4,4,0,2008
Sean Jones,228.33,CLE,25,SS,48,32,10,83,0,15.0,26,1,0,2,8,0,1.0,230,156,74,6,11,0,2007
Sean Smith,192.75,MIA,25,LCB,63,56,5,56,0,14.0,39,3,0,1,0,0,0.0,211,180,31,1,0,0,2012
Sean Taylor,132.0,WAS,24,FS,55,53,12,242,0,37.5,43,8,1,1,39,1,2.0,305,243,62,6,2,0,2007
Shamarko Thomas,637.0,PIT,25,DB,48,2,0,0,0,0.0,0,1,0,1,0,0,0.0,53,44,9,2,3,0,2016
Shane Walton,981.0,STL,24,DB,4,0,0,0,0,0.0,0,0,0,0,0,0,0.0,2,2,0,0,0,0,2003
Shann Schillinger,747.5,ATL,25,DB,31,0,0,0,0,0.0,0,0,0,0,0,0,0.0,19,13,6,0,0,0,2011
Shaquill Griffin,115.5,SEA,25,LCB,57,53,6,28,0,6.0,48,0,0,0,0,0,1.0,249,203,46,9,1,0,2020
Shareece Wright,385.75,SDG,27,RCB,44,27,1,41,0,10.25,20,1,0,0,0,0,0.0,137,129,8,4,0,0,2014
Shaun Prater,906.5,MIN,25,DB,19,3,1,30,0,15.0,1,0,0,0,0,0,0.0,10,7,3,0,0,0,2014
Shaunard Harts,386.25,KAN,26,FS,51,17,2,39,1,9.75,7,1,0,4,19,0,2.0,171,146,25,6,0,0,2004
Shawn Williams,470.25,CIN,25,SS,63,19,5,28,0,6.75,10,0,1,1,0,0,1.0,135,98,37,5,8,0,2016
Shawntae Spencer,173.5,SFO,25,DB,55,40,6,85,1,15.25,38,2,0,2,11,0,2.0,242,213,29,6,1,0,2007
Sheldon Brown,244.25,PHI,26,RCB,64,35,9,151,1,28.0,58,4,0,1,80,1,6.0,216,172,44,11,0,0,2005
Sherrick McManis,742.5,CHI,26,DB,50,1,1,1,0,0.25,2,1,1,1,0,0,0.0,35,25,10,0,0,0,2013
Sherrod Martin,292.0,CAR,28,DB,59,36,7,85,0,18.0,20,4,0,1,0,0,0.0,198,146,52,3,2,0,2012
Shiloh Keo,519.0,HOU,26,FS,42,11,2,5,0,1.67,7,0,0,0,0,0,0.0,82,66,16,0,0,0,2013
Siddeeq Shabazz,833.0,NOR,24,DB,28,0,0,0,0,0.0,0,0,0,1,0,0,0.0,20,18,2,0,0,0,2005
Stanford Routt,422.75,OAK,25,DB,62,22,4,37,0,9.25,16,0,0,0,0,0,1.0,111,99,12,1,0,0,2008
Stanley Jean-Baptiste,1058.0,BAL,27,DB,1,0,0,0,0,0.0,0,0,0,0,0,0,0.0,1,1,0,0,0,0,2017
Stanley Wilson,485.0,DET,25,RCB,32,9,0,0,0,0.0,8,1,0,0,0,0,0.0,89,64,25,0,0,0,2007
Stephon Gilmore,218.0,BUF,25,RCB,53,51,9,117,0,19.75,50,3,0,1,0,0,0.0,178,156,22,4,0,0,2015
Steve Williams,525.33,2TM,25,DB,32,4,2,6,0,2.0,9,2,0,1,0,0,1.0,48,45,3,0,1,0,2016
Stevie Brown,420.33,NYG,25,SS,39,12,8,307,0,23.33,13,2,0,2,9,0,0.0,111,93,18,3,1,0,2012
Stuart Schweigert,102.5,OAK,26,FS,63,42,4,45,0,10.75,20,2,0,4,3,0,0.0,316,257,59,1,0,0,2007
Syd'Quan Thompson,615.0,DEN,23,DB,13,0,2,20,0,18.0,4,0,3,1,0,0,0.0,18,12,6,0,0,0,2010
T.J. Carrie,203.25,OAK,27,RCB,60,37,3,44,0,11.0,31,3,2,5,0,0,0.0,205,171,34,5,2,0,2017
T.J. McDonald,127.75,LAR,25,SS,53,53,4,18,0,4.5,17,1,0,2,3,0,5.0,284,218,66,23,9,0,2016
T.J. Rushing,751.0,IND,26,DB,35,0,0,0,0,0.0,1,0,1,0,0,0,0.0,30,26,4,0,0,0,2009
T.J. Ward,132.5,CLE,27,SS,54,54,5,133,1,26.0,22,5,0,1,51,1,3.5,342,248,94,17,6,0,2013
Tanard Jackson,262.0,TAM,25,DB,46,46,8,137,2,21.5,24,5,0,5,21,0,1.0,204,180,24,6,1,0,2010
Tank Williams,178.5,TEN,25,SS,57,57,5,14,0,3.5,19,3,0,3,33,0,3.5,266,197,69,8,0,0,2005
Tarell Brown,488.0,SFO,25,DB,55,5,5,115,1,28.5,16,0,0,0,0,0,0.0,111,97,14,0,1,0,2010
Taurean Nixon,1086.0,DEN,25,DB,2,0,0,0,0,0.0,0,0,0,0,0,0,0.0,1,1,0,0,0,0,2016
Tavon Wilson,574.5,NWE,25,DB,54,4,5,161,1,29.75,10,0,0,2,0,0,0.0,79,60,19,1,2,0,2015
Tay Cody,595.0,SDG,26,DB,19,11,2,3,0,1.0,5,0,0,1,0,0,0.0,73,65,8,1,0,0,2003
Taylor Mays,524.25,CIN,25,DB,50,10,0,0,0,0.0,6,1,0,2,0,0,0.0,89,64,25,1,0,0,2013
Terence Newman,104.75,DAL,28,LCB,64,64,12,82,0,17.5,64,3,4,5,0,0,2.0,269,242,27,11,0,0,2006
Terrance Mitchell,415.33,KAN,25,RCB,30,11,5,38,0,0.0,27,1,0,0,0,0,1.0,85,75,10,0,1,0,2017
Terreal Bierria,383.5,SEA,24,SS,29,12,1,10,0,5.0,5,1,0,0,0,0,0.0,91,63,28,1,0,0,2004
Terrell Thomas,111.67,NYG,25,RCB,44,34,11,156,1,24.67,38,6,0,2,0,0,2.0,231,190,41,13,5,0,2010
Terrence Brooks,653.0,NYJ,25,DB,49,1,3,19,0,4.75,7,2,0,1,0,0,0.0,45,37,8,1,5,0,2017
Terrence Frederick,713.0,NOR,24,DB,5,3,0,0,0,0.0,0,0,0,0,0,0,0.0,19,17,2,2,0,0,2014
Terrence Holt,345.0,DET,26,FS,53,27,8,101,0,22.0,15,3,1,5,38,0,0.5,174,128,46,2,2,0,2006
Terrence Kiel,147.5,SDG,26,SS,59,51,4,46,0,11.5,22,2,0,3,6,0,2.0,278,218,60,7,0,0,2006
Terrence McGee,145.75,BUF,26,LCB,60,43,9,123,1,17.5,47,3,5,4,106,1,3.0,276,228,48,8,0,0,2006
Terrence Wheatley,990.5,NWE,24,DB,11,1,0,0,0,0.0,2,0,0,0,0,0,0.0,4,4,0,0,0,0,2009
Than Merrill,714.0,CHI,24,DB,15,0,0,0,0,0.0,0,0,0,0,0,0,0.0,7,7,0,0,0,0,2001
Tharold Simon,712.0,ARI,25,DB,19,5,1,0,0,0.0,3,0,0,0,0,0,0.0,19,15,4,0,1,0,2016
Thomas DeCoud,264.5,ATL,26,FS,58,47,8,102,0,16.0,17,4,1,1,0,0,2.0,235,186,49,5,5,0,2011
Tim Jennings,353.75,IND,26,LCB,53,21,4,22,0,4.75,20,3,1,2,0,0,0.0,161,132,29,6,0,0,2009
Tim Wansley,136.0,TAM,25,RCB,12,6,2,38,1,23.0,7,1,1,1,0,0,0.0,62,57,5,0,0,0,2003
Todd Franz,675.67,WAS,27,DB,25,1,0,0,0,0.0,1,0,0,1,0,0,0.0,48,36,12,1,0,0,2003
Todd Johnson,277.33,CHI,28,SS,42,18,0,0,0,0.0,5,1,0,1,0,0,0.0,145,118,27,1,0,0,2006
Tom Zbikowski,491.5,BAL,26,DB,53,14,2,13,0,5.25,4,0,0,0,0,0,1.0,88,75,13,2,2,0,2011
Tommie Campbell,712.25,JAX,27,DB,44,0,0,0,0,0.0,1,1,1,1,0,0,0.0,37,27,10,0,0,0,2014
Tony Beckham,626.75,TEN,27,DB,50,6,1,0,0,0.0,9,0,0,1,-2,0,0.0,57,48,9,0,0,0,2005
Tony Dixon,423.5,DAL,25,SS,56,15,1,0,0,0.0,8,2,0,0,0,0,6.0,126,107,19,5,0,0,2004
Tony Driver,916.0,BUF,25,DB,11,0,0,0,0,0.0,0,0,0,0,0,0,0.0,4,4,0,0,0,0,2002
Tony Scott,768.0,NYJ,25,DB,23,0,1,0,0,0.0,1,0,0,1,0,0,0.0,14,11,3,1,0,0,2001
Torrie Cox,541.33,TAM,26,DB,41,3,1,55,1,18.33,5,1,0,2,0,0,0.0,58,50,8,1,0,0,2006
Tracy Porter,236.25,NOR,25,RCB,43,39,7,95,1,19.25,32,4,0,3,2,0,1.0,195,159,36,10,2,0,2011
Travares Tillman,553.33,CAR,26,DB,35,10,1,0,0,0.0,5,1,0,1,17,0,0.0,64,49,15,0,0,0,2003
Travis Daniels,462.25,CLE,26,DB,51,26,3,31,0,7.75,19,0,0,1,0,0,0.0,132,96,36,5,2,0,2008
Travis Fisher,218.5,STL,26,RCB,47,44,7,235,2,26.0,28,2,0,3,0,0,0.0,194,179,15,0,0,0,2005
Tre Boston,289.0,LAC,25,FS,58,31,8,162,1,32.75,18,0,0,0,0,0,2.0,187,133,54,10,7,0,2017
Trent Robinson,478.67,WAS,25,SS,35,8,2,22,0,7.33,4,0,0,1,0,0,0.0,89,59,30,1,2,0,2015
Trevard Lindley,427.0,PHI,24,DB,11,1,1,8,0,8.0,1,0,0,1,0,0,0.0,23,22,1,1,0,0,2010
Trevin Wade,678.33,NYG,26,DB,31,3,0,0,0,0.0,8,1,0,2,5,1,0.0,69,55,14,3,5,0,2015
Troy Nolan,442.33,3TM,26,DB,38,7,3,35,0,6.67,9,0,0,1,0,0,1.5,93,71,22,3,2,0,2012
Troy Polamalu,131.5,PIT,25,SS,61,45,10,151,1,27.75,34,4,0,2,78,1,7.0,314,234,80,19,2,0,2006
Trumaine Johnson,184.5,STL,25,LCB,55,33,15,245,2,33.5,42,1,0,1,0,0,0.0,205,178,27,6,0,0,2015
Trumaine McBride,510.33,ARI,25,DB,46,10,1,0,0,0.0,8,1,0,1,0,0,0.0,68,58,10,1,0,0,2010
Tye Hill,410.75,ATL,27,DB,36,24,5,82,1,19.0,17,1,0,1,2,0,0.0,118,114,4,2,1,0,2009
Tyler Sash,675.0,NYG,24,DB,23,0,0,0,0,0.0,0,1,0,0,0,0,0.0,26,17,9,0,0,0,2012
Tyrann Mathieu,144.0,ARI,24,FS,50,41,9,117,1,13.5,34,3,0,1,9,0,3.0,230,213,17,22,11,0,2016
Tyrell Johnson,442.75,MIN,26,DB,49,27,2,0,0,0.0,10,0,0,2,7,0,0.0,123,98,25,2,0,0,2011
Tyrone Carter,183.5,NYJ,27,FS,62,31,3,50,0,9.0,15,1,0,1,46,1,1.0,244,197,47,1,0,0,2003
Tyrone Culver,498.67,MIA,26,DB,45,2,2,24,0,8.0,8,0,0,1,0,0,0.0,76,59,17,0,0,0,2009
Tyvon Branch,190.5,OAK,25,SS,56,48,3,51,0,12.75,15,3,1,4,76,1,6.0,346,266,80,20,8,0,2011
Usama Young,472.5,NOR,25,DB,52,6,3,27,0,6.75,14,0,0,2,7,0,1.0,106,92,14,2,1,0,2010
Victor Harris,569.5,WAS,24,DB,18,9,0,0,0,0.0,3,0,2,0,0,0,0.0,44,41,3,3,0,0,2010
Vincent Fuller,358.0,TEN,26,DB,48,1,2,137,2,25.33,8,2,0,1,0,0,1.0,107,86,21,7,9,0,2008
Vinnie Sunseri,864.0,SFO,25,DB,15,0,0,0,0,0.0,0,0,0,0,0,0,0.0,11,7,4,0,0,0,2016
Von Hutchins,493.5,HOU,26,DB,38,16,2,85,1,21.25,9,0,0,0,0,0,0.5,157,123,34,1,1,0,2007
Vontae Davis,176.75,IND,24,RCB,54,46,12,150,1,20.0,39,1,0,0,0,0,2.0,200,179,21,9,3,0,2012
Waine Bacon,596.0,IND,25,DB,11,0,1,0,0,0.0,3,0,0,0,0,0,0.0,16,13,3,2,0,0,2004
Walt Aikens,611.75,MIA,26,DB,62,3,1,43,0,10.75,1,1,0,0,0,0,0.0,61,47,14,0,0,0,2017
Walter McFadden,795.0,OAK,23,DB,4,0,0,0,0,0.0,0,0,0,0,0,0,0.0,6,5,1,0,0,0,2010
Walter Thurmond,569.75,SEA,26,DB,34,8,1,29,1,7.25,16,2,1,1,-2,0,1.0,85,67,18,5,2,0,2013
Will Allen,252.38,TAM,25,DB,195,142,16,140,0,9.92,122,9,0,9,34,1,5.0,676,570,106,23,6,0,2007
Will Blackmon,789.5,GNB,25,DB,32,2,0,0,0,0.0,1,2,4,5,0,1,0.0,41,36,5,0,0,0,2009
Will Davis,793.0,BAL,26,DB,20,0,1,0,0,0.0,5,0,0,0,0,0,0.0,30,26,4,0,0,0,2016
Will Peterson,1280.67,NYG,25,RCB,44,32,5,10,0,3.33,0,1,0,0,0,0,0.0,0,0,0,0,0,0,2004
Will Poole,411.0,MIA,23,DB,15,1,0,0,0,0.0,5,0,0,0,0,0,1.0,31,26,5,1,0,0,2004
William Bartee,256.5,KAN,26,DB,57,22,0,0,0,0.0,16,1,1,1,0,0,2.0,184,168,16,6,0,0,2003
William Gay,263.0,PIT,25,DB,64,22,1,12,0,3.0,30,2,1,1,0,0,3.0,192,162,30,11,11,0,2010
William Middleton,374.75,JAX,26,DB,49,12,2,13,0,3.25,5,0,1,0,0,0,1.0,125,108,17,4,2,0,2012
William Moore,371.75,ATL,27,SS,42,38,11,224,0,24.0,26,5,0,2,0,0,1.5,202,158,44,11,9,0,2012
Willie Andrews,765.0,NWE,24,DB,30,0,0,0,0,0.0,0,0,0,0,0,0,0.0,23,12,11,0,0,0,2007
Willie Middlebrooks,613.0,DEN,25,DB,51,2,0,0,0,0.0,6,0,0,1,0,0,1.0,70,56,14,1,0,0,2004
Willie Offord,596.0,MIN,27,DB,47,7,2,6,0,1.5,6,0,0,0,0,0,0.0,76,59,17,2,0,0,2005
Willie Pile,425.0,DAL,25,DB,32,6,0,0,0,0.0,2,0,0,0,0,0,0.0,67,50,17,1,0,0,2005
Winston Guy,611.0,IND,25,DB,33,5,0,0,0,0.0,2,1,0,0,0,0,2.0,49,36,13,2,2,0,2015
Xavier Rhodes,167.25,MIN,26,RCB,59,52,7,133,1,25.0,50,2,0,0,0,0,0.0,206,179,27,9,0,0,2016
Yeremiah Bell,459.0,MIA,28,SS,45,11,1,0,0,0.0,16,4,0,4,12,0,5.0,115,75,40,3,3,0,2006
Zackary Bowman,498.25,CHI,27,DB,46,16,7,67,0,9.75,11,3,1,3,0,1,0.0,114,101,13,1,1,0,2011
Zeke Motta,656.0,ATL,23,DB,10,1,0,0,0,0.0,1,0,0,0,0,0,0.0,16,8,8,0,0,0,2013
David Long,402.38,LAR,24,DB,102,36,5,10,0,1.25,21,2,0,0,0,0,0.0,307,204,103,15,5,0,2022
Nic Harris,407.0,CAR,24,DB,30,6,0,0,0,0.0,0,0,0,2,16,0,1.5,67,50,17,5,2,0,2010
Sabby Piscitelli,419.5,2TM,27,S,50,20,5,144,0,29.75,14,2,0,1,72,0,0.0,156,132,24,3,2,0,2010
Kevin Ellison,201.0,SDG,22,SS,13,9,0,0,0,0.0,3,0,0,0,0,0,1.0,52,43,9,3,2,0,2009
C.J. Wilson,680.33,CHI,24,DB,60,11,0,0,0,0.0,1,0,0,1,0,0,3.5,91,64,27,9,8,0,2013