Player,Rk,Age,G,GS,Win,Loss,Tie,Cmp,Att,Cmp%,Yds,TD,TD%,Int,Int%,1D,Lng,Y/A,AY/A,Y/C,Y/G,Rate,Sk,Yds.1,Sk%,NY/A,ANY/A,4QC,GWD,Lng_R,Fmb,Att_R,Yds_R,TD_R,1D_R,Y/A_R,Y/G_R,Rnd,Pick,Year,ConLenR,ConSalR,ConLen,ConSal,FTag,PPY,%Cap
A.J. Feeley,41.33,27.0,18.0,13.0,7.0,6.0,0.0,287.0,524.0,60.3,3047.0,19.0,7.1,21.0,4.83,153.0,39.33,7.37,6.6,12.0,161.2,83.7,30.0,184.0,3.47,6.94,6.21,3.0,4.0,6.5,12.0,26.0,19.0,1.0,2.0,0.7,1.1,5.0,155.0,2001.0,3.0,1.024,5.0,18.645,0.0,3.729,0.0354
A.J. McCarron,50.5,27.0,10.0,3.0,2.0,1.0,0.0,86.0,133.0,58.2,920.0,6.0,2.5,2.0,0.85,50.0,46.5,5.95,6.05,10.1,72.0,80.25,13.0,72.0,7.95,4.92,5.04,0.0,0.0,16.0,1.0,14.0,31.0,0.0,3.0,2.2,4.4,5.0,164.0,2014.0,4.0,2.401,2.0,10.0,0.0,5.0,0.0274
Aaron Rodgers,49.75,25.0,23.0,16.0,6.0,10.0,0.0,376.0,595.0,57.83,4367.0,29.0,2.2,14.0,2.17,198.0,36.5,5.62,5.1,9.4,101.53,71.95,43.0,301.0,12.05,4.11,3.67,1.0,2.0,12.0,13.0,67.0,254.0,4.0,26.0,4.2,8.8,1.0,24.0,2005.0,5.0,7.7,6.0,63.52,0.0,10.5867,0.0714
Alex Smith,34.33,23.0,32.0,30.0,11.0,19.0,0.0,435.0,800.0,52.57,4679.0,19.0,1.73,31.0,4.13,217.0,55.67,5.5,4.0,10.43,136.13,57.6,81.0,508.0,10.1,4.33,3.01,4.0,6.0,22.0,27.0,87.0,339.0,2.0,21.0,4.5,11.1,1.0,1.0,2005.0,6.0,53.5,2.0,6.5,0.0,3.25,0.0134
Alex Smith,34.33,23.0,32.0,30.0,11.0,19.0,0.0,435.0,800.0,52.57,4679.0,19.0,1.73,31.0,4.13,217.0,55.67,5.5,4.0,10.43,136.13,57.6,81.0,508.0,10.1,4.33,3.01,4.0,6.0,22.0,27.0,87.0,339.0,2.0,21.0,4.5,11.1,3.0,71.0,2005.0,5.0,2.895,1.0,0.63,0.0,0.63,0.0051
Andrew Luck,13.75,26.0,55.0,55.0,35.0,20.0,0.0,1224.0,2106.0,57.83,14838.0,101.0,4.83,55.0,2.8,724.0,77.5,6.95,6.67,12.03,269.65,83.72,115.0,722.0,5.12,6.28,6.01,9.0,13.0,23.25,32.0,222.0,1101.0,12.0,80.0,5.08,21.15,1.0,1.0,2012.0,4.0,22.107,5.0,122.97,0.0,24.594,0.1398
Andrew Walter,53.0,26.0,15.0,9.0,2.0,7.0,0.0,174.0,333.0,53.57,1919.0,3.0,0.37,16.0,3.6,92.0,32.67,5.03,3.47,9.43,93.27,53.7,51.0,295.0,7.87,4.07,2.7,0.0,0.0,12.5,15.0,19.0,49.0,0.0,3.0,2.95,6.0,3.0,69.0,2005.0,5.0,2.915,1.0,0.62,0.0,0.62,0.005
Andy Dalton,13.75,27.0,64.0,64.0,40.0,23.0,1.0,1301.0,2111.0,61.62,14758.0,99.0,4.65,66.0,3.1,689.0,76.5,6.97,6.5,11.32,230.6,85.03,120.0,695.0,5.33,6.3,5.84,10.0,13.0,16.5,15.0,205.0,624.0,11.0,58.0,3.12,9.75,2.0,35.0,2011.0,4.0,5.214,6.0,96.0,0.0,16.0,0.0944
B.J. Daniels,75.0,27.0,8.0,0.0,0.0,0.0,0.0,1.0,2.0,50.0,7.0,0.0,0.0,0.0,0.0,0.0,7.0,3.5,3.5,7.0,0.9,58.3,0.0,0.0,0.0,3.5,3.5,0.0,0.0,6.0,0.0,6.0,6.0,0.0,0.0,1.0,0.8,7.0,237.0,2013.0,4.0,2.206,2.0,1.1,0.0,0.55,0.0032
Baker Mayfield,18.25,26.0,60.0,59.0,29.0,30.0,0.0,1185.0,1924.0,61.62,14125.0,92.0,4.78,56.0,2.88,681.0,76.5,7.35,7.0,11.93,235.75,87.88,134.0,889.0,6.58,6.43,6.11,6.0,7.0,23.75,27.0,158.0,571.0,5.0,53.0,3.77,9.53,1.0,1.0,2018.0,4.0,32.682,0.0,0.0,0.0,0.0,0.0
Ben DiNucci,57.0,24.0,3.0,1.0,0.0,1.0,0.0,23.0,43.0,53.5,219.0,0.0,0.0,0.0,0.0,11.0,32.0,5.1,5.1,9.5,73.0,67.9,7.0,73.0,14.0,2.92,2.92,0.0,0.0,10.0,4.0,6.0,22.0,0.0,2.0,3.7,7.3,7.0,231.0,2020.0,4.0,3.39,2.0,1.765,0.0,0.8825,0.0
Ben Roethlisberger,16.25,25.0,56.0,55.0,39.0,16.0,0.0,908.0,1436.0,63.53,11673.0,84.0,5.95,54.0,3.67,585.0,73.25,8.28,7.85,13.0,207.62,94.05,146.0,969.0,9.1,6.92,6.5,9.0,12.0,20.75,18.0,154.0,515.0,8.0,50.0,3.42,9.05,1.0,11.0,2004.0,6.0,22.26,6.0,87.986,0.0,14.6643,0.1015
Blaine Gabbert,43.75,25.0,29.0,27.0,5.0,22.0,0.0,417.0,784.0,50.2,4395.0,23.0,5.4,24.0,3.25,208.0,60.25,5.6,5.23,11.25,128.03,69.7,74.0,518.0,7.08,4.72,4.47,1.0,1.0,8.5,21.0,76.0,191.0,0.0,15.0,3.42,6.95,1.0,10.0,2011.0,4.0,12.001,2.0,4.0,0.0,2.0,0.0134
Blake Bortles,14.25,25.0,62.0,61.0,21.0,40.0,0.0,1318.0,2229.0,59.15,14928.0,90.0,3.95,64.0,2.92,758.0,69.75,6.65,6.15,11.3,239.75,80.3,164.0,985.0,6.95,5.81,5.33,6.0,7.0,29.25,38.0,223.0,1410.0,7.0,93.0,6.33,22.95,1.0,3.0,2014.0,4.0,20.645,3.0,54.0,0.0,18.0,0.096
Bradlee Van Pelt,83.0,25.0,3.0,0.0,0.0,0.0,0.0,2.0,8.0,25.0,7.0,0.0,0.0,0.0,0.0,0.0,5.0,0.9,0.9,3.5,2.3,39.6,0.0,0.0,0.0,0.88,0.88,0.0,0.0,11.0,0.0,11.0,48.0,1.0,5.0,4.4,16.0,7.0,250.0,2004.0,3.0,0.943,0.0,0.0,0.0,0.0,0.0
Brady Quinn,49.33,25.0,14.0,12.0,3.0,9.0,0.0,184.0,353.0,47.07,1902.0,10.0,1.77,9.0,1.63,99.0,39.67,5.53,5.17,12.1,117.2,63.53,20.0,113.0,2.67,5.26,4.89,1.0,2.0,18.0,4.0,25.0,119.0,1.0,12.0,4.55,8.4,1.0,22.0,2007.0,5.0,9.25,1.0,1.5,0.0,1.5,0.0125
Brandon Allen,46.0,27.0,3.0,3.0,1.0,2.0,0.0,39.0,84.0,46.4,515.0,3.0,3.6,2.0,2.4,20.0,75.0,6.1,5.8,13.2,171.7,68.3,9.0,59.0,9.7,4.9,4.58,0.0,0.0,11.0,0.0,10.0,39.0,0.0,4.0,3.9,13.0,6.0,201.0,2016.0,4.0,2.464,1.0,0.645,0.0,0.645,0.0033
Brandon Weeden,35.0,32.0,34.0,25.0,6.0,19.0,0.0,559.0,965.0,59.5,6462.0,31.0,4.25,30.0,3.25,266.0,69.0,6.97,6.35,11.78,169.12,81.35,66.0,452.0,5.85,6.15,5.57,2.0,3.0,12.0,15.0,61.0,201.0,1.0,14.0,2.62,5.12,1.0,22.0,2012.0,4.0,8.081,2.0,1.23,0.0,0.615,0.0038
Brett Hundley,51.0,24.0,15.0,9.0,3.0,6.0,0.0,194.0,326.0,40.4,1853.0,9.0,1.4,13.0,6.9,90.0,32.0,3.75,0.95,9.05,85.6,35.3,29.0,197.0,4.2,3.23,0.46,2.0,2.0,12.0,5.0,39.0,268.0,2.0,21.0,3.4,12.0,5.0,147.0,2015.0,4.0,2.503,1.0,1.875,0.0,1.875,0.01
Brian Brohm,59.5,25.0,3.0,2.0,0.0,2.0,0.0,27.0,52.0,51.05,252.0,0.0,0.0,5.0,9.95,12.0,24.0,4.8,0.3,9.6,89.5,30.55,5.0,13.0,9.0,4.17,0.12,0.0,0.0,-1.0,0.0,3.0,-3.0,0.0,0.0,-1.0,-1.5,2.0,56.0,2008.0,4.0,3.165,1.0,0.088,0.0,0.088,0.0007
Brian St. Pierre,113.0,25.0,1.0,0.0,0.0,0.0,0.0,0.0,1.0,0.0,0.0,0.0,0.0,0.0,0.0,0.0,0.0,0.0,0.0,0.0,0.0,39.6,0.0,0.0,0.0,0.0,0.0,1.0,1.0,2.0,0.0,4.0,-3.0,0.0,1.0,-0.8,-3.0,5.0,163.0,2003.0,3.0,1.018,1.0,0.5,0.0,0.5,0.0046
Brock Osweiler,57.0,25.0,21.0,7.0,5.0,2.0,0.0,187.0,305.0,55.15,2126.0,11.0,3.4,6.0,0.55,100.0,34.0,5.33,5.75,9.8,71.28,79.28,25.0,159.0,4.7,4.78,5.22,2.0,2.0,3.75,4.0,40.0,50.0,1.0,8.0,0.5,1.38,2.0,57.0,2012.0,4.0,3.516,4.0,72.0,0.0,18.0,0.1052
Brodie Croyle,51.75,26.0,16.0,9.0,0.0,9.0,0.0,173.0,300.0,56.52,1631.0,8.0,1.93,8.0,7.83,77.0,29.5,4.95,1.8,8.75,75.0,63.4,22.0,139.0,7.47,3.98,1.25,0.0,0.0,2.5,4.0,10.0,15.0,0.0,2.0,0.8,0.25,3.0,85.0,2006.0,4.0,2.28,1.0,1.759,0.0,1.759,0.0002
Bruce Gradkowski,51.75,26.0,26.0,16.0,5.0,11.0,0.0,279.0,523.0,49.05,2824.0,15.0,1.68,16.0,5.8,131.0,40.0,4.6,2.33,8.85,79.3,50.42,42.0,249.0,9.4,3.72,1.75,4.0,5.0,12.5,16.0,67.0,291.0,0.0,21.0,3.7,8.45,6.0,194.0,2006.0,4.0,1.697,1.0,1.684,0.0,1.684,0.0002
Bryce Petty,41.0,26.0,10.0,7.0,1.0,6.0,0.0,130.0,245.0,52.75,1353.0,4.0,1.6,10.0,4.0,60.0,49.0,5.5,4.0,10.35,135.4,57.55,21.0,134.0,7.8,4.54,3.19,1.0,1.0,16.5,2.0,12.0,74.0,0.0,5.0,5.85,8.5,4.0,103.0,2015.0,4.0,2.833,0.0,0.0,0.0,0.0,0.0
Byron Leftwich,24.5,26.0,46.0,44.0,24.0,20.0,0.0,789.0,1344.0,58.65,9042.0,51.0,3.88,36.0,2.62,435.0,61.25,6.67,6.3,11.4,196.05,80.88,76.0,362.0,5.38,6.07,5.69,7.0,10.0,12.75,26.0,120.0,364.0,8.0,29.0,2.98,7.67,1.0,7.0,2003.0,5.0,22.772,1.0,2.073,0.0,2.073,0.019
C.J. Beathard,37.33,27.0,19.0,12.0,2.0,10.0,0.0,291.0,497.0,59.6,3469.0,18.0,4.1,13.0,2.27,169.0,71.33,7.13,6.9,11.93,181.4,85.57,46.0,368.0,8.47,5.83,5.65,0.0,0.0,15.33,11.0,51.0,233.0,4.0,18.0,4.5,11.87,3.0,104.0,2017.0,4.0,3.528,2.0,5.0,0.0,2.5,0.0
Cam Newton,14.75,25.0,62.0,62.0,30.0,31.0,1.0,1144.0,1923.0,59.48,14426.0,82.0,4.28,54.0,2.8,675.0,75.75,7.47,7.08,12.6,232.4,85.4,152.0,1140.0,7.33,6.39,6.01,9.0,8.0,49.75,27.0,467.0,2571.0,33.0,198.0,5.47,41.38,1.0,1.0,2011.0,4.0,22.025,5.0,103.8,0.0,20.76,0.1261
Cardale Jones,58.0,24.0,1.0,0.0,0.0,0.0,0.0,6.0,11.0,54.5,96.0,0.0,0.0,1.0,9.1,2.0,64.0,8.7,4.6,16.0,96.0,46.0,1.0,2.0,8.3,7.83,4.08,0.0,0.0,-1.0,0.0,1.0,-1.0,0.0,0.0,-1.0,-1.0,4.0,139.0,2016.0,4.0,2.723,1.0,0.645,0.0,0.645,0.0033
Carson Palmer,9.33,27.0,45.0,45.0,25.0,20.0,0.0,932.0,1461.0,63.67,10768.0,78.0,5.3,43.0,3.03,538.0,73.33,7.33,7.03,11.53,238.27,90.77,80.0,516.0,5.2,6.62,6.34,5.0,9.0,13.0,22.0,78.0,125.0,2.0,17.0,1.73,2.83,1.0,1.0,2003.0,6.0,42.697,6.0,97.0,0.0,16.1667,0.1148
Carson Wentz,16.75,27.0,56.0,56.0,32.0,24.0,0.0,1311.0,2055.0,64.02,14191.0,97.0,4.92,35.0,1.7,725.0,64.0,7.03,7.22,10.95,255.45,94.12,129.0,807.0,6.03,6.21,6.42,6.0,8.0,18.25,48.0,206.0,785.0,3.0,73.0,3.65,14.03,1.0,2.0,2016.0,4.0,26.676,4.0,128.0,0.0,32.0,0.0404
Chad Henne,34.5,26.0,36.0,31.0,13.0,18.0,0.0,646.0,1065.0,59.4,7114.0,31.0,2.35,37.0,2.65,367.0,46.0,6.62,5.9,11.18,166.25,75.9,67.0,421.0,5.05,5.94,5.27,3.0,4.0,14.0,10.0,66.0,196.0,2.0,18.0,3.67,11.27,2.0,57.0,2008.0,4.0,3.13,2.0,6.75,0.0,3.375,0.0276
Chad Pennington,40.0,27.0,28.0,21.0,12.0,9.0,0.0,476.0,721.0,55.62,5418.0,37.0,8.72,18.0,1.38,291.0,49.5,8.25,9.38,16.32,133.72,98.45,49.0,307.0,8.62,6.94,7.89,3.0,4.0,8.75,10.0,52.0,102.0,4.0,14.0,3.67,3.25,1.0,18.0,2000.0,5.0,23.0,8.0,68.7,0.0,8.5875,0.0732
Charlie Frye,49.75,27.0,23.0,20.0,6.0,14.0,0.0,366.0,590.0,54.02,3573.0,16.0,3.4,25.0,6.5,171.0,38.5,4.83,2.58,8.82,101.85,52.05,74.0,447.0,16.67,3.08,1.33,1.0,1.0,15.25,15.0,68.0,306.0,4.0,24.0,5.97,10.28,3.0,67.0,2005.0,4.0,2.185,1.0,0.62,0.0,0.62,0.005
Chris Redman,61.0,26.0,10.0,6.0,3.0,3.0,0.0,106.0,198.0,57.93,1111.0,7.0,1.27,5.0,5.67,54.0,21.33,5.5,3.17,9.5,70.27,62.03,17.0,113.0,12.43,4.01,2.44,0.0,0.0,3.33,8.0,13.0,12.0,0.0,3.0,0.93,1.1,3.0,75.0,2000.0,3.0,1.2,1.0,1.3,0.0,1.3,0.0161
Chris Weinke,37.5,30.0,21.0,16.0,1.0,15.0,0.0,310.0,578.0,49.5,3111.0,11.0,1.0,22.0,5.7,148.0,36.0,5.05,2.75,10.3,112.7,44.1,32.0,212.0,9.1,4.08,1.99,0.0,0.0,18.0,11.0,42.0,137.0,6.0,12.0,2.65,5.0,4.0,106.0,2001.0,5.0,2.262,3.0,4.5,0.0,1.5,0.0153
Christian Ponder,36.0,26.0,38.0,36.0,14.0,21.0,1.0,632.0,1057.0,57.5,6658.0,38.0,2.77,36.0,3.83,354.0,50.5,6.1,4.95,10.6,161.5,68.75,95.0,501.0,9.43,5.03,3.99,2.0,3.0,21.0,20.0,126.0,639.0,7.0,40.0,5.1,15.12,1.0,12.0,2011.0,4.0,10.158,1.0,0.745,0.0,0.745,0.0052
Cody Kessler,44.0,25.0,17.0,12.0,2.0,10.0,0.0,224.0,349.0,59.43,2215.0,8.0,1.53,5.0,2.27,110.0,36.67,6.0,5.23,10.2,112.37,72.1,49.0,337.0,14.93,4.03,3.45,0.0,0.0,9.33,9.0,31.0,140.0,0.0,10.0,2.37,8.77,3.0,93.0,2016.0,4.0,3.389,1.0,0.72,0.0,0.72,0.0036
Cody Pickett,64.5,25.0,6.0,2.0,0.0,2.0,0.0,18.0,45.0,40.0,195.0,0.0,0.0,4.0,12.85,8.0,23.0,4.75,-1.05,11.9,41.5,23.5,5.0,30.0,12.3,3.34,-1.59,0.0,0.0,8.5,4.0,14.0,47.0,0.0,4.0,4.1,6.7,7.0,217.0,2004.0,3.0,0.957,0.0,0.0,0.0,0.0,0.0
Colin Kaepernick,34.0,27.0,48.0,39.0,25.0,14.0,0.0,671.0,1117.0,60.33,8415.0,50.0,3.4,21.0,1.35,400.0,55.0,7.5,7.58,12.47,140.4,89.38,107.0,687.0,6.3,6.62,6.7,6.0,6.0,41.75,23.0,261.0,1576.0,10.0,76.0,4.35,25.98,2.0,36.0,2011.0,4.0,5.124,6.0,114.0,0.0,19.0,0.1121
Colt McCoy,44.25,27.0,28.0,21.0,6.0,15.0,0.0,410.0,703.0,67.72,4401.0,21.0,2.9,20.0,1.62,225.0,34.25,7.65,7.5,10.95,109.2,88.25,59.0,330.0,8.72,6.66,6.5,1.0,3.0,13.0,12.0,99.0,357.0,1.0,31.0,2.8,9.2,3.0,85.0,2010.0,4.0,4.96,1.0,0.795,0.0,0.795,0.006
Connor Cook,53.0,23.0,1.0,0.0,0.0,0.0,0.0,14.0,21.0,66.7,150.0,1.0,4.8,1.0,4.8,6.0,32.0,7.1,6.0,10.7,150.0,83.4,2.0,7.0,8.7,6.22,5.13,0.0,0.0,0.0,0.0,0.0,0.0,0.0,0.0,0.0,0.0,4.0,100.0,2016.0,4.0,2.959,1.0,0.685,0.0,0.685,0.0035
Craig Krenzel,39.0,23.0,6.0,5.0,3.0,2.0,0.0,59.0,127.0,46.5,718.0,3.0,2.4,6.0,4.7,31.0,49.0,5.7,4.0,12.2,119.7,52.5,23.0,158.0,15.3,3.73,2.33,1.0,1.0,12.0,8.0,18.0,41.0,0.0,4.0,2.3,6.8,5.0,148.0,2004.0,4.0,1.534,0.0,0.0,0.0,0.0,0.0
Curtis Painter,48.0,26.0,11.0,8.0,0.0,8.0,0.0,140.0,271.0,41.45,1624.0,6.0,1.25,11.0,5.4,74.0,54.5,4.65,2.45,11.05,106.35,38.2,19.0,120.0,7.95,3.85,1.85,0.0,0.0,17.0,7.0,20.0,111.0,0.0,7.0,3.8,6.95,6.0,201.0,2009.0,4.0,1.841,1.0,0.615,0.0,0.615,0.005
Dak Prescott,13.0,26.0,64.0,64.0,40.0,24.0,0.0,1363.0,2071.0,65.88,15778.0,97.0,4.67,36.0,1.73,782.0,79.0,7.6,7.75,11.53,246.55,97.03,136.0,826.0,6.15,6.76,6.92,8.0,14.0,27.25,31.0,241.0,1221.0,21.0,99.0,5.15,19.08,4.0,135.0,2016.0,4.0,2.723,4.0,160.0,31.409,40.0,0.0505
Dan Orlovsky,51.5,25.0,12.0,7.0,0.0,7.0,0.0,150.0,272.0,48.65,1679.0,8.0,1.55,8.0,1.55,79.0,58.0,5.0,4.65,10.15,96.55,62.2,15.0,98.0,5.4,4.49,4.12,0.0,0.0,10.0,3.0,7.0,29.0,0.0,2.0,4.1,2.9,5.0,145.0,2005.0,3.0,1.056,1.0,0.927,0.0,0.927,0.0075
Daniel Jones,21.75,25.0,54.0,53.0,21.0,31.0,1.0,1113.0,1740.0,63.98,11603.0,60.0,3.42,34.0,1.95,569.0,61.75,6.67,6.47,10.45,216.0,86.35,149.0,984.0,7.72,5.64,5.45,6.0,8.0,44.25,42.0,292.0,1708.0,12.0,111.0,5.85,30.77,1.0,6.0,2019.0,4.0,25.664,0.0,0.0,0.0,0.0,0.0
David Carr,20.5,26.0,60.0,59.0,16.0,43.0,0.0,941.0,1628.0,57.7,10624.0,48.0,2.95,53.0,3.35,514.0,70.25,6.53,5.62,11.32,176.5,73.25,208.0,1226.0,10.68,5.21,4.4,5.0,7.0,25.0,52.0,215.0,1040.0,6.0,72.0,5.0,17.05,1.0,1.0,2002.0,7.0,46.25,2.0,6.2,0.0,3.1,0.0294
David Fales,59.5,27.0,3.0,0.0,0.0,0.0,0.0,31.0,48.0,53.7,287.0,1.0,1.15,1.0,1.15,17.0,19.0,5.3,5.0,10.05,77.25,67.85,2.0,13.0,9.5,4.33,4.05,0.0,0.0,1.5,1.0,5.0,8.0,1.0,1.0,1.0,2.0,6.0,183.0,2014.0,4.0,2.334,3.0,1.53,0.0,0.51,0.0027
David Garrard,50.5,27.0,17.0,8.0,5.0,3.0,0.0,168.0,298.0,59.02,1808.0,8.0,3.92,4.0,1.57,106.0,30.75,6.0,6.08,10.2,88.47,82.78,21.0,120.0,6.35,5.3,5.42,2.0,3.0,27.0,5.0,68.0,387.0,6.0,28.0,5.8,26.13,4.0,108.0,2002.0,4.0,1.784,3.0,5.25,0.0,1.75,0.0161
DeShone Kizer,38.5,22.0,18.0,15.0,0.0,15.0,0.0,275.0,518.0,50.6,3081.0,11.0,1.15,24.0,4.7,139.0,42.5,5.3,3.4,10.35,127.6,50.5,42.0,264.0,8.05,4.21,2.48,0.0,0.0,16.0,10.0,82.0,458.0,5.0,35.0,6.6,20.45,2.0,52.0,2017.0,4.0,4.948,1.0,0.098,0.0,0.098,0.0
Dennis Dixon,66.0,25.0,4.0,3.0,2.0,1.0,0.0,35.0,59.0,71.67,402.0,1.0,1.27,2.0,2.3,14.0,29.33,5.5,4.7,8.87,91.67,73.07,5.0,41.0,4.5,4.78,4.05,0.0,1.0,14.67,2.0,10.0,56.0,1.0,4.0,4.63,13.33,5.0,156.0,2008.0,3.0,1.28,1.0,1.2,0.0,1.2,0.01
Derek Anderson,28.0,25.0,31.0,27.0,13.0,14.0,0.0,506.0,927.0,54.37,6195.0,43.0,4.33,35.0,4.4,305.0,71.33,6.57,5.47,12.03,185.6,70.7,36.0,262.0,4.57,5.92,4.86,4.0,5.0,19.67,16.0,61.0,172.0,3.0,20.0,5.4,6.43,6.0,213.0,2005.0,3.0,0.974,3.0,24.0,0.0,8.0,0.0441
Derek Carr,15.0,26.0,62.0,62.0,28.0,34.0,0.0,1378.0,2247.0,61.42,14690.0,103.0,4.6,44.0,1.98,710.0,76.75,6.58,6.6,10.65,237.3,87.7,91.0,559.0,3.88,6.07,6.1,13.0,13.0,27.5,33.0,124.0,366.0,0.0,30.0,3.03,5.88,2.0,36.0,2014.0,4.0,5.371,5.0,125.0,0.0,25.0,0.08
Deshaun Watson,14.0,25.0,54.0,53.0,28.0,25.0,0.0,1186.0,1748.0,66.9,14539.0,104.0,6.45,36.0,2.35,712.0,69.0,8.3,8.53,12.45,265.3,104.12,174.0,1050.0,8.97,7.02,7.23,8.0,10.0,32.25,30.0,307.0,1677.0,17.0,111.0,5.75,32.02,1.0,12.0,2017.0,4.0,13.854,4.0,156.0,0.0,39.0,0.0
Drew Brees,25.25,25.0,43.0,42.0,21.0,21.0,0.0,802.0,1309.0,59.88,8772.0,56.0,4.2,38.0,2.25,411.0,59.75,7.05,6.88,11.85,207.12,86.0,65.0,501.0,5.3,6.3,6.13,3.0,7.0,17.0,16.0,114.0,317.0,3.0,38.0,4.5,9.85,2.0,32.0,2001.0,4.0,3.605,6.0,60.0,8.078,10.0,0.0792
Drew Lock,33.33,25.0,24.0,21.0,8.0,13.0,0.0,421.0,710.0,60.6,4740.0,25.0,3.3,20.0,2.37,231.0,61.33,6.73,6.33,11.13,186.93,81.83,33.0,201.0,4.9,6.13,5.74,2.0,3.0,17.0,13.0,72.0,285.0,5.0,23.0,4.3,11.83,2.0,42.0,2019.0,4.0,7.01,0.0,0.0,0.0,0.0,0.0
Drew Stanton,48.67,26.0,12.0,4.0,2.0,2.0,0.0,104.0,187.0,53.97,1158.0,5.0,3.1,9.0,4.77,57.0,52.67,6.23,4.7,11.5,85.33,66.5,17.0,104.0,13.27,4.56,3.1,2.0,2.0,15.33,4.0,30.0,166.0,2.0,11.0,5.57,12.17,2.0,43.0,2007.0,4.0,3.918,1.0,0.65,0.0,0.65,0.0054
Dwayne Haskins,35.0,23.0,16.0,13.0,3.0,10.0,0.0,267.0,444.0,60.0,2804.0,12.0,2.75,14.0,3.15,138.0,62.5,6.35,5.5,10.6,178.65,74.55,49.0,345.0,10.1,4.98,4.2,2.0,2.0,21.0,12.0,40.0,147.0,1.0,13.0,3.7,8.9,1.0,15.0,2019.0,4.0,14.416,1.0,2.54,0.0,2.54,0.0
EJ Manuel,42.75,26.0,28.0,17.0,6.0,11.0,0.0,319.0,547.0,55.25,3502.0,19.0,2.75,15.0,2.2,162.0,54.5,6.12,5.67,11.18,116.67,73.7,43.0,268.0,7.45,5.2,4.79,1.0,3.0,12.75,11.0,94.0,324.0,4.0,34.0,3.35,10.45,1.0,16.0,2013.0,4.0,8.885,1.0,0.8,0.0,0.8,0.0048
Easton Stick,100.0,25.0,1.0,0.0,0.0,0.0,0.0,1.0,1.0,100.0,4.0,0.0,0.0,0.0,0.0,0.0,4.0,4.0,4.0,4.0,4.0,83.3,0.0,0.0,0.0,4.0,4.0,0.0,0.0,-2.0,0.0,1.0,-2.0,0.0,0.0,-2.0,-2.0,5.0,166.0,2019.0,4.0,2.797,0.0,0.0,0.0,0.0,0.0
Eli Manning,16.0,26.0,57.0,55.0,30.0,25.0,0.0,987.0,1805.0,53.7,11385.0,77.0,4.05,64.0,3.73,555.0,61.25,6.15,5.28,11.45,190.57,70.55,93.0,670.0,5.12,5.47,4.66,7.0,8.0,14.0,34.0,89.0,205.0,2.0,22.0,2.95,3.62,1.0,1.0,2004.0,7.0,54.0,6.0,97.5,0.0,16.25,0.1125
Gardner Minshew II,35.75,26.0,32.0,24.0,8.0,16.0,0.0,586.0,933.0,63.23,6632.0,44.0,5.0,15.0,2.1,321.0,58.75,7.47,7.53,11.95,181.75,93.83,71.0,390.0,7.3,6.53,6.58,4.0,4.0,12.25,22.0,112.0,521.0,2.0,33.0,3.27,11.88,6.0,178.0,2019.0,4.0,2.71,0.0,0.0,0.0,0.0,0.0
Geno Smith,38.75,26.0,33.0,30.0,12.0,18.0,0.0,501.0,866.0,59.23,5962.0,28.0,4.53,36.0,4.42,284.0,60.0,7.28,6.17,12.35,174.7,78.28,77.0,528.0,10.05,5.83,4.87,3.0,7.0,21.5,17.0,135.0,647.0,7.0,44.0,7.65,19.6,2.0,39.0,2013.0,4.0,5.019,1.0,1.2,0.0,1.2,0.0072
Greg McElroy,45.0,24.0,2.0,1.0,0.0,1.0,0.0,19.0,31.0,61.3,214.0,1.0,3.2,1.0,3.2,13.0,30.0,6.9,6.1,11.3,107.0,79.2,11.0,71.0,26.2,3.4,2.81,1.0,1.0,15.0,1.0,8.0,30.0,0.0,3.0,3.8,15.0,7.0,208.0,2011.0,4.0,2.105,1.0,0.495,0.0,0.495,0.0035
JaMarcus Russell,39.0,24.0,31.0,25.0,7.0,18.0,0.0,354.0,680.0,52.37,4083.0,18.0,2.57,23.0,4.27,185.0,67.33,5.83,4.43,11.1,120.7,61.0,70.0,457.0,9.3,4.68,3.43,3.0,4.0,15.33,25.0,40.0,175.0,1.0,20.0,3.57,4.4,1.0,1.0,2007.0,6.0,61.0,0.0,0.0,0.0,0.0,0.0
Jacob Eason,74.5,25.0,2.0,0.0,0.0,0.0,0.0,5.0,10.0,50.0,84.0,0.0,0.0,2.0,20.0,4.0,29.5,8.4,-0.6,16.1,42.0,39.2,0.0,0.0,0.0,8.4,-0.6,0.0,0.0,0.0,0.0,0.0,0.0,0.0,0.0,0.0,0.0,4.0,122.0,2020.0,4.0,4.027,1.0,0.94,0.0,0.94,0.0
Jacoby Brissett,47.0,27.0,38.0,32.0,12.0,20.0,0.0,584.0,975.0,57.88,6442.0,31.0,1.7,13.0,0.7,308.0,48.0,5.25,5.28,8.7,130.88,77.45,85.0,510.0,6.38,4.38,4.4,2.0,3.0,18.75,18.0,142.0,564.0,9.0,40.0,3.1,14.35,3.0,91.0,2016.0,4.0,3.4,2.0,30.0,0.0,15.0,0.0378
Jake Fromm,57.0,23.0,3.0,2.0,0.0,2.0,0.0,27.0,60.0,45.0,210.0,1.0,1.7,3.0,5.0,10.0,36.0,3.5,1.6,7.8,70.0,38.9,6.0,33.0,9.1,2.68,0.94,0.0,0.0,27.0,2.0,8.0,65.0,0.0,4.0,8.1,21.7,5.0,167.0,2020.0,4.0,3.597,1.0,0.66,0.0,0.66,0.0
Jake Locker,38.75,26.0,30.0,23.0,9.0,14.0,0.0,408.0,709.0,56.88,4967.0,27.0,4.28,22.0,2.62,221.0,63.0,7.2,6.88,12.75,156.88,82.75,60.0,378.0,7.8,6.13,5.84,1.0,3.0,29.25,10.0,95.0,644.0,5.0,39.0,6.78,20.02,1.0,8.0,2011.0,4.0,12.586,0.0,0.0,0.0,0.0,0.0
Jake Luton,44.0,24.0,3.0,3.0,0.0,3.0,0.0,60.0,110.0,54.5,624.0,2.0,1.8,6.0,5.5,31.0,73.0,5.7,3.6,10.4,208.0,54.5,7.0,52.0,6.0,4.89,2.92,0.0,0.0,13.0,2.0,1.0,13.0,1.0,1.0,13.0,4.3,6.0,189.0,2020.0,4.0,3.476,1.0,0.78,0.0,0.78,0.0
Jake Rudock,71.0,24.0,3.0,0.0,0.0,0.0,0.0,3.0,5.0,60.0,24.0,0.0,0.0,1.0,20.0,1.0,13.0,4.8,-4.2,8.0,8.0,32.5,0.0,0.0,0.0,4.8,-4.2,0.0,0.0,0.0,0.0,0.0,0.0,0.0,0.0,0.0,0.0,6.0,191.0,2016.0,4.0,2.473,2.0,0.99,0.0,0.495,0.0012
Jalen Hurts,23.33,24.0,45.0,34.0,23.0,11.0,0.0,648.0,1040.0,59.93,7906.0,44.0,4.2,19.0,2.03,363.0,80.0,7.5,7.43,12.6,175.67,88.77,77.0,440.0,7.13,6.58,6.5,3.0,4.0,32.33,27.0,367.0,1898.0,26.0,149.0,5.27,42.2,2.0,53.0,2020.0,4.0,6.025,0.0,0.0,0.0,0.0,0.0
Jameis Winston,14.5,24.0,56.0,54.0,21.0,33.0,0.0,1183.0,1922.0,61.88,14628.0,88.0,4.58,58.0,3.05,754.0,61.75,7.65,7.22,12.4,262.43,88.17,122.0,793.0,6.05,6.8,6.38,5.0,9.0,17.5,38.0,189.0,794.0,9.0,59.0,4.2,14.88,1.0,1.0,2015.0,4.0,25.351,1.0,1.1,0.0,1.1,0.0058
Jared Goff,13.0,25.0,54.0,54.0,33.0,21.0,0.0,1166.0,1869.0,61.12,14219.0,87.0,4.38,42.0,2.4,713.0,74.0,7.28,7.08,11.82,248.03,87.92,106.0,787.0,6.33,6.35,6.17,6.0,7.0,13.0,35.0,112.0,215.0,6.0,21.0,1.88,3.75,1.0,1.0,2016.0,4.0,27.937,4.0,134.0,0.0,33.5,0.0423
Jarrett Stidham,60.0,26.0,13.0,2.0,0.0,2.0,0.0,77.0,131.0,54.63,926.0,6.0,3.1,7.0,11.8,45.0,36.33,5.73,1.03,10.33,62.37,54.2,12.0,75.0,12.03,4.36,0.49,0.0,0.0,5.33,3.0,23.0,89.0,0.0,10.0,2.0,5.83,4.0,133.0,2019.0,4.0,3.153,0.0,0.0,0.0,0.0,0.0
Jason Campbell,22.67,27.0,36.0,36.0,16.0,20.0,0.0,675.0,1130.0,58.47,7242.0,35.0,3.43,23.0,2.23,377.0,62.33,6.4,6.07,10.97,198.6,79.47,66.0,431.0,5.03,5.73,5.42,3.0,6.0,22.33,21.0,107.0,550.0,2.0,38.0,5.03,15.2,1.0,25.0,2005.0,5.0,7.5,1.0,3.14,0.0,3.14,0.0255
Jay Cutler,16.5,26.0,53.0,53.0,24.0,29.0,0.0,1098.0,1775.0,61.38,12690.0,81.0,4.97,63.0,3.55,615.0,75.75,7.17,6.58,11.72,232.7,84.85,86.0,511.0,5.47,6.46,5.88,7.0,11.0,22.0,33.0,153.0,596.0,4.0,44.0,3.5,9.93,1.0,11.0,2006.0,6.0,47.862,5.0,50.37,0.0,10.074,0.0651
Jeff Driskel,39.5,26.0,12.0,8.0,1.0,7.0,0.0,167.0,281.0,59.35,1688.0,10.0,3.6,6.0,2.45,81.0,42.0,6.1,5.75,10.3,169.85,78.75,27.0,168.0,8.9,5.05,4.7,0.0,0.0,25.0,5.0,47.0,281.0,3.0,17.0,6.05,32.35,6.0,207.0,2016.0,4.0,2.452,1.0,0.72,0.0,0.72,0.0036
Jim Sorgi,59.67,27.0,13.0,0.0,0.0,0.0,0.0,77.0,126.0,59.17,751.0,6.0,4.87,1.0,0.53,33.0,42.67,5.67,6.37,9.4,55.2,88.93,6.0,37.0,4.43,5.12,5.82,0.0,0.0,3.0,2.0,26.0,-8.0,0.0,2.0,-0.4,-0.7,6.0,193.0,2004.0,3.0,0.981,1.0,1.35,0.0,1.35,0.0116
Jimmy Clausen,33.0,23.0,13.0,10.0,1.0,9.0,0.0,157.0,299.0,52.5,1558.0,3.0,1.0,9.0,3.0,73.0,55.0,5.2,4.1,9.9,119.8,58.4,33.0,223.0,9.9,4.02,2.98,0.0,0.0,11.0,9.0,23.0,57.0,0.0,3.0,2.5,4.4,2.0,48.0,2010.0,4.0,3.23,1.0,0.645,0.0,0.645,0.0048
Jimmy Garoppolo,51.0,26.0,23.0,7.0,7.0,0.0,0.0,183.0,272.0,57.78,2250.0,12.0,3.48,5.0,0.7,111.0,35.25,6.25,6.62,10.07,93.8,87.58,16.0,108.0,6.1,5.38,5.73,3.0,3.0,6.5,3.0,40.0,21.0,1.0,7.0,0.3,0.82,2.0,62.0,2014.0,4.0,3.483,5.0,137.5,0.0,27.5,0.088
Joe Burrow,11.33,26.0,42.0,42.0,24.0,17.0,1.0,1044.0,1530.0,68.0,11774.0,82.0,5.17,31.0,1.97,622.0,69.67,7.67,7.77,11.2,278.9,99.63,124.0,860.0,7.5,6.53,6.66,5.0,7.0,19.33,20.0,152.0,517.0,10.0,62.0,3.4,12.57,1.0,1.0,2020.0,4.0,36.19,0.0,0.0,0.0,0.0,0.0
Joe Flacco,14.5,26.0,64.0,64.0,44.0,20.0,0.0,1190.0,1958.0,60.83,13816.0,80.0,4.08,46.0,2.35,681.0,70.75,7.05,6.8,11.62,215.88,85.92,139.0,991.0,6.67,6.11,5.88,6.0,10.0,23.75,39.0,169.0,408.0,4.0,48.0,2.35,6.4,1.0,18.0,2008.0,5.0,29.75,6.0,120.6,0.0,20.1,0.1451
Joey Harrington,21.0,27.0,58.0,55.0,18.0,37.0,0.0,986.0,1802.0,54.73,10242.0,60.0,3.35,62.0,3.45,501.0,71.0,5.7,4.83,10.47,175.68,68.33,77.0,462.0,4.28,5.21,4.36,6.0,6.0,16.0,21.0,109.0,345.0,0.0,23.0,2.6,5.83,1.0,3.0,2002.0,6.0,37.0,3.0,20.75,0.0,6.9167,0.0636
John Beck,52.0,26.0,5.0,4.0,0.0,4.0,0.0,60.0,107.0,56.1,559.0,1.0,0.9,3.0,2.8,23.0,22.0,5.2,4.1,9.3,111.8,62.0,10.0,69.0,8.5,4.19,3.21,0.0,0.0,8.0,7.0,9.0,12.0,1.0,4.0,1.3,2.4,2.0,40.0,2007.0,4.0,4.096,1.0,0.46,0.0,0.46,0.0038
John Navarre,59.5,25.0,2.0,1.0,0.0,1.0,0.0,32.0,64.0,51.65,342.0,2.0,3.35,5.0,7.1,12.0,38.0,5.75,3.2,10.85,171.0,51.6,5.0,35.0,8.35,4.58,2.18,0.0,0.0,0.0,0.0,0.0,0.0,0.0,0.0,0.0,0.0,7.0,202.0,2004.0,3.0,0.964,2.0,1.165,0.0,0.5825,0.0049
John Skelton,36.67,24.0,20.0,17.0,8.0,9.0,0.0,320.0,602.0,52.23,3707.0,15.0,2.2,25.0,3.73,167.0,58.0,5.97,4.73,11.37,177.73,62.2,47.0,325.0,7.1,5.03,3.88,6.0,7.0,10.67,11.0,42.0,182.0,0.0,15.0,3.6,8.83,5.0,155.0,2010.0,4.0,2.121,1.0,0.63,0.0,0.63,0.0047
Johnny Manziel,45.0,23.0,14.0,8.0,2.0,6.0,0.0,147.0,258.0,54.6,1675.0,7.0,1.55,7.0,3.95,78.0,46.5,5.85,4.35,10.65,100.85,60.7,22.0,167.0,7.9,4.77,3.4,0.0,0.0,22.0,7.0,46.0,259.0,1.0,12.0,4.7,15.7,1.0,22.0,2014.0,4.0,8.248,0.0,0.0,0.0,0.0,0.0
Jordan Love,57.0,24.0,10.0,1.0,0.0,1.0,0.0,50.0,83.0,62.4,606.0,3.0,4.0,3.0,2.4,31.0,62.5,7.95,7.65,12.65,58.65,90.45,3.0,23.0,2.3,7.63,7.38,0.0,0.0,4.5,3.0,13.0,26.0,0.0,1.0,0.65,2.1,1.0,26.0,2020.0,4.0,12.383,0.0,0.0,0.0,0.0,0.0
Jordan Palmer,73.5,26.0,4.0,0.0,0.0,0.0,0.0,10.0,15.0,79.15,59.0,0.0,0.0,2.0,8.35,5.0,10.0,4.7,0.95,5.95,15.85,58.5,4.0,31.0,27.15,0.87,-2.35,0.0,0.0,4.0,0.0,1.0,4.0,0.0,0.0,4.0,1.3,6.0,205.0,2007.0,4.0,1.748,2.0,0.68,0.0,0.34,0.0028
Josh Allen,17.0,25.0,61.0,60.0,39.0,21.0,0.0,1245.0,1999.0,61.02,14114.0,103.0,4.88,46.0,2.45,724.0,61.0,6.97,6.88,11.5,227.28,88.15,118.0,773.0,5.95,6.18,6.07,8.0,11.0,34.62,39.0,879.0,4781.0,61.0,384.0,5.42,38.3,1.0,7.0,2018.0,4.0,21.443,6.0,258.034,0.0,43.0057,0.0
Josh Freeman,15.75,24.0,57.0,56.0,24.0,32.0,0.0,1101.0,1873.0,58.38,12963.0,78.0,4.1,63.0,3.62,613.0,66.5,6.88,6.08,11.82,223.7,77.97,103.0,622.0,5.4,6.18,5.42,9.0,10.0,22.75,37.0,192.0,902.0,4.0,82.0,4.67,15.88,1.0,17.0,2009.0,5.0,26.0,1.0,2.833,0.0,2.833,0.0229
Josh Johnson,53.67,25.0,26.0,5.0,0.0,5.0,0.0,96.0,177.0,63.57,1042.0,5.0,2.0,10.0,4.0,48.0,33.0,6.4,5.0,10.57,50.53,69.03,16.0,91.0,8.97,5.34,4.05,0.0,0.0,19.0,8.0,37.0,254.0,0.0,13.0,7.53,11.87,5.0,160.0,2008.0,4.0,1.927,1.0,0.7,0.0,0.7,0.0058
Josh McCown,38.75,26.0,33.0,22.0,10.0,12.0,0.0,498.0,862.0,53.4,5431.0,25.0,2.25,29.0,5.32,263.0,45.75,5.7,3.75,10.55,135.93,57.38,79.0,588.0,12.05,4.07,2.46,3.0,3.0,15.0,28.0,94.0,429.0,3.0,26.0,8.38,13.3,3.0,81.0,2002.0,3.0,1.388,1.0,1.43,0.0,1.43,0.014
Josh Rosen,51.33,24.0,24.0,16.0,3.0,13.0,0.0,277.0,513.0,42.2,2864.0,12.0,1.23,21.0,8.8,139.0,43.0,4.23,0.53,9.93,87.33,39.57,61.0,413.0,7.7,3.33,-0.26,1.0,2.0,19.5,11.0,26.0,151.0,0.0,8.0,5.15,6.05,1.0,10.0,2018.0,4.0,17.597,1.0,0.85,0.0,0.85,0.0
Joshua Dobbs,82.5,25.0,6.0,0.0,0.0,0.0,0.0,10.0,17.0,65.0,45.0,0.0,0.0,1.0,4.15,2.0,12.5,2.0,0.1,3.85,5.3,51.6,0.0,0.0,0.0,1.99,0.12,0.0,0.0,11.5,0.0,6.0,31.0,0.0,3.0,6.4,11.1,4.0,135.0,2017.0,4.0,2.999,1.0,1.04,0.0,1.04,0.0
Justin Herbert,3.33,24.0,49.0,49.0,25.0,24.0,0.0,1316.0,1966.0,66.9,14089.0,94.0,4.83,35.0,1.77,700.0,66.33,7.2,7.37,10.7,287.6,96.4,101.0,638.0,4.9,6.52,6.67,10.0,13.0,30.0,17.0,172.0,683.0,8.0,65.0,3.93,14.0,1.0,6.0,2020.0,4.0,26.578,0.0,0.0,0.0,0.0,0.0
Keith Null,47.0,24.0,4.0,4.0,0.0,4.0,0.0,73.0,119.0,61.3,566.0,3.0,2.5,9.0,7.6,30.0,25.0,4.8,1.9,7.8,141.5,49.9,13.0,82.0,9.8,3.67,1.05,0.0,0.0,3.0,3.0,5.0,6.0,0.0,0.0,1.2,1.5,6.0,196.0,2009.0,4.0,1.85,1.0,0.48,0.0,0.48,0.0039
Kellen Clemens,60.25,26.0,24.0,9.0,4.0,5.0,0.0,146.0,282.0,40.5,1680.0,5.0,0.5,11.0,6.0,91.0,23.25,4.03,1.43,7.53,44.6,49.62,35.0,186.0,25.75,2.07,-0.49,1.0,2.0,7.75,7.0,44.0,119.0,1.0,11.0,2.05,3.67,2.0,49.0,2006.0,4.0,3.22,1.0,0.7,0.0,0.7,0.0001
Kevin Hogan,51.5,25.0,8.0,1.0,0.0,1.0,0.0,60.0,101.0,57.55,621.0,4.0,2.65,7.0,7.2,27.0,33.0,5.45,2.75,9.3,77.65,51.75,8.0,45.0,7.25,4.66,2.15,0.0,0.0,19.5,1.0,18.0,176.0,1.0,9.0,10.1,22.05,5.0,162.0,2016.0,4.0,2.595,1.0,0.99,0.0,0.99,0.005
Kevin Kolb,43.67,26.0,18.0,7.0,3.0,4.0,0.0,194.0,319.0,58.47,2082.0,11.0,2.63,14.0,6.2,97.0,56.67,6.07,3.8,10.3,114.4,62.27,18.0,126.0,3.47,5.61,3.37,0.0,0.0,8.0,9.0,36.0,64.0,1.0,7.0,0.9,1.85,2.0,36.0,2007.0,4.0,4.32,2.0,12.807,0.0,6.4035,0.0531
Kevin O'Connell,71.0,23.0,2.0,0.0,0.0,0.0,0.0,4.0,6.0,66.7,23.0,0.0,0.0,0.0,0.0,1.0,12.0,3.8,3.8,5.8,11.5,73.6,1.0,2.0,14.3,3.0,3.0,0.0,0.0,-2.0,0.0,3.0,-6.0,0.0,0.0,-2.0,-3.0,3.0,94.0,2008.0,4.0,2.465,2.0,1.25,0.0,0.625,0.0051
Kirk Cousins,31.5,27.0,30.0,25.0,11.0,14.0,0.0,619.0,950.0,63.17,7196.0,47.0,5.28,30.0,4.3,342.0,74.5,7.83,6.95,12.3,217.88,87.0,42.0,315.0,4.35,7.12,6.28,3.0,4.0,12.0,15.0,40.0,104.0,5.0,14.0,3.88,4.1,4.0,102.0,2012.0,4.0,2.572,1.0,23.943,19.953,23.943,0.1542
Kyle Boller,34.25,25.0,41.0,34.0,18.0,16.0,0.0,578.0,1036.0,56.45,6103.0,36.0,4.7,34.0,3.52,303.0,63.5,6.5,5.85,11.5,142.82,77.28,78.0,501.0,6.65,5.7,5.1,4.0,5.0,13.25,31.0,128.0,351.0,2.0,28.0,2.52,7.88,1.0,19.0,2003.0,5.0,7.862,2.0,5.1,0.0,2.55,0.0227
Kyle Lauletta,104.0,23.0,2.0,0.0,0.0,0.0,0.0,0.0,5.0,0.0,0.0,0.0,0.0,1.0,20.0,0.0,0.0,0.0,-9.0,0.0,0.0,0.0,0.0,0.0,0.0,0.0,-9.0,0.0,0.0,-2.0,0.0,1.0,-2.0,0.0,0.0,-2.0,-1.0,4.0,108.0,2018.0,4.0,3.167,2.0,1.675,0.0,0.8375,0.0
Kyle Orton,34.33,26.0,33.0,33.0,21.0,12.0,0.0,505.0,913.0,54.63,5319.0,30.0,3.37,27.0,2.87,256.0,58.0,5.83,5.2,10.6,160.67,71.07,59.0,362.0,5.13,5.21,4.62,2.0,3.0,9.33,20.0,53.0,92.0,3.0,13.0,1.2,1.97,4.0,106.0,2005.0,4.0,1.843,2.0,3.52,0.0,1.76,0.0072
Kyler Murray,16.75,25.0,57.0,57.0,25.0,31.0,1.0,1316.0,1971.0,66.8,13848.0,84.0,4.25,41.0,2.08,676.0,70.75,7.0,6.9,10.45,241.65,92.38,131.0,963.0,6.2,6.09,6.02,6.0,8.0,45.5,35.0,381.0,2204.0,23.0,128.0,5.75,38.35,1.0,1.0,2019.0,4.0,35.658,5.0,230.5,0.0,46.1,0.0
Lamar Jackson,26.5,24.0,58.0,49.0,37.0,12.0,0.0,852.0,1329.0,63.28,9967.0,84.0,5.9,31.0,2.27,501.0,63.25,7.42,7.6,11.75,176.9,96.03,106.0,527.0,7.55,6.51,6.67,6.0,8.0,41.75,37.0,615.0,3673.0,21.0,224.0,5.92,63.67,1.0,32.0,2018.0,4.0,9.471,0.0,0.0,0.0,0.0,0.0
Landry Jones,45.0,27.0,15.0,4.0,2.0,2.0,0.0,85.0,141.0,59.9,1071.0,7.0,5.1,6.0,4.8,46.0,69.5,7.9,6.75,13.25,71.55,81.8,6.0,51.0,3.95,7.26,6.15,1.0,2.0,0.0,1.0,11.0,-9.0,0.0,0.0,-0.85,-0.6,4.0,115.0,2013.0,4.0,2.599,2.0,4.4,0.0,2.2,0.0128
Levi Brown,77.0,23.0,1.0,0.0,0.0,0.0,0.0,2.0,3.0,66.7,24.0,0.0,0.0,1.0,33.3,1.0,16.0,8.0,-7.0,12.0,24.0,51.4,0.0,0.0,0.0,8.0,-7.0,0.0,0.0,0.0,0.0,0.0,0.0,0.0,0.0,0.0,0.0,7.0,209.0,2010.0,4.0,1.859,0.0,0.0,0.0,0.0,0.0
Logan Woodside,98.0,25.0,6.0,0.0,0.0,0.0,0.0,1.0,3.0,33.3,7.0,0.0,0.0,0.0,0.0,1.0,7.0,2.3,2.3,7.0,1.2,42.4,0.0,0.0,0.0,2.33,2.33,0.0,0.0,8.5,0.0,13.0,4.0,0.0,1.0,0.2,0.25,7.0,249.0,2018.0,4.0,2.529,1.0,0.895,0.0,0.895,0.0
Luke Falk,49.0,25.0,3.0,2.0,0.0,2.0,0.0,47.0,73.0,64.4,416.0,0.0,0.0,3.0,4.1,15.0,36.0,5.7,3.8,8.9,138.7,62.4,16.0,96.0,18.0,3.6,2.08,0.0,0.0,0.0,0.0,0.0,0.0,0.0,0.0,0.0,0.0,6.0,199.0,2018.0,4.0,2.608,1.0,0.57,0.0,0.57,0.0
Luke McCown,41.5,26.0,10.0,7.0,1.0,6.0,0.0,142.0,237.0,58.3,1617.0,9.0,3.85,10.0,4.65,63.0,59.0,6.75,5.4,11.7,161.7,72.15,27.0,226.0,10.3,5.15,3.96,1.0,1.0,21.0,5.0,18.0,142.0,0.0,9.0,7.0,14.2,4.0,106.0,2004.0,5.0,2.475,2.0,7.5,0.0,3.75,0.0314
Marc Bulger,16.5,26.0,22.0,22.0,18.0,4.0,0.0,474.0,746.0,63.85,5671.0,36.0,5.3,28.0,3.45,280.0,53.0,7.85,7.4,12.3,258.6,91.45,49.0,390.0,5.9,6.94,6.47,6.0,6.0,14.5,10.0,41.0,62.0,5.0,8.0,0.75,1.55,6.0,168.0,2000.0,2.0,0.543,1.0,0.375,0.0,0.375,0.0047
Marcus Mariota,23.25,25.0,56.0,55.0,27.0,28.0,0.0,1015.0,1605.0,63.58,12004.0,69.0,4.28,42.0,2.6,569.0,64.25,7.47,7.18,11.82,214.82,89.67,130.0,830.0,7.78,6.42,6.12,9.0,11.0,47.25,31.0,218.0,1270.0,11.0,82.0,6.0,22.65,1.0,2.0,2015.0,4.0,24.213,2.0,17.6,0.0,8.8,0.0456
Mark Sanchez,20.0,26.0,62.0,62.0,33.0,29.0,0.0,1028.0,1867.0,54.9,12092.0,68.0,3.6,69.0,3.85,602.0,69.75,6.5,5.5,11.82,194.47,70.85,126.0,818.0,6.38,5.66,4.71,8.0,10.0,16.75,43.0,125.0,342.0,12.0,43.0,2.62,5.5,1.0,5.0,2009.0,5.0,50.5,3.0,40.475,0.0,13.4917,0.1016
Mason Rudolph,44.67,26.0,17.0,10.0,5.0,4.0,1.0,236.0,384.0,60.2,2366.0,16.0,3.67,11.0,2.4,109.0,53.0,6.17,5.8,10.3,126.6,80.17,16.0,132.0,2.43,5.82,5.48,2.0,1.0,13.33,5.0,33.0,89.0,0.0,9.0,3.9,9.83,3.0,76.0,2018.0,4.0,3.921,1.0,5.08,0.0,5.08,0.0
Matt Barkley,55.0,26.0,11.0,6.0,1.0,5.0,0.0,159.0,266.0,40.3,1911.0,8.0,1.23,18.0,4.9,107.0,21.0,4.53,2.57,7.5,110.03,50.83,9.0,67.0,2.83,4.12,2.27,0.0,0.0,1.33,7.0,12.0,0.0,0.0,0.0,-0.23,-0.13,4.0,98.0,2013.0,4.0,2.739,1.0,0.675,0.0,0.675,0.004
Matt Cassel,51.5,26.0,30.0,15.0,10.0,5.0,0.0,349.0,555.0,59.3,3946.0,23.0,3.1,13.0,5.15,194.0,35.75,6.05,4.35,10.32,83.47,70.58,51.0,235.0,9.9,5.11,3.42,2.0,2.0,12.0,11.0,85.0,298.0,3.0,27.0,2.67,6.4,7.0,230.0,2005.0,4.0,1.439,6.0,63.0,0.0,10.5,0.0708
Matt Flynn,61.25,26.0,34.0,2.0,1.0,1.0,0.0,82.0,132.0,56.55,1015.0,9.0,4.17,5.0,3.85,48.0,41.5,5.8,4.9,9.45,42.58,72.8,13.0,62.0,6.65,4.97,4.14,1.0,1.0,5.0,3.0,31.0,19.0,1.0,4.0,0.6,0.7,7.0,209.0,2008.0,4.0,1.769,3.0,19.5,0.0,6.5,0.0518
Matt Leinart,41.5,26.0,29.0,17.0,7.0,10.0,0.0,340.0,595.0,57.08,3893.0,14.0,2.02,20.0,3.52,189.0,51.0,6.82,5.62,12.2,115.53,70.17,29.0,212.0,4.42,6.16,5.03,2.0,2.0,10.75,11.0,46.0,90.0,2.0,12.0,1.65,3.25,1.0,10.0,2006.0,6.0,50.46,1.0,0.63,0.0,0.63,0.0001
Matt Mauck,63.0,26.0,2.0,1.0,0.0,1.0,0.0,15.0,27.0,55.6,136.0,0.0,0.0,1.0,3.7,4.0,17.0,5.0,3.4,9.1,68.0,53.9,1.0,8.0,3.6,4.57,2.96,0.0,0.0,12.0,1.0,7.0,39.0,0.0,2.0,5.6,19.5,7.0,225.0,2004.0,3.0,0.952,0.0,0.0,0.0,0.0,0.0
Matt Ryan,12.75,26.0,62.0,62.0,43.0,19.0,0.0,1232.0,2022.0,60.8,14238.0,95.0,4.65,46.0,2.33,719.0,71.5,7.08,6.95,11.62,229.0,87.95,85.0,527.0,4.03,6.54,6.42,11.0,16.0,14.0,20.0,168.0,359.0,4.0,43.0,2.12,5.72,1.0,3.0,2008.0,6.0,67.5,5.0,103.75,0.0,20.75,0.1549
Matt Schaub,44.5,26.0,49.0,13.0,4.0,9.0,0.0,276.0,450.0,57.95,3274.0,15.0,3.62,15.0,4.05,144.0,59.0,6.97,5.88,12.07,75.65,74.62,28.0,175.0,6.53,6.2,5.16,1.0,1.0,16.25,10.0,41.0,175.0,0.0,14.0,4.45,3.77,3.0,90.0,2004.0,3.0,1.365,6.0,48.0,0.0,8.0,0.0554
Matthew Stafford,18.75,24.0,45.0,45.0,17.0,28.0,0.0,1114.0,1863.0,59.0,12807.0,80.0,4.67,54.0,2.75,649.0,60.25,6.5,6.17,11.03,257.57,82.33,93.0,674.0,4.75,5.84,5.54,8.0,9.0,15.75,17.0,81.0,323.0,7.0,27.0,3.83,6.83,1.0,1.0,2009.0,6.0,72.0,3.0,53.0,0.0,17.6667,0.133
Michael Vick,31.5,24.0,43.0,36.0,23.0,12.0,1.0,512.0,955.0,51.38,6619.0,36.0,3.5,26.0,2.83,308.0,59.25,6.75,6.17,13.22,141.25,72.85,109.0,649.0,10.95,5.34,4.85,6.0,6.0,45.5,35.0,304.0,2223.0,13.0,126.0,7.53,49.75,1.0,1.0,2001.0,6.0,62.0,10.0,138.0,0.0,13.8,0.11
Mike Glennon,40.0,27.0,21.0,18.0,5.0,13.0,0.0,374.0,630.0,69.3,4100.0,30.0,6.2,15.0,1.73,198.0,46.33,6.7,7.13,10.07,158.1,97.53,56.0,405.0,5.37,5.97,6.45,3.0,3.0,17.5,9.0,37.0,86.0,0.0,7.0,3.15,5.5,3.0,73.0,2013.0,4.0,3.104,3.0,45.0,0.0,15.0,0.0847
Mike Kafka,61.0,24.0,4.0,0.0,0.0,0.0,0.0,11.0,16.0,68.8,107.0,0.0,0.0,2.0,12.5,3.0,43.0,6.7,1.1,9.7,26.8,47.7,1.0,6.0,5.9,5.94,0.65,0.0,0.0,2.0,0.0,3.0,0.0,0.0,0.0,0.0,0.0,4.0,122.0,2010.0,4.0,2.256,2.0,1.2,0.0,0.6,0.0043
Mike White,39.0,26.0,4.0,3.0,1.0,2.0,0.0,88.0,132.0,66.7,953.0,5.0,3.8,8.0,6.1,49.0,28.0,7.2,5.3,10.8,238.3,75.1,4.0,18.0,2.9,6.88,4.96,1.0,1.0,2.0,0.0,5.0,-1.0,0.0,2.0,-0.2,-0.3,5.0,171.0,2018.0,4.0,2.677,1.0,0.85,0.0,0.85,0.0
Mitchell Trubisky,25.0,26.0,51.0,50.0,29.0,21.0,0.0,1010.0,1577.0,64.05,10609.0,64.0,4.08,37.0,2.38,543.0,61.5,6.75,6.53,10.57,206.93,87.35,111.0,698.0,6.6,5.91,5.67,5.0,7.0,38.25,27.0,190.0,1057.0,8.0,67.0,5.53,20.8,1.0,2.0,2017.0,4.0,29.032,1.0,2.5,0.0,2.5,0.0
Nate Sudfeld,64.5,25.0,3.0,0.0,0.0,0.0,0.0,20.0,25.0,66.3,156.0,1.0,25.0,0.0,0.0,6.0,19.0,8.4,13.4,14.55,72.5,110.05,3.0,24.0,5.75,7.62,12.62,0.0,0.0,10.5,0.0,3.0,20.0,0.0,1.0,10.5,10.5,6.0,187.0,2016.0,4.0,2.477,2.0,1.17,0.0,0.585,0.0015
Nathan Peterman,61.33,26.0,9.0,4.0,1.0,3.0,0.0,71.0,135.0,54.43,573.0,3.0,1.77,12.0,6.27,29.0,19.67,4.6,2.13,8.5,54.0,47.33,10.0,55.0,12.87,3.07,0.72,0.0,0.0,14.0,2.0,18.0,82.0,1.0,6.0,5.77,9.1,5.0,171.0,2017.0,4.0,2.639,1.0,2.133,0.0,2.133,0.0
Nick Foles,30.33,26.0,26.0,25.0,11.0,14.0,0.0,537.0,913.0,59.0,5914.0,26.0,2.87,25.0,2.7,264.0,60.67,6.5,5.83,11.0,233.2,76.5,43.0,303.0,4.6,5.87,5.25,4.0,5.0,12.67,17.0,44.0,130.0,2.0,16.0,3.1,5.43,3.0,88.0,2012.0,4.0,2.768,2.0,24.54,0.0,12.27,0.0762
Patrick Mahomes,15.75,25.0,46.0,46.0,38.0,8.0,0.0,1114.0,1687.0,65.28,14152.0,114.0,5.12,24.0,1.75,691.0,74.5,8.32,8.55,12.75,301.62,100.92,67.0,460.0,4.17,7.68,7.91,6.0,7.0,20.5,17.0,172.0,808.0,6.0,56.0,4.0,15.78,1.0,10.0,2017.0,4.0,16.425,10.0,450.0,0.0,45.0,0.0
Patrick Ramsey,35.0,26.0,33.0,24.0,10.0,14.0,0.0,480.0,861.0,56.67,5649.0,34.0,3.98,29.0,3.55,264.0,62.25,7.62,6.82,13.45,155.68,79.4,75.0,502.0,9.28,6.24,5.5,0.0,2.0,12.25,25.0,45.0,83.0,2.0,7.0,1.57,2.1,1.0,32.0,2002.0,5.0,5.568,2.0,4.5,0.0,2.25,0.0214
Paxton Lynch,45.5,23.0,5.0,4.0,1.0,3.0,0.0,79.0,128.0,62.85,792.0,4.0,3.4,4.0,3.95,40.0,30.5,6.3,5.15,9.95,156.6,75.6,18.0,93.0,13.25,4.73,3.83,0.0,0.0,10.5,4.0,16.0,55.0,0.0,3.0,4.15,11.65,1.0,26.0,2016.0,4.0,9.476,1.0,0.645,0.0,0.645,0.0033
Philip Rivers,40.75,26.0,36.0,32.0,25.0,7.0,0.0,578.0,950.0,59.73,6688.0,44.0,5.47,25.0,2.45,333.0,35.25,5.9,5.88,9.88,120.7,83.93,52.0,323.0,5.53,5.24,5.3,5.0,5.0,5.75,22.0,82.0,76.0,1.0,17.0,-0.05,0.55,1.0,4.0,2004.0,6.0,41.0,6.0,91.8,0.0,15.3,0.1059
Rex Grossman,40.0,26.0,24.0,23.0,17.0,6.0,0.0,367.0,675.0,53.67,4496.0,27.0,2.85,26.0,3.58,216.0,53.75,6.65,5.6,12.4,169.28,69.08,31.0,214.0,4.4,6.03,5.03,1.0,3.0,10.0,13.0,38.0,49.0,1.0,8.0,1.4,5.27,1.0,22.0,2003.0,5.0,6.85,1.0,3.0,0.0,3.0,0.0275
Robert Griffin III,24.67,24.0,37.0,35.0,14.0,21.0,0.0,679.0,1063.0,64.8,8097.0,40.0,3.5,23.0,2.23,380.0,73.0,7.67,7.37,11.87,215.97,90.5,101.0,718.0,9.4,6.31,6.04,4.0,5.0,41.67,32.0,244.0,1480.0,8.0,81.0,5.7,37.17,1.0,2.0,2012.0,4.0,21.119,2.0,15.0,0.0,7.5,0.0466
Russell Wilson,16.5,27.0,64.0,64.0,46.0,18.0,0.0,1123.0,1735.0,64.6,13974.0,106.0,6.1,34.0,1.98,661.0,76.75,8.03,8.38,12.47,218.35,101.58,164.0,982.0,8.62,6.83,7.14,9.0,14.0,32.75,34.0,411.0,2430.0,12.0,138.0,5.85,38.0,3.0,75.0,2012.0,4.0,2.996,4.0,87.6,0.0,21.9,0.128
Rusty Smith,60.5,25.0,3.0,1.0,0.0,1.0,0.0,23.0,45.0,55.0,234.0,0.0,0.0,4.0,5.0,9.0,34.5,5.9,3.65,10.65,67.0,52.7,1.0,0.0,1.2,5.84,3.65,0.0,0.0,0.0,0.0,0.0,0.0,0.0,0.0,0.0,0.0,6.0,176.0,2010.0,4.0,1.904,1.0,0.024,0.0,0.024,0.0002
Ryan Finley,53.5,26.0,8.0,4.0,1.0,3.0,0.0,58.0,119.0,50.1,638.0,3.0,2.7,4.0,4.3,28.0,38.5,5.25,3.9,10.6,95.4,57.1,20.0,156.0,16.6,3.17,2.07,0.0,0.0,23.5,4.0,21.0,143.0,1.0,8.0,6.85,19.45,4.0,104.0,2019.0,4.0,3.309,0.0,0.0,0.0,0.0,0.0
Ryan Fitzpatrick,36.0,26.0,17.0,15.0,4.0,10.0,1.0,297.0,507.0,57.85,2682.0,12.0,2.6,17.0,4.15,139.0,67.5,5.45,4.1,9.4,170.4,64.1,47.0,242.0,7.8,4.62,3.35,1.0,1.0,12.67,14.0,77.0,368.0,4.0,31.0,3.23,13.13,7.0,250.0,2005.0,3.0,0.953,1.0,0.927,0.0,0.927,0.0075
Ryan Lindley,48.67,26.0,10.0,6.0,1.0,5.0,0.0,140.0,274.0,53.47,1372.0,3.0,4.07,11.0,2.8,73.0,29.0,5.4,4.97,10.2,123.53,71.03,18.0,137.0,4.23,4.87,4.5,0.0,0.0,8.0,3.0,4.0,7.0,0.0,1.0,1.8,1.2,6.0,185.0,2012.0,4.0,2.205,1.0,0.57,0.0,0.57,0.0037
Ryan Mallett,60.0,26.0,7.0,2.0,1.0,1.0,0.0,42.0,79.0,39.85,417.0,2.0,1.35,3.0,13.85,24.0,29.0,4.8,-1.15,13.4,68.8,36.4,1.0,5.0,0.65,4.72,-1.23,0.0,0.0,0.5,0.0,14.0,-11.0,0.0,2.0,-0.7,-1.5,3.0,74.0,2011.0,4.0,2.947,2.0,7.0,0.0,3.5,0.0235
Ryan Nassib,62.5,25.0,5.0,0.0,0.0,0.0,0.0,9.0,10.0,90.0,128.0,1.0,10.0,0.0,0.0,6.0,27.0,12.8,14.8,14.3,41.5,137.5,2.0,11.0,14.3,10.3,12.3,0.0,0.0,-1.0,1.0,2.0,-3.0,0.0,0.0,-1.5,-0.8,4.0,110.0,2013.0,4.0,2.613,1.0,0.775,0.0,0.775,0.0046
Ryan Tannehill,12.5,27.0,64.0,64.0,29.0,35.0,0.0,1392.0,2248.0,61.75,15460.0,87.0,3.83,54.0,2.4,775.0,62.75,6.9,6.58,11.15,241.57,84.83,184.0,1390.0,7.5,5.79,5.49,9.0,7.0,36.75,37.0,177.0,901.0,5.0,54.0,5.08,14.07,1.0,8.0,2012.0,4.0,12.668,4.0,77.0,0.0,19.25,0.1125
Sage Rosenfels,75.33,26.0,9.0,1.0,0.0,1.0,0.0,20.0,48.0,35.9,314.0,2.0,6.43,3.0,2.57,11.0,32.33,5.03,5.17,9.67,37.67,70.83,3.0,16.0,2.37,4.74,4.95,0.0,0.0,-1.5,0.0,3.0,-10.0,0.0,0.0,-2.75,-1.4,4.0,109.0,2001.0,3.0,1.202,1.0,0.628,0.0,0.628,0.0073
Sam Bradford,22.25,26.0,49.0,49.0,18.0,30.0,1.0,1032.0,1760.0,58.42,11065.0,59.0,3.48,38.0,2.02,554.0,67.5,6.3,6.05,10.78,227.07,80.12,120.0,822.0,6.5,5.45,5.24,6.0,5.0,19.5,27.0,96.0,244.0,2.0,19.0,2.3,4.67,1.0,1.0,2010.0,6.0,78.045,2.0,36.0,0.0,18.0,0.1305
Sam Darnold,26.0,24.0,50.0,49.0,17.0,32.0,0.0,972.0,1625.0,59.77,10624.0,54.0,3.27,52.0,3.17,509.0,75.0,6.53,5.72,10.93,211.9,76.62,133.0,854.0,7.62,5.54,4.81,3.0,4.0,32.0,29.0,162.0,639.0,10.0,55.0,3.88,13.0,1.0,3.0,2018.0,4.0,30.247,0.0,0.0,0.0,0.0,0.0
Sean Mannion,66.25,26.0,10.0,1.0,0.0,1.0,0.0,33.0,53.0,65.47,258.0,0.0,0.0,1.0,4.17,12.0,22.0,5.08,3.2,7.85,23.68,66.15,3.0,20.0,1.88,4.85,2.98,0.0,0.0,1.67,3.0,17.0,-12.0,0.0,4.0,-0.83,-1.47,3.0,89.0,2015.0,4.0,3.25,1.0,0.895,0.0,0.895,0.0048
Sean Renfree,73.0,25.0,2.0,0.0,0.0,0.0,0.0,3.0,7.0,42.9,11.0,0.0,0.0,1.0,14.3,1.0,11.0,1.6,-4.9,3.7,5.5,10.7,2.0,17.0,22.2,-0.67,-5.67,0.0,0.0,-4.0,0.0,1.0,-4.0,0.0,0.0,-4.0,-2.0,7.0,249.0,2013.0,4.0,2.205,1.0,0.635,0.0,0.635,0.0038
Seneca Wallace,51.5,26.0,15.0,4.0,2.0,2.0,0.0,95.0,166.0,55.1,1100.0,9.0,4.85,8.0,4.5,52.0,45.5,6.75,5.7,12.3,70.3,73.55,17.0,103.0,9.85,5.46,4.51,1.0,1.0,18.5,7.0,18.0,117.0,0.0,6.0,4.7,7.3,4.0,110.0,2003.0,3.0,1.22,2.0,2.3,0.0,1.15,0.0102
Stephen McGee,56.5,26.0,3.0,1.0,1.0,0.0,0.0,46.0,82.0,56.6,420.0,3.0,3.55,0.0,0.0,20.0,28.0,5.1,5.8,9.2,150.5,82.4,6.0,50.0,6.85,4.18,4.85,1.0,1.0,13.0,1.0,17.0,102.0,0.0,5.0,6.35,32.5,4.0,101.0,2009.0,4.0,2.282,2.0,1.36,0.0,0.68,0.0053
T.J. Yates,55.0,27.0,14.0,5.0,2.0,3.0,0.0,104.0,170.0,61.1,1164.0,3.0,0.55,7.0,11.57,61.0,32.25,8.0,2.9,12.47,67.35,52.98,18.0,81.0,6.88,7.43,2.54,1.0,2.0,6.0,8.0,17.0,56.0,1.0,4.0,1.2,3.07,5.0,152.0,2011.0,4.0,2.225,1.0,1.5,0.0,1.5,0.0105
Tarvaris Jackson,41.25,26.0,33.0,19.0,10.0,9.0,0.0,320.0,545.0,60.5,3643.0,21.0,4.1,18.0,2.58,171.0,53.5,7.28,6.9,11.93,105.12,85.53,41.0,204.0,5.92,6.56,6.26,3.0,4.0,20.0,14.0,112.0,472.0,4.0,34.0,3.73,13.95,2.0,64.0,2006.0,4.0,2.665,1.0,1.176,0.0,1.176,0.0001
Teddy Bridgewater,41.67,25.0,30.0,28.0,17.0,11.0,0.0,551.0,851.0,43.23,6150.0,28.0,2.2,22.0,18.33,290.0,46.33,4.83,-3.0,7.47,142.13,57.97,83.0,556.0,5.93,4.0,-3.78,4.0,4.0,11.33,11.0,94.0,398.0,4.0,33.0,2.6,8.37,1.0,32.0,2014.0,4.0,6.849,1.0,6.0,0.0,6.0,0.0339
Tim Tebow,46.0,25.0,35.0,16.0,8.0,6.0,0.0,173.0,361.0,57.17,2422.0,17.0,3.5,9.0,1.97,110.0,43.0,6.43,6.23,12.07,66.5,79.97,41.0,258.0,12.57,5.1,4.93,6.0,6.0,31.33,14.0,197.0,989.0,12.0,60.0,4.63,26.93,1.0,25.0,2010.0,5.0,11.25,2.0,1.385,0.0,0.6925,0.005
Tom Brady,28.75,26.0,48.0,46.0,34.0,12.0,0.0,955.0,1544.0,54.88,10233.0,69.0,3.38,38.0,1.88,505.0,57.0,5.53,5.3,9.57,164.28,75.12,104.0,625.0,4.9,4.88,4.72,8.0,11.0,12.67,36.0,120.0,216.0,2.0,38.0,1.77,4.57,6.0,199.0,2000.0,3.0,0.866,4.0,29.625,0.0,7.4062,0.0798
Tom Brandstater,83.0,27.0,1.0,0.0,0.0,0.0,0.0,0.0,2.0,0.0,0.0,0.0,0.0,0.0,0.0,0.0,0.0,0.0,0.0,0.0,0.0,39.6,0.0,0.0,0.0,0.0,0.0,0.0,0.0,0.0,0.0,0.0,0.0,0.0,0.0,0.0,0.0,6.0,174.0,2009.0,4.0,1.873,1.0,0.54,0.0,0.54,0.0044
Tom Savage,45.67,27.0,13.0,9.0,2.0,7.0,0.0,181.0,315.0,57.23,2000.0,5.0,0.73,7.0,2.67,96.0,41.33,6.43,5.4,11.33,131.23,68.07,27.0,200.0,6.67,5.56,4.58,3.0,3.0,5.0,11.0,16.0,8.0,0.0,2.0,0.5,0.43,4.0,135.0,2014.0,4.0,2.52,1.0,1.5,0.0,1.5,0.0085
Tony Pike,68.0,24.0,1.0,0.0,0.0,0.0,0.0,6.0,12.0,50.0,47.0,0.0,0.0,0.0,0.0,3.0,22.0,3.9,3.9,7.8,47.0,60.1,1.0,10.0,7.7,2.85,2.85,0.0,0.0,0.0,0.0,0.0,0.0,0.0,0.0,0.0,0.0,6.0,204.0,2010.0,4.0,1.87,0.0,0.0,0.0,0.0,0.0
Trace McSorley,59.5,27.0,8.0,1.0,0.0,1.0,0.0,48.0,93.0,42.1,502.0,1.0,5.0,5.0,3.0,19.0,58.5,7.0,6.65,19.6,56.85,70.35,3.0,27.0,1.75,6.74,6.43,0.0,0.0,8.0,2.0,21.0,79.0,0.0,6.0,2.83,6.57,6.0,197.0,2019.0,4.0,2.68,1.0,0.85,0.0,0.85,0.0
Trent Edwards,33.25,27.0,37.0,33.0,14.0,19.0,0.0,561.0,927.0,59.05,6019.0,26.0,2.7,30.0,3.62,270.0,56.25,6.22,5.1,10.47,151.53,71.12,69.0,482.0,7.78,5.17,4.17,4.0,5.0,15.75,14.0,78.0,330.0,3.0,22.0,4.62,9.55,3.0,92.0,2007.0,4.0,2.296,2.0,1.415,0.0,0.7075,0.0059
Trevor Siemian,25.5,26.0,25.0,24.0,13.0,11.0,0.0,495.0,835.0,59.25,5686.0,30.0,3.55,24.0,3.05,267.0,60.0,6.75,6.1,11.45,225.3,78.95,64.0,407.0,7.3,5.82,5.21,3.0,2.0,9.33,9.0,60.0,183.0,1.0,14.0,1.7,4.87,7.0,250.0,2015.0,4.0,2.332,1.0,2.0,0.0,2.0,0.0106
Troy Smith,56.25,26.0,20.0,8.0,4.0,4.0,0.0,121.0,234.0,58.38,1734.0,8.0,7.75,5.0,3.48,71.0,49.25,9.3,9.32,14.88,82.17,83.7,23.0,142.0,9.0,7.67,7.42,2.0,2.0,13.25,9.0,52.0,230.0,3.0,18.0,4.1,11.38,5.0,174.0,2007.0,3.0,1.22,1.0,0.545,0.0,0.545,0.0045
Tua Tagovailoa,24.33,24.0,36.0,34.0,21.0,13.0,0.0,708.0,1078.0,65.57,8015.0,52.0,4.73,23.0,2.1,399.0,61.33,7.33,7.3,11.2,219.47,94.23,61.0,451.0,5.47,6.53,6.53,4.0,6.0,19.33,16.0,101.0,307.0,6.0,30.0,3.0,8.7,1.0,5.0,2020.0,4.0,30.275,0.0,0.0,0.0,0.0,0.0
Tyler Thigpen,53.0,26.0,22.0,12.0,1.0,11.0,0.0,269.0,496.0,47.83,3167.0,21.0,5.0,17.0,11.95,147.0,41.5,7.6,3.23,16.45,88.95,63.67,35.0,221.0,7.88,6.48,2.41,0.0,1.0,15.33,7.0,77.0,462.0,3.0,25.0,4.43,14.57,7.0,217.0,2007.0,4.0,1.722,3.0,9.0,0.0,3.0,0.0247
Tyrod Taylor,66.33,24.0,13.0,0.0,0.0,0.0,0.0,19.0,35.0,59.53,199.0,0.0,0.0,2.0,7.8,8.0,15.0,8.2,4.67,10.17,10.77,60.33,5.0,33.0,25.37,3.35,-0.12,0.0,0.0,13.75,0.0,27.0,136.0,1.0,10.0,3.6,7.35,6.0,180.0,2011.0,4.0,2.145,3.0,3.35,0.0,1.1167,0.0072
Vince Young,30.0,26.0,45.0,39.0,26.0,13.0,0.0,596.0,1034.0,58.4,6843.0,32.0,3.12,39.0,4.1,350.0,61.5,6.58,5.3,11.28,136.47,71.28,62.0,335.0,5.92,5.86,4.72,7.0,11.0,28.0,32.0,239.0,1255.0,12.0,79.0,4.85,23.88,1.0,3.0,2006.0,6.0,58.0,1.0,4.0,0.0,4.0,0.0004
Will Grier,53.0,24.0,2.0,2.0,0.0,2.0,0.0,28.0,52.0,53.8,228.0,0.0,0.0,4.0,7.7,12.0,28.0,4.4,0.9,8.1,114.0,33.2,6.0,44.0,10.3,3.17,0.07,0.0,0.0,11.0,1.0,7.0,22.0,0.0,2.0,3.1,11.0,3.0,100.0,2019.0,4.0,3.852,1.0,0.965,0.0,0.965,0.0
Zach Mettenberger,38.0,24.0,14.0,10.0,0.0,10.0,0.0,208.0,345.0,60.3,2347.0,12.0,3.45,14.0,4.05,102.0,68.5,6.75,5.6,11.25,167.65,75.05,31.0,236.0,8.2,5.57,4.52,0.0,0.0,6.5,8.0,14.0,12.0,1.0,3.0,0.85,0.85,6.0,178.0,2014.0,4.0,2.345,0.0,0.0,0.0,0.0,0.0
