Player,Rk,Tm,Age,Pos,G,GS,Win,Loss,Tie,Cmp,Att,Cmp%,Yds,TD,TD%,Int,Int%,1D,Lng,Y/A,AY/A,Y/C,Y/G,Rate,Sk,Yds.1,Sk%,NY/A,ANY/A,4QC,GWD,Year
A.J. Brown,99.0,TEN,24,WR,13,13,0,0,0,0,2,0.0,0,0,0.0,0,0.0,0,0.0,0.0,0.0,0.0,0.0,39.6,0,0,0.0,0.0,0.0,0,0,2021
A.J. Feeley,41.333333333333336,MIA,27,QB,18,13,7,6,0,287,524,60.300000000000004,3047,19,7.1000000000000005,21,4.833333333333333,153,39.333333333333336,7.366666666666666,6.6000000000000005,12.0,161.20000000000002,83.7,30,184,3.4666666666666663,6.943333333333334,6.21,3,4,2004
A.J. McCarron,50.5,CIN,27,QB,10,3,2,1,0,86,133,58.2,920,6,2.5,2,0.85,50,46.5,5.95,6.050000000000001,10.100000000000001,72.0,80.25,13,72,7.949999999999999,4.92,5.035,0,0,2017
Aaron Rodgers,49.75,GNB,25,QB,23,16,6,10,0,376,595,57.825,4367,29,2.2,14,2.175,198,36.5,5.625,5.1,9.4,101.525,71.95,43,301,12.05,4.1125,3.67,1,2,2008
Ace Sanders,66.0,JAX,22,WR,15,4,0,0,0,1,1,100.0,21,1,100.0,0,0.0,1,21.0,21.0,41.0,21.0,1.4,158.3,0,0,0.0,21.0,41.0,0,0,2013
Adimchinobe Echemandu,95.0,CLE,24,RB,4,0,0,0,0,0,1,0.0,0,0,0.0,0,0.0,0,0.0,0.0,0.0,0.0,0.0,39.6,0,0,0.0,0.0,0.0,0,0,2004
Adrian Peterson,88.0,CHI,28,RB,16,5,0,0,0,1,1,100.0,9,1,100.0,0,0.0,1,9.0,9.0,29.0,9.0,0.6,143.7,0,0,0.0,9.0,29.0,0,0,2007
Alex Smith,34.333333333333336,SFO,23,QB,32,30,11,19,0,435,800,52.56666666666666,4679,19,1.7333333333333334,31,4.133333333333334,217,55.666666666666664,5.5,4.0,10.433333333333332,136.13333333333333,57.6,81,508,10.1,4.326666666666667,3.0066666666666664,4,6,2007
Alvin Kamara,80.0,NOR,24,RB,14,9,0,0,0,1,1,100.0,13,0,0.0,0,0.0,1,13.0,13.0,13.0,13.0,0.9,118.7,0,0,0.0,13.0,13.0,0,0,2019
Andrew Luck,13.75,IND,26,QB,55,55,35,20,0,1224,2106,57.825,14838,101,4.825,55,2.8,724,77.5,6.95,6.675,12.025,269.65,83.725,115,722,5.125,6.28,6.01,9,13,2015
Andrew Walter,53.0,OAK,26,QB,15,9,2,7,0,174,333,53.56666666666666,1919,3,0.3666666666666667,16,3.6,92,32.666666666666664,5.033333333333333,3.466666666666667,9.433333333333334,93.26666666666667,53.699999999999996,51,295,7.866666666666667,4.073333333333333,2.6966666666666668,0,0,2008
Andy Dalton,13.75,CIN,27,QB,64,64,40,23,1,1301,2111,61.625,14758,99,4.65,66,3.1,689,76.5,6.975,6.5,11.325,230.6,85.025,120,695,5.325,6.297499999999999,5.8425,10,13,2014
Anquan Boldin,92.5,ARI,25,WR,30,30,0,0,0,0,2,0.0,0,0,0.0,1,50.0,0,0.0,0.0,-22.5,0.0,0.0,19.8,0,0,0.0,0.0,-22.5,0,0,2005
Anthony Miller,83.0,CHI,24,WR,15,4,0,0,0,1,1,100.0,8,0,0.0,0,0.0,1,8.0,8.0,8.0,8.0,0.5,100.0,0,0,0.0,8.0,8.0,0,0,2018
Antonio Brown,73.5,PIT,25,WR,29,24,0,0,0,1,3,50.0,15,0,0.0,1,25.0,1,7.5,7.5,-3.75,7.5,0.45,59.35,1,7,25.0,2.0,-9.25,0,0,2013
Antonio Morrison,93.0,IND,22,LB,16,4,0,0,0,0,1,0.0,0,0,0.0,0,0.0,0,0.0,0.0,0.0,0.0,0.0,39.6,0,0,0.0,0.0,0.0,0,0,2016
Antwaan Randle El,78.5,PIT,26,WR,64,23,0,0,0,14,16,90.625,128,2,33.325,0,0.0,6,23.75,9.85,16.525,10.175,2.0,118.35,1,10,2.775,9.43,16.0975,0,0,2005
Armanti Edwards,84.66666666666667,CAR,24,QB,35,0,0,0,0,2,3,66.66666666666667,11,0,0.0,0,0.0,1,3.6666666666666665,3.6666666666666665,3.6666666666666665,3.6666666666666665,0.2333333333333333,77.10000000000001,0,0,0.0,3.6666666666666665,3.6666666666666665,0,0,2012
Arnaz Battle,76.5,SFO,26,WR,26,23,0,0,0,2,3,50.0,27,0,0.0,0,0.0,1,12.0,6.75,6.75,6.75,1.35,79.15,0,0,0.0,6.75,6.75,0,0,2006
B.J. Daniels,75.0,2TM,27,QB,8,0,0,0,0,1,2,50.0,7,0,0.0,0,0.0,0,7.0,3.5,3.5,7.0,0.9,58.3,0,0,0.0,3.5,3.5,0,0,2015
B.J. Sander,84.0,GNB,25,P,14,0,0,0,0,1,1,100.0,4,0,0.0,0,0.0,0,4.0,4.0,4.0,4.0,0.3,83.3,0,0,0.0,4.0,4.0,0,0,2005
Baker Mayfield,18.25,CLE,26,QB,60,59,29,30,0,1185,1924,61.625,14125,92,4.7749999999999995,56,2.875,681,76.5,7.35,7.0,11.925,235.75,87.875,134,889,6.575,6.4275,6.1075,6,7,2021
Ben DiNucci,57.0,DAL,24,QB,3,1,0,1,0,23,43,53.5,219,0,0.0,0,0.0,11,32.0,5.1,5.1,9.5,73.0,67.9,7,73,14.0,2.92,2.92,0,0,2020
Ben Roethlisberger,16.25,PIT,25,QB,56,55,39,16,0,908,1436,63.525000000000006,11673,84,5.95,54,3.675,585,73.25,8.275,7.85,13.0,207.625,94.05,146,969,9.1,6.915,6.495,9,12,2007
Bernard Scott,93.0,CIN,27,RB,16,1,0,0,0,0,1,0.0,0,0,0.0,0,0.0,0,0.0,0.0,0.0,0.0,0.0,39.6,0,0,0.0,0.0,0.0,0,0,2011
Bilal Powell,63.0,NYJ,25,RB,16,11,0,0,0,1,1,100.0,30,0,0.0,0,0.0,1,30.0,30.0,30.0,30.0,1.9,118.7,0,0,0.0,30.0,30.0,0,0,2013
Blaine Gabbert,43.75,SFO,25,QB,29,27,5,22,0,417,784,50.199999999999996,4395,23,5.4,24,3.25,208,60.25,5.6,5.2250000000000005,11.25,128.025,69.7,74,518,7.075,4.725,4.4725,1,1,2014
Blake Bortles,14.25,JAX,25,QB,62,61,21,40,0,1318,2229,59.15,14928,90,3.95,64,2.925,758,69.75,6.65,6.15,11.3,239.75,80.3,164,985,6.95,5.81,5.335,6,7,2017
Brad Smith,82.0,NYJ,26,WR,44,12,0,0,0,2,4,50.0,45,0,0.0,0,0.0,1,15.0,12.0,12.0,15.0,1.0999999999999999,79.83333333333333,0,0,0.0,12.0,12.0,0,0,2009
Braden Mann,85.0,NYJ,25,P,17,0,0,0,0,1,2,50.0,17,0,0.0,0,0.0,1,17.0,8.5,8.5,17.0,1.0,79.2,0,0,0.0,8.5,8.5,0,0,2022
Bradlee Van Pelt,83.0,DEN,25,QB,3,0,0,0,0,2,8,25.0,7,0,0.0,0,0.0,0,5.0,0.9,0.9,3.5,2.3,39.6,0,0,0.0,0.88,0.88,0,0,2005
Brady Quinn,49.333333333333336,CLE,25,QB,14,12,3,9,0,184,353,47.06666666666666,1902,10,1.7666666666666668,9,1.6333333333333335,99,39.666666666666664,5.533333333333334,5.166666666666667,12.1,117.2,63.53333333333333,20,113,2.6666666666666665,5.260000000000001,4.886666666666667,1,2,2009
Brandon Allen,46.0,DEN,27,QB,3,3,1,2,0,39,84,46.4,515,3,3.6,2,2.4,20,75.0,6.1,5.8,13.2,171.7,68.3,9,59,9.7,4.9,4.58,0,0,2019
Brandon LaFell,97.0,CAR,24,WR,14,2,0,0,0,0,1,0.0,0,0,0.0,0,0.0,0,0.0,0.0,0.0,0.0,0.0,39.6,0,0,0.0,0.0,0.0,0,0,2010
Brandon Weeden,35.0,2TM,32,QB,34,25,6,19,0,559,965,59.5,6462,31,4.25,30,3.25,266,69.0,6.975,6.35,11.775,169.125,81.35,66,452,5.85,6.1475,5.5725,2,3,2015
Brett Hundley,51.0,GNB,24,QB,15,9,3,6,0,194,326,40.4,1853,9,1.4,13,6.9,90,32.0,3.75,0.9500000000000002,9.05,85.60000000000001,35.3,29,197,4.2,3.225,0.45500000000000007,2,2,2017
Brian Brohm,59.5,BUF,25,QB,3,2,0,2,0,27,52,51.05,252,0,0.0,5,9.95,12,24.0,4.8,0.29999999999999993,9.6,89.5,30.55,5,13,9.0,4.165,0.12,0,0,2010
Brian St. Pierre,113.0,PIT,25,QB,1,0,0,0,0,0,1,0.0,0,0,0.0,0,0.0,0,0.0,0.0,0.0,0.0,0.0,39.6,0,0,0.0,0.0,0.0,1,1,2004
Brian Urlacher,106.0,CHI,24,MLB,16,16,0,0,0,0,1,0.0,0,0,0.0,0,0.0,0,0.0,0.0,0.0,0.0,0.0,39.6,0,0,0.0,0.0,0.0,0,0,2002
Brian Westbrook,74.0,PHI,23,RB,15,3,0,0,0,1,1,100.0,25,1,100.0,0,0.0,1,25.0,25.0,45.0,25.0,1.7,158.3,0,0,0.0,25.0,45.0,0,0,2002
Brock Osweiler,57.0,DEN,25,QB,21,7,5,2,0,187,305,55.15,2126,11,3.4,6,0.55,100,34.0,5.325,5.75,9.8,71.275,79.275,25,159,4.7,4.78,5.2225,2,2,2015
Brodie Croyle,51.75,KAN,26,QB,16,9,0,9,0,173,300,56.525,1631,8,1.925,8,7.825,77,29.5,4.95,1.8,8.75,75.0,63.400000000000006,22,139,7.475,3.9825,1.2449999999999999,0,0,2009
Brooks Bollinger,52.333333333333336,MIN,27,QB,14,9,2,7,0,168,293,61.4,1764,7,0.8666666666666667,7,2.6333333333333333,87,45.333333333333336,6.8999999999999995,5.8999999999999995,11.200000000000001,91.53333333333335,74.0,39,243,15.233333333333334,4.703333333333333,3.9333333333333336,1,0,2006
Bruce Gradkowski,51.75,OAK,26,QB,26,16,5,11,0,279,523,49.05,2824,15,1.675,16,5.800000000000001,131,40.0,4.6,2.325,8.850000000000001,79.3,50.425,42,249,9.4,3.7199999999999998,1.755,4,5,2009
Bryan Anger,76.0,JAX,26,P,16,0,0,0,0,1,1,100.0,19,0,0.0,0,0.0,1,19.0,19.0,19.0,19.0,1.2,118.7,0,0,0.0,19.0,19.0,0,0,2014
Bryce Petty,41.0,NYJ,26,QB,10,7,1,6,0,130,245,52.75,1353,4,1.5999999999999999,10,4.0,60,49.0,5.5,4.0,10.350000000000001,135.4,57.55,21,134,7.800000000000001,4.54,3.185,1,1,2017
Bubba Franks,71.0,GNB,24,TE,16,15,0,0,0,1,1,100.0,31,1,100.0,0,0.0,1,31.0,31.0,51.0,31.0,1.9,158.3,0,0,0.0,31.0,51.0,0,0,2002
Byron Leftwich,24.5,JAX,26,QB,46,44,24,20,0,789,1344,58.65,9042,51,3.875,36,2.625,435,61.25,6.675,6.3,11.4,196.05,80.875,76,362,5.375,6.0725,5.6850000000000005,7,10,2006
C.J. Beathard,37.333333333333336,SFO,27,QB,19,12,2,10,0,291,497,59.6,3469,18,4.1000000000000005,13,2.2666666666666666,169,71.33333333333333,7.133333333333333,6.8999999999999995,11.933333333333332,181.4,85.56666666666666,46,368,8.466666666666667,5.833333333333333,5.6499999999999995,0,0,2020
Cam Newton,14.75,CAR,25,QB,62,62,30,31,1,1144,1923,59.475,14426,82,4.275,54,2.8,675,75.75,7.475,7.075,12.6,232.4,85.4,152,1140,7.325,6.3875,6.0075,9,8,2014
Cardale Jones,58.0,BUF,24,QB,1,0,0,0,0,6,11,54.5,96,0,0.0,1,9.1,2,64.0,8.7,4.6,16.0,96.0,46.0,1,2,8.3,7.83,4.08,0,0,2016
Carson Palmer,9.333333333333334,CIN,27,QB,45,45,25,20,0,932,1461,63.666666666666664,10768,78,5.3,43,3.033333333333333,538,73.33333333333333,7.333333333333333,7.033333333333334,11.533333333333333,238.26666666666665,90.76666666666667,80,516,5.2,6.62,6.336666666666666,5,9,2006
Carson Wentz,16.75,PHI,27,QB,56,56,32,24,0,1311,2055,64.02499999999999,14191,97,4.925,35,1.7,725,64.0,7.025,7.225,10.95,255.45,94.125,129,807,6.025,6.21,6.4174999999999995,6,8,2019
Cecil Shorts,71.0,JAX,27,WR,13,12,0,0,0,2,2,100.0,32,1,50.0,0,0.0,2,23.0,16.0,26.0,16.0,2.5,158.3,0,0,0.0,16.0,26.0,0,0,2014
Cedrick Wilson,92.0,SFO,25,WR,16,4,0,0,0,1,1,100.0,6,0,0.0,0,0.0,0,6.0,6.0,6.0,6.0,0.4,91.7,0,0,0.0,6.0,6.0,0,0,2003
Cedrick Wilson Jr.,73.5,DAL,26,WR,32,4,0,0,0,5,5,100.0,111,1,25.0,0,0.0,4,23.5,20.4,25.4,20.4,3.45,136.45,0,0,0.0,20.415,25.415,0,0,2021
Chad Henne,34.5,MIA,26,QB,36,31,13,18,0,646,1065,59.4,7114,31,2.35,37,2.65,367,46.0,6.625,5.9,11.175,166.25,75.9,67,421,5.05,5.9399999999999995,5.2675,3,4,2011
Chad Pennington,40.0,NYJ,27,QB,28,21,12,9,0,476,721,55.625,5418,37,8.725,18,1.375,291,49.5,8.25,9.375,16.325,133.725,98.45,49,307,8.625,6.9350000000000005,7.8875,3,4,2003
Charlie Frye,49.75,SEA,27,QB,23,20,6,14,0,366,590,54.025,3573,16,3.4,25,6.5,171,38.5,4.825,2.575,8.825,101.85,52.05,74,447,16.674999999999997,3.085,1.335,1,1,2008
Chase Claypool,95.0,2TM,24,WR,15,11,0,0,0,1,1,100.0,1,1,100.0,0,0.0,1,1.0,1.0,21.0,1.0,0.1,118.7,0,0,0.0,1.0,21.0,0,0,2022
Chris Johnson,95.0,TEN,24,RB,16,16,0,0,0,0,1,0.0,0,0,0.0,0,0.0,0,0.0,0.0,0.0,0.0,0.0,39.6,0,0,0.0,0.0,0.0,0,0,2009
Chris Redman,61.0,BAL,26,QB,10,6,3,3,0,106,198,57.93333333333334,1111,7,1.2666666666666666,5,5.666666666666667,54,21.333333333333332,5.5,3.1666666666666665,9.5,70.26666666666667,62.03333333333333,17,113,12.433333333333335,4.006666666666667,2.436666666666667,0,0,2003
Chris Simms,39.333333333333336,TAM,26,QB,19,15,7,8,0,291,492,57.73333333333333,3087,12,1.8333333333333333,17,4.3,156,69.33333333333333,6.133333333333333,4.533333333333333,10.633333333333333,157.79999999999998,63.93333333333334,43,312,8.033333333333333,5.033333333333333,3.5666666666666664,3,3,2006
Chris Weinke,37.5,CAR,30,QB,21,16,1,15,0,310,578,49.5,3111,11,1.0,22,5.7,148,36.0,5.050000000000001,2.75,10.3,112.7,44.1,32,212,9.1,4.085,1.985,0,0,2002
Christian Kirk,75.0,ARI,25,WR,17,11,0,0,0,1,1,100.0,33,0,0.0,0,0.0,1,33.0,33.0,33.0,33.0,1.9,118.7,0,0,0.0,33.0,33.0,0,0,2021
Christian McCaffrey,80.5,CAR,23,RB,32,32,0,0,0,1,3,50.0,50,1,50.0,0,0.0,1,25.0,25.0,35.0,25.0,1.55,98.95,0,0,0.0,25.0,35.0,0,0,2019
Christian Ponder,36.0,MIN,26,QB,38,36,14,21,1,632,1057,57.5,6658,38,2.775,36,3.825,354,50.5,6.1,4.95,10.6,161.5,68.75,95,501,9.425,5.0275,3.9875,2,3,2014
Clinton Portis,82.0,WAS,24,RB,31,31,0,0,0,2,4,50.0,32,2,50.0,0,0.0,2,16.0,8.0,18.0,16.0,1.05,116.65,0,0,0.0,8.0,18.0,0,0,2005
Cody Kessler,44.0,JAX,25,QB,17,12,2,10,0,224,349,59.43333333333334,2215,8,1.5333333333333332,5,2.2666666666666666,110,36.666666666666664,6.0,5.233333333333333,10.200000000000001,112.36666666666667,72.10000000000001,49,337,14.933333333333332,4.03,3.4499999999999997,0,0,2018
Cody Pickett,64.5,SFO,25,QB,6,2,0,2,0,18,45,40.0,195,0,0.0,4,12.85,8,23.0,4.75,-1.05,11.9,41.5,23.5,5,30,12.3,3.34,-1.595,0,0,2005
Colin Kaepernick,34.0,SFO,27,QB,48,39,25,14,0,671,1117,60.325,8415,50,3.4,21,1.35,400,55.0,7.5,7.575,12.475,140.4,89.375,107,687,6.300000000000001,6.625,6.695,6,6,2014
Colt McCoy,44.25,SFO,27,QB,28,21,6,15,0,410,703,67.725,4401,21,2.9000000000000004,20,1.625,225,34.25,7.65,7.5,10.95,109.2,88.25,59,330,8.725,6.6575,6.4975000000000005,1,3,2013
Connor Cook,53.0,OAK,23,QB,1,0,0,0,0,14,21,66.7,150,1,4.8,1,4.8,6,32.0,7.1,6.0,10.7,150.0,83.4,2,7,8.7,6.22,5.13,0,0,2016
Cooper Kupp,92.0,LAR,26,WR,31,20,0,0,0,0,2,0.0,0,0,0.0,0,0.0,0,0.0,0.0,0.0,0.0,0.0,39.6,0,0,0.0,0.0,0.0,0,0,2019
Courtland Sutton,72.5,DEN,26,WR,33,30,0,0,0,2,2,100.0,54,0,0.0,0,0.0,2,27.0,27.0,27.0,27.0,1.65,118.7,0,0,0.0,27.0,27.0,0,0,2021
Craig Krenzel,39.0,CHI,23,QB,6,5,3,2,0,59,127,46.5,718,3,2.4,6,4.7,31,49.0,5.7,4.0,12.2,119.7,52.5,23,158,15.3,3.73,2.33,1,1,2004
Craig Nall,54.0,GNB,25,QB,5,0,0,0,0,23,33,69.7,314,4,12.1,0,0.0,19,43.0,9.5,11.9,13.7,62.8,139.4,2,8,5.7,8.74,11.03,0,0,2004
Curtis Painter,48.0,IND,26,QB,11,8,0,8,0,140,271,41.45,1624,6,1.25,11,5.4,74,54.5,4.65,2.45,11.05,106.35,38.199999999999996,19,120,7.949999999999999,3.855,1.855,0,0,2011
D'Andre Swift,113.0,DET,22,RB,13,4,0,0,0,0,1,0.0,0,0,0.0,0,0.0,0,0.0,0.0,0.0,0.0,0.0,39.6,0,0,0.0,0.0,0.0,0,0,2021
D.J. Moore,109.0,CAR,23,WR,15,14,0,0,0,0,1,0.0,0,0,0.0,0,0.0,0,0.0,0.0,0.0,0.0,0.0,39.6,0,0,0.0,0.0,0.0,0,0,2020
Dak Prescott,13.0,DAL,26,QB,64,64,40,24,0,1363,2071,65.875,15778,97,4.675,36,1.725,782,79.0,7.6,7.75,11.525,246.55,97.025,136,826,6.1499999999999995,6.7625,6.915,8,14,2019
Dan Orlovsky,51.5,DET,25,QB,12,7,0,7,0,150,272,48.650000000000006,1679,8,1.55,8,1.55,79,58.0,5.0,4.65,10.15,96.55,62.199999999999996,15,98,5.4,4.49,4.12,0,0,2008
Daniel Jones,21.75,NYG,25,QB,54,53,21,31,1,1113,1740,63.974999999999994,11603,60,3.425,34,1.9500000000000002,569,61.75,6.675,6.475,10.45,216.0,86.35,149,984,7.725,5.6375,5.4525,6,8,2022
Daniel Sepulveda,80.0,PIT,23,P,16,0,0,0,0,1,1,100.0,32,0,0.0,0,0.0,1,32.0,32.0,32.0,32.0,2.0,118.7,0,0,0.0,32.0,32.0,0,0,2007
Dante Pettis,79.5,NYG,26,WR,14,4,0,0,0,2,2,100.0,32,0,0.0,0,0.0,2,16.0,16.0,16.0,16.0,3.4,118.7,0,0,0.0,16.0,16.0,0,0,2021
Darren McFadden,100.0,OAK,23,RB,13,13,0,0,0,0,1,0.0,0,0,0.0,0,0.0,0,0.0,0.0,0.0,0.0,0.0,39.6,0,0,0.0,0.0,0.0,0,0,2010
Dave Ragone,57.0,HOU,24,QB,2,2,0,2,0,20,40,50.0,135,0,0.0,1,2.5,8,24.0,3.4,2.3,6.8,67.5,47.4,8,39,16.7,2.0,1.06,0,0,2003
Dave Zastudil,107.0,BAL,24,P,16,0,0,0,0,0,1,0.0,0,0,0.0,0,0.0,0,0.0,0.0,0.0,0.0,0.0,39.6,0,0,0.0,0.0,0.0,0,0,2002
David Carr,20.5,HOU,26,QB,60,59,16,43,0,941,1628,57.7,10624,48,2.95,53,3.35,514,70.25,6.525,5.625,11.325,176.5,73.25,208,1226,10.675,5.215,4.3950000000000005,5,7,2005
David Fales,59.5,MIA,27,QB,3,0,0,0,0,31,48,53.7,287,1,1.15,1,1.15,17,19.0,5.300000000000001,5.0,10.05,77.25,67.85,2,13,9.5,4.335,4.05,0,0,2017
David Garrard,50.5,JAX,27,QB,17,8,5,3,0,168,298,59.025,1808,8,3.925,4,1.575,106,30.75,6.0,6.075,10.2,88.475,82.775,21,120,6.35,5.3025,5.42,2,3,2005
David Givens,103.0,NWE,23,WR,13,5,0,0,0,0,1,0.0,0,0,0.0,1,100.0,0,0.0,0.0,-45.0,0.0,0.0,0.0,0,0,0.0,0.0,-45.0,0,0,2003
David Montgomery,110.0,CHI,24,RB,13,13,0,0,0,0,1,0.0,0,0,0.0,1,100.0,0,0.0,0.0,-45.0,0.0,0.0,0.0,0,0,0.0,0.0,-45.0,0,0,2021
DeSean Jackson,94.0,PHI,22,WR,16,15,0,0,0,0,1,0.0,0,0,0.0,1,100.0,0,0.0,0.0,-45.0,0.0,0.0,0.0,0,0,0.0,0.0,-45.0,0,0,2008
DeShaun Foster,91.0,CAR,25,RB,15,5,0,0,0,0,1,0.0,0,0,0.0,0,0.0,0,0.0,0.0,0.0,0.0,0.0,39.6,0,0,0.0,0.0,0.0,0,0,2005
DeShone Kizer,38.5,GNB,22,QB,18,15,0,15,0,275,518,50.6,3081,11,1.15,24,4.699999999999999,139,42.5,5.3,3.4,10.350000000000001,127.6,50.5,42,264,8.05,4.215,2.485,0,0,2018
Dede Westbrook,106.0,JAX,25,WR,16,9,0,0,0,0,1,0.0,0,0,0.0,0,0.0,0,0.0,0.0,0.0,0.0,0.0,39.6,0,0,0.0,0.0,0.0,0,0,2018
Dee Brown,87.0,CAR,24,RB,14,3,0,0,0,0,1,0.0,0,0,0.0,1,100.0,0,0.0,0.0,-45.0,0.0,0.0,0.0,0,0,0.0,0.0,-45.0,0,0,2002
DeeJay Dallas,98.0,SEA,24,RB,15,0,0,0,0,0,1,0.0,0,0,0.0,1,100.0,0,0.0,0.0,-45.0,0.0,0.0,0.0,0,0,0.0,0.0,-45.0,0,0,2022
Deebo Samuel,78.0,SFO,25,WR,16,15,0,0,0,1,2,50.0,24,1,50.0,0,0.0,1,24.0,12.0,22.0,24.0,1.5,133.3,0,0,0.0,12.0,22.0,0,0,2021
Demaryius Thomas,96.0,DEN,24,WR,11,5,0,0,0,0,1,0.0,0,0,0.0,0,0.0,0,0.0,0.0,0.0,0.0,0.0,39.6,0,0,0.0,0.0,0.0,0,0,2011
Denard Robinson,90.0,JAX,24,RB,29,9,0,0,0,0,2,0.0,0,0,0.0,0,0.0,0,0.0,0.0,0.0,0.0,0.0,39.6,0,0,0.0,0.0,0.0,0,0,2014
Dennis Dixon,66.0,PIT,25,QB,4,3,2,1,0,35,59,71.66666666666667,402,1,1.2666666666666666,2,2.3000000000000003,14,29.333333333333332,5.5,4.7,8.866666666666667,91.66666666666667,73.06666666666668,5,41,4.5,4.78,4.053333333333334,0,1,2010
Dennis Northcutt,116.0,CLE,26,WR,15,6,0,0,0,0,1,0.0,0,0,0.0,0,0.0,0,0.0,0.0,0.0,0.0,0.0,39.6,0,0,0.0,0.0,0.0,0,0,2003
Derek Anderson,28.0,CLE,25,QB,31,27,13,14,0,506,927,54.36666666666667,6195,43,4.333333333333333,35,4.3999999999999995,305,71.33333333333333,6.566666666666666,5.466666666666666,12.033333333333333,185.6,70.7,36,262,4.566666666666667,5.919999999999999,4.8566666666666665,4,5,2008
Derek Carr,15.0,OAK,26,QB,62,62,28,34,0,1378,2247,61.425,14690,103,4.6,44,1.975,710,76.75,6.575,6.6,10.65,237.3,87.7,91,559,3.875,6.07,6.1,13,13,2017
Derrick Henry,80.0,TEN,24,RB,16,12,0,0,0,2,3,66.7,14,0,0.0,0,0.0,1,8.0,4.7,4.7,7.0,0.9,77.1,0,0,0.0,4.67,4.67,0,0,2018
Deshaun Watson,14.0,HOU,25,QB,54,53,28,25,0,1186,1748,66.9,14539,104,6.45,36,2.35,712,69.0,8.3,8.525,12.45,265.3,104.125,174,1050,8.975,7.02,7.2275,8,10,2020
Deuce McAllister,99.0,NOR,25,RB,32,20,0,0,0,1,4,25.0,12,1,25.0,0,0.0,1,6.0,3.0,8.0,6.0,0.4,73.95,0,0,0.0,3.0,8.0,0,0,2003
Domanick Williams,98.0,HOU,25,RB,11,11,0,0,0,0,1,0.0,0,0,0.0,0,0.0,0,0.0,0.0,0.0,0.0,0.0,39.6,0,0,0.0,0.0,0.0,0,0,2005
Drew Brees,25.25,SDG,25,QB,43,42,21,21,0,802,1309,59.875,8772,56,4.2,38,2.25,411,59.75,7.05,6.875,11.85,207.125,86.0,65,501,5.3,6.3025,6.135,3,7,2004
Drew Henson,63.0,DAL,24,QB,7,1,1,0,0,10,18,55.6,78,1,5.6,1,5.6,7,16.0,4.3,2.9,7.8,11.1,61.8,2,26,10.0,2.6,1.35,0,0,2004
Drew Lock,33.333333333333336,DEN,25,QB,24,21,8,13,0,421,710,60.599999999999994,4740,25,3.3000000000000003,20,2.3666666666666667,231,61.333333333333336,6.733333333333333,6.333333333333333,11.133333333333333,186.9333333333333,81.83333333333333,33,201,4.8999999999999995,6.126666666666666,5.739999999999999,2,3,2021
Drew Stanton,48.666666666666664,DET,26,QB,12,4,2,2,0,104,187,53.96666666666667,1158,5,3.1,9,4.766666666666667,57,52.666666666666664,6.233333333333333,4.699999999999999,11.5,85.33333333333333,66.5,17,104,13.266666666666667,4.5633333333333335,3.0999999999999996,2,2,2010
Duke Johnson,89.0,CLE,23,RB,16,1,0,0,0,0,1,0.0,0,0,0.0,0,0.0,0,0.0,0.0,0.0,0.0,0.0,39.6,0,0,0.0,0.0,0.0,0,0,2016
Dwayne Haskins,35.0,WAS,23,QB,16,13,3,10,0,267,444,60.0,2804,12,2.75,14,3.15,138,62.5,6.35,5.5,10.6,178.64999999999998,74.55,49,345,10.1,4.984999999999999,4.2,2,2,2020
EJ Manuel,42.75,BUF,26,QB,28,17,6,11,0,319,547,55.25,3502,19,2.75,15,2.2,162,54.5,6.125,5.675,11.175,116.675,73.7,43,268,7.45,5.1975,4.785,1,3,2016
Easton Stick,100.0,LAC,25,QB,1,0,0,0,0,1,1,100.0,4,0,0.0,0,0.0,0,4.0,4.0,4.0,4.0,4.0,83.3,0,0,0.0,4.0,4.0,0,0,2020
Eddie Royal,101.0,DEN,22,WR,15,15,0,0,0,0,1,0.0,0,0,0.0,0,0.0,0,0.0,0.0,0.0,0.0,0.0,39.6,0,0,0.0,0.0,0.0,0,0,2008
Eli Manning,16.0,NYG,26,QB,57,55,30,25,0,987,1805,53.7,11385,77,4.05,64,3.7249999999999996,555,61.25,6.15,5.275,11.45,190.575,70.55000000000001,93,670,5.125,5.4725,4.6625,7,8,2007
Emmanuel Sanders,79.0,PIT,24,WR,11,0,0,0,0,1,1,100.0,15,0,0.0,0,0.0,1,15.0,15.0,15.0,15.0,1.4,118.7,0,0,0.0,15.0,15.0,0,0,2011
Eric Decker,86.0,DEN,24,WR,16,13,0,0,0,0,1,0.0,0,0,0.0,0,0.0,0,0.0,0.0,0.0,0.0,0.0,39.6,0,0,0.0,0.0,0.0,0,0,2011
Freddie Mitchell,92.33333333333333,PHI,25,WR,47,8,0,0,0,1,3,33.333333333333336,25,1,33.333333333333336,0,0.0,1,8.333333333333334,8.333333333333334,15.0,8.333333333333334,0.5333333333333333,79.16666666666667,0,0,0.0,8.333333333333334,15.0,0,0,2003
Gardner Minshew II,35.75,PHI,26,QB,32,24,8,16,0,586,933,63.224999999999994,6632,44,5.0,15,2.1,321,58.75,7.475,7.525,11.95,181.75,93.825,71,390,7.3,6.5325,6.58,4,4,2022
Geno Smith,38.75,NYJ,26,QB,33,30,12,18,0,501,866,59.225,5962,28,4.525,36,4.425,284,60.0,7.275,6.175,12.350000000000001,174.7,78.275,77,528,10.05,5.8325,4.87,3,7,2016
Gibran Hamdan,90.0,WAS,22,QB,1,0,0,0,0,1,2,50.0,7,0,0.0,0,0.0,0,7.0,3.5,3.5,7.0,7.0,58.3,1,2,33.3,1.67,1.67,0,0,2003
Golden Tate,69.0,SEA,24,WR,15,15,0,0,0,1,1,100.0,23,1,100.0,0,0.0,1,23.0,23.0,43.0,23.0,1.5,158.3,0,0,0.0,23.0,43.0,0,0,2012
Greg McElroy,45.0,NYJ,24,QB,2,1,0,1,0,19,31,61.3,214,1,3.2,1,3.2,13,30.0,6.9,6.1,11.3,107.0,79.2,11,71,26.2,3.4,2.81,1,1,2012
Isaiah McKenzie,97.0,BUF,25,WR,16,7,0,0,0,1,1,100.0,12,1,100.0,0,0.0,1,12.0,12.0,32.0,12.0,0.8,156.2,0,0,0.0,12.0,32.0,0,0,2020
J.J. Arrington,90.0,ARI,25,RB,11,3,0,0,0,0,1,0.0,0,0,0.0,0,0.0,0,0.0,0.0,0.0,0.0,0.0,39.6,0,0,0.0,0.0,0.0,0,0,2008
J.P. Losman,39.5,BUF,26,QB,37,31,10,21,0,495,837,58.875,5627,31,2.55,29,7.55,248,60.75,6.575,3.675,11.2,124.525,66.47500000000001,88,632,11.05,5.3425,2.8875,3,6,2007
JK Scott,105.0,GNB,23,K,16,0,0,0,0,0,1,0.0,0,0,0.0,0,0.0,0,0.0,0.0,0.0,0.0,0.0,39.6,0,0,0.0,0.0,0.0,0,0,2018
JaMarcus Russell,39.0,OAK,24,QB,31,25,7,18,0,354,680,52.36666666666667,4083,18,2.566666666666667,23,4.266666666666667,185,67.33333333333333,5.833333333333333,4.433333333333334,11.1,120.7,61.0,70,457,9.3,4.683333333333334,3.4299999999999997,3,4,2009
Jabar Gaffney,90.0,HOU,24,WR,48,37,0,0,0,1,5,33.333333333333336,39,1,33.333333333333336,0,0.0,1,13.0,13.0,19.666666666666668,13.0,0.7999999999999999,79.16666666666667,0,0,0.0,13.0,19.666666666666668,0,0,2004
Jacob Eason,74.5,CAR,25,QB,2,0,0,0,0,5,10,50.0,84,0,0.0,2,20.0,4,29.5,8.4,-0.6000000000000001,16.1,42.0,39.2,0,0,0.0,8.4,-0.6000000000000001,0,0,2022
Jacoby Brissett,47.0,IND,27,QB,38,32,12,20,0,584,975,57.875,6442,31,1.7,13,0.7,308,48.0,5.25,5.275,8.7,130.875,77.45,85,510,6.375,4.3825,4.404999999999999,2,3,2019
Jahvid Best,91.0,DET,21,RB,16,9,0,0,0,0,1,0.0,0,0,0.0,0,0.0,0,0.0,0.0,0.0,0.0,0.0,39.6,0,0,0.0,0.0,0.0,0,0,2010
Jake Elliott,94.0,PHI,24,K,16,0,0,0,0,0,1,0.0,0,0,0.0,1,100.0,0,0.0,0.0,-45.0,0.0,0.0,0.0,0,0,0.0,0.0,-45.0,0,0,2019
Jake Fromm,57.0,NYG,23,QB,3,2,0,2,0,27,60,45.0,210,1,1.7,3,5.0,10,36.0,3.5,1.6,7.8,70.0,38.9,6,33,9.1,2.68,0.94,0,0,2021
Jake Locker,38.75,TEN,26,QB,30,23,9,14,0,408,709,56.875,4967,27,4.275,22,2.625,221,63.0,7.2,6.875,12.75,156.875,82.75,60,378,7.800000000000001,6.135,5.8375,1,3,2014
Jake Luton,44.0,JAX,24,QB,3,3,0,3,0,60,110,54.5,624,2,1.8,6,5.5,31,73.0,5.7,3.6,10.4,208.0,54.5,7,52,6.0,4.89,2.92,0,0,2020
Jake Rudock,71.0,DET,24,QB,3,0,0,0,0,3,5,60.0,24,0,0.0,1,20.0,1,13.0,4.8,-4.2,8.0,8.0,32.5,0,0,0.0,4.8,-4.2,0,0,2017
Jalen Hurts,23.333333333333332,PHI,24,QB,45,34,23,11,0,648,1040,59.93333333333334,7906,44,4.2,19,2.0333333333333337,363,80.0,7.5,7.433333333333334,12.6,175.66666666666666,88.76666666666667,77,440,7.133333333333333,6.576666666666667,6.503333333333333,3,4,2022
Jamal Agnew,102.0,DET,25,WR,14,2,0,0,0,0,1,0.0,0,0,0.0,0,0.0,0,0.0,0.0,0.0,0.0,0.0,39.6,0,0,0.0,0.0,0.0,0,0,2020
Jameis Winston,14.5,TAM,24,QB,56,54,21,33,0,1183,1922,61.875,14628,88,4.575,58,3.05,754,61.75,7.65,7.225,12.4,262.425,88.175,122,793,6.05,6.7975,6.375,5,9,2018
James Allen,83.0,HOU,27,RB,16,5,0,0,0,1,2,50.0,5,1,50.0,0,0.0,1,5.0,2.5,12.5,5.0,0.3,95.8,0,0,0.0,2.5,12.5,0,0,2002
James Proche,104.0,BAL,26,WR,15,0,0,0,0,0,1,0.0,0,0,0.0,1,100.0,0,0.0,0.0,-45.0,0.0,0.0,0.0,0,0,0.0,0.0,-45.0,0,0,2022
Jamison Crowder,82.0,WAS,22,WR,16,6,0,0,0,0,1,0.0,0,0,0.0,0,0.0,0,0.0,0.0,0.0,0.0,0.0,39.6,0,0,0.0,0.0,0.0,0,0,2015
Jaquan Johnson,95.0,BUF,25,DB,14,0,0,0,0,1,1,100.0,13,0,0.0,0,0.0,1,13.0,13.0,13.0,13.0,0.9,118.7,0,0,0.0,13.0,13.0,0,0,2020
Jared Goff,13.0,LAR,25,QB,54,54,33,21,0,1166,1869,61.125,14219,87,4.375,42,2.4,713,74.0,7.275,7.075,11.825,248.02499999999998,87.925,106,787,6.325,6.3525,6.1725,6,7,2019
Jarious Jackson,75.0,DEN,26,QB,4,1,0,1,0,11,22,34.23333333333333,114,0,0.0,1,3.6999999999999997,8,11.666666666666666,3.5666666666666664,1.8999999999999997,6.900000000000001,38.0,44.699999999999996,2,11,19.233333333333334,2.4033333333333333,0.7366666666666668,0,0,2003
Jarrett Stidham,60.0,LVR,26,QB,13,2,0,2,0,77,131,54.63333333333333,926,6,3.1,7,11.799999999999999,45,36.333333333333336,5.733333333333333,1.0333333333333334,10.333333333333334,62.36666666666667,54.20000000000001,12,75,12.033333333333333,4.3566666666666665,0.49333333333333346,0,0,2022
Jarvis Landry,84.0,MIA,25,WR,48,46,0,0,0,1,3,33.333333333333336,9,0,0.0,0,0.0,1,3.0,3.0,3.0,3.0,0.19999999999999998,61.13333333333333,0,0,0.0,3.0,3.0,0,0,2017
Jason Campbell,22.666666666666668,WAS,27,QB,36,36,16,20,0,675,1130,58.46666666666667,7242,35,3.4333333333333336,23,2.2333333333333334,377,62.333333333333336,6.3999999999999995,6.066666666666667,10.966666666666669,198.6,79.46666666666665,66,431,5.033333333333333,5.73,5.423333333333333,3,6,2008
Jay Cutler,16.5,CHI,26,QB,53,53,24,29,0,1098,1775,61.375,12690,81,4.975,63,3.55,615,75.75,7.175,6.575,11.725000000000001,232.7,84.85,86,511,5.475,6.465,5.88,7,11,2009
Jaylen Samuels,63.0,PIT,23,RB,14,4,0,0,0,4,5,80.0,35,0,0.0,1,20.0,2,21.0,7.0,-2.0,8.8,2.5,56.2,0,0,0.0,7.0,-2.0,0,0,2019
Jeff Driskel,39.5,DET,26,QB,12,8,1,7,0,167,281,59.35,1688,10,3.5999999999999996,6,2.45,81,42.0,6.1,5.75,10.3,169.85000000000002,78.75,27,168,8.9,5.05,4.695,0,0,2019
Jeremy Kerley,74.75,NYJ,26,WR,58,23,0,0,0,2,4,50.0,83,0,0.0,0,0.0,2,20.75,20.75,20.75,20.75,1.375,79.15,0,0,0.0,20.75,20.75,0,0,2014
Jerick McKinnon,92.0,MIN,24,RB,15,7,0,0,0,0,1,0.0,0,0,0.0,0,0.0,0,0.0,0.0,0.0,0.0,0.0,39.6,0,0,0.0,0.0,0.0,0,0,2016
Jerious Norwood,94.0,ATL,23,RB,14,0,0,0,0,0,1,0.0,0,0,0.0,0,0.0,0,0.0,0.0,0.0,0.0,0.0,39.6,0,0,0.0,0.0,0.0,0,0,2006
Jesse Palmer,59.5,NYG,25,QB,8,3,0,3,0,63,120,63.35,562,3,1.3,4,1.7,28,27.0,6.05,5.55,9.45,51.85,77.15,16,95,6.05,5.405,4.95,0,0,2003
Jim Sorgi,59.666666666666664,IND,27,QB,13,0,0,0,0,77,126,59.166666666666664,751,6,4.866666666666667,1,0.5333333333333333,33,42.666666666666664,5.666666666666667,6.366666666666667,9.4,55.199999999999996,88.93333333333334,6,37,4.433333333333334,5.123333333333334,5.82,0,0,2007
Jimmy Clausen,33.0,CAR,23,QB,13,10,1,9,0,157,299,52.5,1558,3,1.0,9,3.0,73,55.0,5.2,4.1,9.9,119.8,58.4,33,223,9.9,4.02,2.98,0,0,2010
Jimmy Garoppolo,51.0,SFO,26,QB,23,7,7,0,0,183,272,57.775000000000006,2250,12,3.475,5,0.7,111,35.25,6.25,6.625,10.075,93.8,87.575,16,108,6.1,5.38,5.7250000000000005,3,3,2017
Joe Burrow,11.333333333333334,CIN,26,QB,42,42,24,17,1,1044,1530,68.0,11774,82,5.166666666666667,31,1.9666666666666668,622,69.66666666666667,7.666666666666667,7.766666666666666,11.200000000000001,278.90000000000003,99.63333333333333,124,860,7.5,6.53,6.663333333333333,5,7,2022
Joe Flacco,14.5,BAL,26,QB,64,64,44,20,0,1190,1958,60.825,13816,80,4.075,46,2.35,681,70.75,7.050000000000001,6.8,11.625,215.875,85.925,139,991,6.675,6.1125,5.875,6,10,2011
Joe Webb,49.5,MIN,25,QB,16,3,1,1,0,88,152,57.35,853,3,2.4,5,3.3,43,41.0,5.7,4.65,9.95,64.80000000000001,67.75,11,69,6.35,4.9,3.9749999999999996,0,1,2011
Joey Harrington,21.0,DET,27,QB,58,55,18,37,0,986,1802,54.725,10242,60,3.35,62,3.45,501,71.0,5.7,4.825,10.475,175.675,68.325,77,462,4.275,5.2125,4.3625,6,6,2005
John Beck,52.0,MIA,26,QB,5,4,0,4,0,60,107,56.1,559,1,0.9,3,2.8,23,22.0,5.2,4.1,9.3,111.8,62.0,10,69,8.5,4.19,3.21,0,0,2007
John Navarre,59.5,ARI,25,QB,2,1,0,1,0,32,64,51.65,342,2,3.35,5,7.1,12,38.0,5.75,3.2,10.850000000000001,171.0,51.6,5,35,8.35,4.575,2.18,0,0,2005
John Skelton,36.666666666666664,ARI,24,QB,20,17,8,9,0,320,602,52.23333333333333,3707,15,2.1999999999999997,25,3.733333333333333,167,58.0,5.966666666666666,4.733333333333333,11.366666666666667,177.73333333333335,62.199999999999996,47,325,7.1000000000000005,5.03,3.8833333333333333,6,7,2012
Johnny Manziel,45.0,CLE,23,QB,14,8,2,6,0,147,258,54.599999999999994,1675,7,1.55,7,3.95,78,46.5,5.85,4.35,10.649999999999999,100.85,60.7,22,167,7.9,4.77,3.405,0,0,2015
Jonathan Williams,96.0,BUF,22,RB,11,0,0,0,0,0,1,0.0,0,0,0.0,0,0.0,0,0.0,0.0,0.0,0.0,0.0,39.6,0,0,0.0,0.0,0.0,0,0,2016
Jordan Love,57.0,GNB,24,QB,10,1,0,1,0,50,83,62.400000000000006,606,3,4.0,3,2.4,31,62.5,7.95,7.6499999999999995,12.65,58.65,90.45,3,23,2.3,7.629999999999999,7.375,0,0,2022
Jordan Palmer,73.5,CIN,26,QB,4,0,0,0,0,10,15,79.15,59,0,0.0,2,8.35,5,10.0,4.7,0.9500000000000002,5.95,15.85,58.5,4,31,27.15,0.8700000000000001,-2.345,0,0,2010
Joseph Addai,76.0,IND,26,RB,15,15,0,0,0,1,1,100.0,22,1,100.0,0,0.0,1,22.0,22.0,42.0,22.0,1.5,158.3,0,0,0.0,22.0,42.0,0,0,2009
Josh Allen,13.875,BUF,26,QB,126,125,86,39,0,2680,4245,62.3375,30437,231,5.2625,94,2.2875,1573,63.875,7.1125,7.1625000000000005,11.450000000000001,239.1375,91.7375,241,1495,5.637499999999999,6.3675,6.3975,17,23,2022
Josh Bush,76.0,NYJ,24,DB,16,0,0,0,0,0,1,0.0,0,0,0.0,0,0.0,0,0.0,0.0,0.0,0.0,0.0,39.6,0,0,0.0,0.0,0.0,0,0,2013
Josh Freeman,15.75,TAM,24,QB,57,56,24,32,0,1101,1873,58.375,12963,78,4.1,63,3.625,613,66.5,6.875,6.075,11.825,223.7,77.975,103,622,5.4,6.1825,5.422499999999999,9,10,2012
Josh Huff,88.0,2TM,25,WR,10,2,0,0,0,0,1,0.0,0,0,0.0,0,0.0,0,0.0,0.0,0.0,0.0,0.0,39.6,0,0,0.0,0.0,0.0,0,0,2016
Josh Johnson,53.666666666666664,TAM,25,QB,26,5,0,5,0,96,177,63.56666666666666,1042,5,2.0,10,4.0,48,33.0,6.3999999999999995,5.0,10.566666666666668,50.53333333333333,69.03333333333333,16,91,8.966666666666667,5.336666666666666,4.053333333333334,0,0,2011
Josh McCown,38.75,ARI,26,QB,33,22,10,12,0,498,862,53.4,5431,25,2.25,29,5.324999999999999,263,45.75,5.7,3.75,10.55,135.925,57.375,79,588,12.049999999999999,4.0649999999999995,2.46,3,3,2005
Josh Rosen,51.333333333333336,ATL,24,QB,24,16,3,13,0,277,513,42.2,2864,12,1.2333333333333332,21,8.799999999999999,139,43.0,4.233333333333333,0.5333333333333332,9.933333333333334,87.33333333333333,39.56666666666667,61,413,7.7,3.33,-0.2566666666666668,1,2,2021
Joshua Dobbs,82.5,PIT,25,QB,6,0,0,0,0,10,17,65.0,45,0,0.0,1,4.15,2,12.5,2.0,0.1,3.85,5.3,51.6,0,0,0.0,1.99,0.115,0,0,2020
Justin Herbert,3.3333333333333335,LAC,24,QB,49,49,25,24,0,1316,1966,66.89999999999999,14089,94,4.833333333333333,35,1.7666666666666668,700,66.33333333333333,7.2,7.366666666666667,10.700000000000001,287.59999999999997,96.39999999999999,101,638,4.8999999999999995,6.516666666666667,6.669999999999999,10,13,2022
Justin Jefferson,75.0,MIN,23,WR,34,34,0,0,0,4,6,75.0,69,0,0.0,0,0.0,4,23.5,12.9,12.9,17.25,2.05,99.45,0,0,0.0,12.875,12.875,0,0,2022
Keith Null,47.0,STL,24,QB,4,4,0,4,0,73,119,61.3,566,3,2.5,9,7.6,30,25.0,4.8,1.9,7.8,141.5,49.9,13,82,9.8,3.67,1.05,0,0,2009
Kellen Clemens,60.25,NYJ,26,QB,24,9,4,5,0,146,282,40.5,1680,5,0.5,11,6.0,91,23.25,4.025,1.425,7.525,44.6,49.625,35,186,25.75,2.0725,-0.49250000000000005,1,2,2009
Kelvin Harmon,82.0,WAS,23,WR,16,8,0,0,0,1,1,100.0,11,0,0.0,0,0.0,1,11.0,11.0,11.0,11.0,0.7,112.5,0,0,0.0,11.0,11.0,0,0,2019
Ken Dorsey,55.666666666666664,CLE,25,QB,12,10,2,8,0,171,317,35.9,1712,8,1.6333333333333335,11,2.066666666666667,82,34.333333333333336,3.5666666666666664,3.0,6.666666666666667,104.73333333333335,56.300000000000004,20,129,20.566666666666666,1.9933333333333332,1.4200000000000002,0,1,2006
Kevin Byard,58.0,TEN,25,FS,16,16,0,0,0,1,1,100.0,66,1,100.0,0,0.0,1,66.0,66.0,86.0,66.0,4.1,158.3,0,0,0.0,66.0,86.0,0,0,2018
Kevin Hogan,51.5,CLE,25,QB,8,1,0,1,0,60,101,57.55,621,4,2.65,7,7.2,27,33.0,5.45,2.75,9.3,77.65,51.75,8,45,7.25,4.655,2.15,0,0,2017
Kevin Kolb,43.666666666666664,PHI,26,QB,18,7,3,4,0,194,319,58.46666666666666,2082,11,2.6333333333333333,14,6.2,97,56.666666666666664,6.066666666666666,3.8000000000000003,10.299999999999999,114.39999999999999,62.26666666666667,18,126,3.466666666666667,5.609999999999999,3.373333333333333,0,0,2010
Kevin O'Connell,71.0,NWE,23,QB,2,0,0,0,0,4,6,66.7,23,0,0.0,0,0.0,1,12.0,3.8,3.8,5.8,11.5,73.6,1,2,14.3,3.0,3.0,0,0,2008
Kirk Cousins,31.5,WAS,27,QB,30,25,11,14,0,619,950,63.175,7196,47,5.275,30,4.3,342,74.5,7.825,6.95,12.3,217.875,87.0,42,315,4.35,7.12,6.2775,3,4,2015
Kliff Kingsbury,79.0,NYJ,26,QB,1,0,0,0,0,1,2,50.0,17,0,0.0,0,0.0,0,17.0,8.5,8.5,17.0,17.0,79.2,0,0,0.0,8.5,8.5,0,0,2005
Kurt Kittner,51.0,ATL,23,QB,7,4,1,3,0,44,114,38.6,391,2,1.8,6,5.3,23,31.0,3.4,1.4,8.9,55.9,32.5,5,30,4.2,3.03,1.1,0,0,2003
Kyle Boller,34.25,BAL,25,QB,41,34,18,16,0,578,1036,56.45,6103,36,4.699999999999999,34,3.525,303,63.5,6.5,5.85,11.5,142.825,77.275,78,501,6.65,5.7,5.0975,4,5,2006
Kyle Lauletta,104.0,NYG,23,QB,2,0,0,0,0,0,5,0.0,0,0,0.0,1,20.0,0,0.0,0.0,-9.0,0.0,0.0,0.0,0,0,0.0,0.0,-9.0,0,0,2018
Kyle Orton,34.333333333333336,CHI,26,QB,33,33,21,12,0,505,913,54.63333333333333,5319,30,3.3666666666666667,27,2.8666666666666667,256,58.0,5.833333333333333,5.2,10.6,160.66666666666666,71.06666666666666,59,362,5.133333333333334,5.206666666666666,4.623333333333334,2,3,2008
Kyler Murray,16.75,ARI,25,QB,57,57,25,31,1,1316,1971,66.80000000000001,13848,84,4.25,41,2.075,676,70.75,7.0,6.9,10.45,241.64999999999998,92.375,131,963,6.199999999999999,6.0875,6.015000000000001,6,8,2022
LaBrandon Toefield,76.0,JAX,23,RB,16,0,0,0,0,1,2,50.0,32,0,0.0,0,0.0,1,32.0,16.0,16.0,32.0,2.0,95.8,0,0,0.0,16.0,16.0,0,0,2003
LaDainian Tomlinson,77.5,SDG,25,RB,31,31,0,0,0,2,3,75.0,59,1,50.0,0,0.0,2,29.5,20.0,30.0,29.5,1.9,127.05000000000001,1,1,16.65,16.665,26.665,0,0,2004
LaMont Jordan,101.5,NYJ,26,RB,32,0,0,0,0,0,2,0.0,0,0,0.0,1,50.0,0,0.0,0.0,-22.5,0.0,0.0,19.8,0,0,0.0,0.0,-22.5,0,0,2004
Lac Edwards,69.0,NYJ,25,P,16,0,0,0,0,1,1,100.0,31,0,0.0,0,0.0,1,31.0,31.0,31.0,31.0,1.9,118.7,0,0,0.0,31.0,31.0,0,0,2017
Lamar Jackson,26.5,BAL,24,QB,58,49,37,12,0,852,1329,63.275000000000006,9967,84,5.9,31,2.275,501,63.25,7.425,7.6,11.75,176.9,96.025,106,527,7.55,6.5075,6.665,6,8,2021
Landry Jones,45.0,PIT,27,QB,15,4,2,2,0,85,141,59.900000000000006,1071,7,5.1,6,4.8,46,69.5,7.9,6.75,13.25,71.55,81.8,6,51,3.95,7.26,6.154999999999999,1,2,2016
Larry Johnson,92.0,KAN,27,RB,16,16,0,0,0,0,1,0.0,0,0,0.0,0,0.0,0,0.0,0.0,0.0,0.0,0.0,39.6,0,0,0.0,0.0,0.0,0,0,2006
Le'Veon Bell,83.0,PIT,24,RB,12,12,0,0,0,0,1,0.0,0,0,0.0,0,0.0,0,0.0,0.0,0.0,0.0,0.0,39.6,0,0,0.0,0.0,0.0,0,0,2016
Lee Evans,86.0,BUF,25,WR,16,15,0,0,0,0,1,0.0,0,0,0.0,0,0.0,0,0.0,0.0,0.0,0.0,0.0,39.6,0,0,0.0,0.0,0.0,0,0,2006
Legedu Naanee,78.0,SDG,26,WR,15,1,0,0,0,1,1,100.0,21,0,0.0,0,0.0,1,21.0,21.0,21.0,21.0,1.4,118.7,0,0,0.0,21.0,21.0,0,0,2009
Leon Washington,78.0,NYJ,25,RB,16,4,0,0,0,1,1,100.0,36,0,0.0,0,0.0,1,36.0,36.0,36.0,36.0,2.3,118.7,0,0,0.0,36.0,36.0,0,0,2007
Levi Brown,77.0,BUF,23,QB,2,0,0,0,0,4,6,66.7,48,0,0.0,2,33.3,2,16.0,8.0,-7.0,12.0,24.0,51.4,0,0,0.0,8.0,-7.0,0,0,2010
Logan Cooke,82.5,JAX,24,P,32,0,0,0,0,3,3,100.0,20,0,0.0,0,0.0,3,6.5,6.0,6.0,6.0,0.65,91.65,1,19,16.65,1.5,1.5,0,0,2019
Logan Thomas,59.0,ARI,23,TE,2,0,0,0,0,1,9,11.1,81,1,11.1,0,0.0,1,81.0,9.0,11.2,81.0,40.5,101.6,2,11,18.2,6.36,8.18,0,0,2014
Logan Woodside,98.0,TEN,25,QB,6,0,0,0,0,1,3,33.3,7,0,0.0,0,0.0,1,7.0,2.3,2.3,7.0,1.2,42.4,0,0,0.0,2.33,2.33,0,0,2020
Luke Falk,49.0,NYJ,25,QB,3,2,0,2,0,47,73,64.4,416,0,0.0,3,4.1,15,36.0,5.7,3.8,8.9,138.7,62.4,16,96,18.0,3.6,2.08,0,0,2019
Luke McCown,41.5,TAM,26,QB,10,7,1,6,0,142,237,58.3,1617,9,3.8499999999999996,10,4.65,63,59.0,6.75,5.4,11.7,161.7,72.15,27,226,10.3,5.15,3.965,1,1,2007
Lynn Bowden Jr.,76.0,MIA,23,WR,10,4,0,0,0,1,2,50.0,32,0,0.0,0,0.0,1,32.0,16.0,16.0,32.0,3.2,95.8,0,0,0.0,16.0,16.0,0,0,2020
Marc Bulger,16.5,STL,26,QB,22,22,18,4,0,474,746,63.85,5671,36,5.3,28,3.4499999999999997,280,53.0,7.85,7.4,12.3,258.6,91.45,49,390,5.9,6.9399999999999995,6.475,6,6,2003
Marcus Mariota,23.25,TEN,25,QB,56,55,27,28,0,1015,1605,63.575,12004,69,4.2749999999999995,42,2.6,569,64.25,7.475,7.175000000000001,11.825,214.825,89.675,130,830,7.775,6.4175,6.125,9,11,2018
Marion Grice,89.0,ARI,23,RB,10,0,0,0,0,0,1,0.0,0,0,0.0,0,0.0,0,0.0,0.0,0.0,0.0,0.0,39.6,0,0,0.0,0.0,0.0,0,0,2014
Mark Bradley,67.0,2TM,26,WR,12,8,0,0,0,1,1,100.0,37,1,100.0,0,0.0,0,37.0,37.0,57.0,37.0,3.1,158.3,0,0,0.0,37.0,57.0,0,0,2008
Mark Clayton,83.0,BAL,26,WR,62,47,0,0,0,1,4,25.0,32,1,25.0,0,0.0,1,8.0,8.0,13.0,8.0,0.5,69.275,0,0,0.0,8.0,13.0,0,0,2008
Mark Sanchez,20.0,NYJ,26,QB,62,62,33,29,0,1028,1867,54.9,12092,68,3.6,69,3.85,602,69.75,6.5,5.5,11.825,194.475,70.85,126,818,6.375,5.6625,4.715,8,10,2012
Marqise Lee,79.5,JAX,26,WR,30,20,0,0,0,1,2,50.0,20,1,50.0,0,0.0,1,10.0,10.0,20.0,10.0,0.65,98.95,0,0,0.0,10.0,20.0,0,0,2017
Marques Hagans,84.0,KAN,26,WR,2,0,0,0,0,1,1,100.0,5,0,0.0,0,0.0,0,5.0,5.0,5.0,5.0,2.5,87.5,1,1,50.0,2.0,2.0,0,0,2008
Marques Tuiasosopo,63.5,OAK,24,QB,5,1,0,1,0,28,49,65.3,358,0,0.0,3,3.35,15,25.0,7.85,6.35,12.15,57.5,75.3,2,14,2.15,7.55,6.11,0,0,2003
Marshawn Lynch,89.0,BUF,21,RB,13,13,0,0,0,1,1,100.0,8,1,100.0,0,0.0,1,8.0,8.0,28.0,8.0,0.6,139.6,0,0,0.0,8.0,28.0,0,0,2007
Mason Rudolph,44.666666666666664,PIT,26,QB,17,10,5,4,1,236,384,60.199999999999996,2366,16,3.6666666666666665,11,2.4,109,53.0,6.166666666666667,5.8,10.299999999999999,126.60000000000001,80.16666666666667,16,132,2.433333333333333,5.823333333333333,5.476666666666667,2,1,2021
Matt Barkley,55.0,CHI,26,QB,11,6,1,5,0,159,266,40.300000000000004,1911,8,1.2333333333333334,18,4.8999999999999995,107,21.0,4.533333333333333,2.5666666666666664,7.5,110.03333333333335,50.833333333333336,9,67,2.8333333333333335,4.123333333333333,2.266666666666667,0,0,2016
Matt Cassel,51.5,NWE,26,QB,30,15,10,5,0,349,555,59.3,3946,23,3.1,13,5.15,194,35.75,6.05,4.35,10.325,83.475,70.575,51,235,9.9,5.1075,3.4175,2,2,2008
Matt Flynn,61.25,GNB,26,QB,34,2,1,1,0,82,132,56.55,1015,9,4.175,5,3.85,48,41.5,5.8,4.8999999999999995,9.45,42.575,72.8,13,62,6.65,4.9675,4.1375,1,1,2011
Matt Forte,87.0,CHI,26,RB,12,12,0,0,0,0,1,0.0,0,0,0.0,0,0.0,0,0.0,0.0,0.0,0.0,0.0,39.6,0,0,0.0,0.0,0.0,0,0,2011
Matt Jones,82.0,JAX,22,WR,16,1,0,0,0,2,3,66.7,12,0,0.0,0,0.0,0,6.0,4.0,4.0,6.0,0.8,74.3,0,0,0.0,4.0,4.0,0,0,2005
Matt Leinart,41.5,ARI,26,QB,29,17,7,10,0,340,595,57.075,3893,14,2.025,20,3.525,189,51.0,6.824999999999999,5.625,12.200000000000001,115.525,70.175,29,212,4.425,6.1575,5.03,2,2,2009
Matt Mauck,63.0,TEN,26,QB,2,1,0,1,0,15,27,55.6,136,0,0.0,1,3.7,4,17.0,5.0,3.4,9.1,68.0,53.9,1,8,3.6,4.57,2.96,0,0,2005
Matt Ryan,12.75,ATL,26,QB,62,62,43,19,0,1232,2022,60.8,14238,95,4.65,46,2.325,719,71.5,7.075,6.95,11.625,229.0,87.95,85,527,4.025,6.535,6.4175,11,16,2011
Matt Schaub,44.5,HOU,26,QB,49,13,4,9,0,276,450,57.95,3274,15,3.625,15,4.05,144,59.0,6.975,5.875,12.075,75.65,74.625,28,175,6.525,6.1975,5.155,1,1,2007
Matthew Stafford,18.75,DET,24,QB,45,45,17,28,0,1114,1863,59.0,12807,80,4.675,54,2.75,649,60.25,6.5,6.175,11.025,257.575,82.325,93,674,4.75,5.8375,5.5425,8,9,2012
Mewelde Moore,93.0,MIN,25,RB,38,3,0,0,0,1,3,33.333333333333336,15,1,33.333333333333336,0,0.0,1,5.0,5.0,11.666666666666666,5.0,0.3,79.16666666666667,0,0,0.0,5.0,11.666666666666666,0,0,2007
Michael Bush,84.0,OAK,25,RB,31,7,0,0,0,1,3,25.0,8,0,0.0,0,0.0,1,4.0,2.0,2.0,4.0,0.25,50.0,0,0,0.0,2.0,2.0,0,0,2009
Michael Robinson,96.0,SFO,23,WR,16,0,0,0,0,0,1,0.0,0,0,0.0,0,0.0,0,0.0,0.0,0.0,0.0,0.0,39.6,0,0,0.0,0.0,0.0,0,0,2006
Michael Vick,31.5,ATL,24,QB,43,36,23,12,1,512,955,51.375,6619,36,3.5,26,2.825,308,59.25,6.75,6.175,13.225,141.25,72.85,109,649,10.95,5.345,4.8475,6,6,2004
Mike Gesicki,105.0,MIA,26,TE,17,9,0,0,0,0,1,0.0,0,0,0.0,0,0.0,0,0.0,0.0,0.0,0.0,0.0,39.6,0,0,0.0,0.0,0.0,0,0,2021
Mike Glennon,40.0,TAM,27,QB,21,18,5,13,0,374,630,69.3,4100,30,6.2,15,1.7333333333333334,198,46.333333333333336,6.7,7.133333333333333,10.066666666666666,158.1,97.53333333333335,56,405,5.366666666666667,5.966666666666666,6.453333333333333,3,3,2016
Mike Green,94.0,TEN,25,RB,16,1,0,0,0,0,2,0.0,0,0,0.0,2,100.0,0,0.0,0.0,-45.0,0.0,0.0,0.0,0,0,0.0,0.0,-45.0,0,0,2001
Mike James,73.0,TAM,22,RB,8,3,0,0,0,1,1,100.0,2,1,100.0,0,0.0,1,2.0,2.0,22.0,2.0,0.3,118.7,0,0,0.0,2.0,22.0,0,0,2013
Mike Kafka,61.0,PHI,24,QB,4,0,0,0,0,11,16,68.8,107,0,0.0,2,12.5,3,43.0,6.7,1.1,9.7,26.8,47.7,1,6,5.9,5.94,0.65,0,0,2011
Mike McMahon,51.5,DET,25,QB,20,7,1,6,0,135,308,47.65,1709,10,1.8499999999999999,13,5.05,81,40.75,4.9,3.025,10.875,74.8,47.95,36,242,8.825,3.8325,2.0625,1,1,2004
Mike Scifres,104.0,SDG,26,P,32,0,0,0,0,0,2,0.0,0,0,0.0,1,50.0,0,0.0,0.0,-22.5,0.0,0.0,19.8,0,0,0.0,0.0,-22.5,0,0,2006
Mike White,39.0,NYJ,26,QB,4,3,1,2,0,88,132,66.7,953,5,3.8,8,6.1,49,28.0,7.2,5.3,10.8,238.3,75.1,4,18,2.9,6.88,4.96,1,1,2021
Mike Williams,66.0,TAM,25,WR,16,16,0,0,0,1,1,100.0,28,0,0.0,0,0.0,1,28.0,28.0,28.0,28.0,1.8,118.7,0,0,0.0,28.0,28.0,0,0,2012
Mitchell Trubisky,25.0,CHI,26,QB,51,50,29,21,0,1010,1577,64.05,10609,64,4.075,37,2.375,543,61.5,6.75,6.525,10.575,206.925,87.35,111,698,6.6,5.905,5.67,5,7,2020
Mohamed Massaquoi,73.0,CLE,24,WR,15,14,0,0,0,1,1,100.0,29,1,100.0,0,0.0,1,29.0,29.0,49.0,29.0,1.9,158.3,0,0,0.0,29.0,49.0,0,0,2010
Mohamed Sanu,59.333333333333336,CIN,25,WR,41,30,0,0,0,5,5,100.0,177,2,44.43333333333334,0,0.0,5,49.333333333333336,41.43333333333333,50.333333333333336,41.43333333333333,4.866666666666666,145.1,1,6,8.333333333333334,38.75,47.083333333333336,0,0,2014
Nate Sudfeld,64.5,PHI,25,QB,3,0,0,0,0,20,25,66.3,156,1,25.0,0,0.0,6,19.0,8.4,13.4,14.55,72.5,110.05,3,24,5.75,7.615,12.615,0,0,2018
Nathan Peterman,61.333333333333336,LVR,26,QB,9,4,1,3,0,71,135,54.43333333333334,573,3,1.7666666666666666,12,6.266666666666666,29,19.666666666666668,4.6000000000000005,2.1333333333333333,8.5,54.0,47.333333333333336,10,55,12.866666666666667,3.0700000000000003,0.7166666666666667,0,0,2020
Nelson Agholor,78.0,PHI,25,WR,16,16,0,0,0,1,1,100.0,15,0,0.0,0,0.0,1,15.0,15.0,15.0,15.0,0.9,118.7,0,0,0.0,15.0,15.0,0,0,2018
Nick Foles,30.333333333333332,STL,26,QB,26,25,11,14,0,537,913,59.0,5914,26,2.8666666666666667,25,2.6999999999999997,264,60.666666666666664,6.5,5.833333333333333,11.0,233.19999999999996,76.5,43,303,4.6000000000000005,5.866666666666667,5.246666666666666,4,5,2015
Nick Harris,105.0,2TM,25,P,16,0,0,0,0,0,1,0.0,0,0,0.0,0,0.0,0,0.0,0.0,0.0,0.0,0.0,39.6,0,0,0.0,0.0,0.0,0,0,2003
Odell Beckham Jr.,85.0,NYG,22,WR,12,11,0,0,0,0,1,0.0,0,0,0.0,0,0.0,0,0.0,0.0,0.0,0.0,0.0,39.6,0,0,0.0,0.0,0.0,0,0,2014
Pat O'Donnell,65.0,CHI,26,P,16,0,0,0,0,1,1,100.0,38,1,100.0,0,0.0,1,38.0,38.0,58.0,38.0,2.4,158.3,0,0,0.0,38.0,58.0,0,0,2017
Pat White,107.0,MIA,23,WR,13,0,0,0,0,0,5,0.0,0,0,0.0,0,0.0,0,0.0,0.0,0.0,0.0,0.0,39.6,1,9,16.7,-1.5,-1.5,0,0,2009
Patrick Crayton,93.0,DAL,25,WR,8,0,0,0,0,0,1,0.0,0,0,0.0,1,100.0,0,0.0,0.0,-45.0,0.0,0.0,0.0,0,0,0.0,0.0,-45.0,0,0,2004
Patrick Mahomes,15.75,KAN,25,QB,46,46,38,8,0,1114,1687,65.275,14152,114,5.125,24,1.75,691,74.5,8.325,8.55,12.75,301.625,100.925,67,460,4.175,7.68,7.9125000000000005,6,7,2020
Patrick Peterson,67.0,ARI,23,LCB,16,16,0,0,0,1,1,100.0,17,0,0.0,0,0.0,1,17.0,17.0,17.0,17.0,1.1,118.7,0,0,0.0,17.0,17.0,0,0,2013
Patrick Ramsey,35.0,WAS,26,QB,33,24,10,14,0,480,861,56.675,5649,34,3.975,29,3.55,264,62.25,7.625,6.824999999999999,13.45,155.675,79.4,75,502,9.275,6.2375,5.505,0,2,2005
Paxton Lynch,45.5,DEN,23,QB,5,4,1,3,0,79,128,62.85,792,4,3.4000000000000004,4,3.95,40,30.5,6.3,5.15,9.95,156.6,75.6,18,93,13.25,4.734999999999999,3.8249999999999997,0,0,2017
Peyton Hillis,84.0,CLE,24,RB,16,14,0,0,0,1,2,50.0,13,0,0.0,0,0.0,1,13.0,6.5,6.5,13.0,0.8,70.8,0,0,0.0,6.5,6.5,0,0,2010
Pharoh Cooper,86.0,LAR,21,WR,10,3,0,0,0,0,1,0.0,0,0,0.0,1,100.0,0,0.0,0.0,-45.0,0.0,0.0,0.0,0,0,0.0,0.0,-45.0,0,0,2016
Philip Rivers,40.75,SDG,26,QB,36,32,25,7,0,578,950,59.725,6688,44,5.475,25,2.45,333,35.25,5.9,5.875,9.875,120.7,83.92500000000001,52,323,5.525,5.2375,5.2975,5,5,2007
Quincy Carter,30.75,NYJ,27,QB,38,34,18,16,0,542,960,56.45,6337,32,3.65,37,3.375,286,69.25,6.949999999999999,6.15,12.275,155.2,76.225,80,441,9.55,5.705,4.9675,5,7,2004
Randall Cobb,84.0,GNB,21,WR,15,0,0,0,0,0,1,0.0,0,0,0.0,0,0.0,0,0.0,0.0,0.0,0.0,0.0,39.6,0,0,0.0,0.0,0.0,0,0,2011
Randy Fasani,56.0,CAR,24,QB,4,1,0,1,0,15,44,34.1,171,0,0.0,4,9.1,8,27.0,3.9,-0.2,11.4,42.8,8.8,7,60,13.7,2.18,-1.35,0,0,2002
Ray Rice,91.0,BAL,24,RB,32,31,0,0,0,1,2,50.0,1,1,50.0,0,0.0,1,0.5,0.5,10.5,0.5,0.05,79.15,0,0,0.0,0.5,10.5,0,0,2011
Reche Caldwell,76.0,SDG,23,WR,16,2,0,0,0,1,1,100.0,20,0,0.0,0,0.0,1,20.0,20.0,20.0,20.0,1.3,118.7,0,0,0.0,20.0,20.0,0,0,2002
Reggie Bush,80.0,NOR,21,RB,16,8,0,0,0,0,1,0.0,0,0,0.0,1,100.0,0,0.0,0.0,-45.0,0.0,0.0,0.0,0,0,0.0,0.0,-45.0,0,0,2006
Rex Grossman,40.0,CHI,26,QB,24,23,17,6,0,367,675,53.675,4496,27,2.8499999999999996,26,3.575,216,53.75,6.65,5.6,12.4,169.275,69.075,31,214,4.4,6.03,5.0325,1,3,2006
Riley Dixon,74.0,DEN,23,P,16,0,0,0,0,1,1,100.0,16,0,0.0,0,0.0,1,16.0,16.0,16.0,16.0,1.0,118.7,0,0,0.0,16.0,16.0,0,0,2016
Robert Griffin III,24.666666666666668,WAS,24,QB,37,35,14,21,0,679,1063,64.8,8097,40,3.5,23,2.233333333333333,380,73.0,7.666666666666667,7.366666666666667,11.866666666666667,215.96666666666667,90.5,101,718,9.4,6.3066666666666675,6.04,4,5,2014
Rod Gardner,87.66666666666667,WAS,27,WR,48,45,0,0,0,2,7,22.233333333333334,46,2,22.233333333333334,0,0.0,2,12.0,5.1000000000000005,9.566666666666666,7.666666666666667,0.9666666666666667,76.16666666666667,0,0,0.0,5.11,9.556666666666667,0,0,2004
Rohan Davey,76.66666666666667,NWE,26,QB,7,0,0,0,0,8,19,44.300000000000004,88,0,0.0,0,0.0,6,13.0,3.766666666666667,3.766666666666667,8.933333333333334,15.333333333333334,56.76666666666667,0,0,0.0,3.776666666666667,3.776666666666667,0,0,2004
Ronald Curry,94.0,OAK,25,WR,12,3,0,0,0,0,1,0.0,0,0,0.0,0,0.0,0,0.0,0.0,0.0,0.0,0.0,39.6,0,0,0.0,0.0,0.0,0,0,2004
Ronnie Brown,71.5,MIA,27,RB,29,25,0,0,0,2,4,33.35,41,1,16.65,0,0.0,1,11.0,6.85,10.15,10.25,1.3,94.45,1,8,12.5,4.125,6.625,0,0,2008
Roscoe Parrish,85.0,BUF,23,WR,10,1,0,0,0,1,1,100.0,3,0,0.0,0,0.0,0,3.0,3.0,3.0,3.0,0.3,79.2,0,0,0.0,3.0,3.0,0,0,2005
Roy Williams,115.0,DET,23,WR,28,24,0,0,0,0,2,0.0,0,0,0.0,0,0.0,0,0.0,0.0,0.0,0.0,0.0,39.6,0,0,0.0,0.0,0.0,0,0,2004
Russell Gage,73.0,ATL,24,WR,16,8,0,0,0,1,2,50.0,39,1,50.0,0,0.0,1,39.0,19.5,29.5,39.0,2.4,135.4,0,0,0.0,19.5,29.5,0,0,2020
Russell Wilson,16.5,SEA,27,QB,64,64,46,18,0,1123,1735,64.6,13974,106,6.1,34,1.975,661,76.75,8.025,8.375,12.475,218.35,101.575,164,982,8.625,6.835,7.14,9,14,2015
Rusty Smith,60.5,TEN,25,QB,3,1,0,1,0,23,45,55.0,234,0,0.0,4,5.0,9,34.5,5.9,3.65,10.65,67.0,52.7,1,0,1.2,5.84,3.645,0,0,2012
Ryan Finley,53.5,CIN,26,QB,8,4,1,3,0,58,119,50.1,638,3,2.7,4,4.3,28,38.5,5.25,3.9000000000000004,10.6,95.4,57.1,20,156,16.6,3.175,2.07,0,0,2020
Ryan Fitzpatrick,36.0,CIN,26,QB,17,15,4,10,1,297,507,57.849999999999994,2682,12,2.6,17,4.15,139,67.5,5.449999999999999,4.1,9.399999999999999,170.4,64.1,47,242,7.800000000000001,4.619999999999999,3.3449999999999998,1,1,2008
Ryan Lindley,48.666666666666664,IND,26,QB,10,6,1,5,0,140,274,53.46666666666667,1372,3,4.066666666666666,11,2.7999999999999994,73,29.0,5.3999999999999995,4.966666666666666,10.200000000000001,123.53333333333335,71.03333333333333,18,137,4.233333333333333,4.873333333333333,4.496666666666666,0,0,2015
Ryan Mallett,60.0,HOU,26,QB,7,2,1,1,0,42,79,39.85,417,2,1.35,3,13.85,24,29.0,4.8,-1.15,13.4,68.80000000000001,36.4,1,5,0.65,4.725,-1.23,0,0,2014
Ryan Nassib,62.5,NYG,25,QB,5,0,0,0,0,9,10,90.0,128,1,10.0,0,0.0,6,27.0,12.8,14.8,14.3,41.5,137.5,2,11,14.3,10.3,12.3,0,0,2015
Ryan Tannehill,12.5,MIA,27,QB,64,64,29,35,0,1392,2248,61.75,15460,87,3.8249999999999997,54,2.4,775,62.75,6.9,6.575,11.15,241.575,84.825,184,1390,7.5,5.7925,5.4925,9,7,2015
Sage Rosenfels,75.33333333333333,MIA,26,QB,9,1,0,1,0,20,48,35.9,314,2,6.433333333333334,3,2.566666666666667,11,32.333333333333336,5.033333333333334,5.166666666666667,9.666666666666666,37.666666666666664,70.83333333333333,3,16,2.3666666666666667,4.743333333333333,4.946666666666666,0,0,2004
Sam Bradford,22.25,STL,26,QB,49,49,18,30,1,1032,1760,58.425,11065,59,3.4749999999999996,38,2.025,554,67.5,6.3,6.05,10.775,227.075,80.125,120,822,6.5,5.445,5.24,6,5,2013
Sam Darnold,26.0,CAR,24,QB,50,49,17,32,0,972,1625,59.775,10624,54,3.275,52,3.175,509,75.0,6.525,5.725,10.925,211.9,76.625,133,854,7.625,5.535,4.8125,3,4,2021
Sam Martin,72.0,DET,24,P,16,0,0,0,0,2,2,100.0,27,0,0.0,0,0.0,1,24.0,13.5,13.5,13.5,1.7,118.7,0,0,0.0,13.5,13.5,0,0,2014
Santonio Holmes,94.0,PIT,25,WR,16,16,0,0,0,0,1,0.0,0,0,0.0,1,100.0,0,0.0,0.0,-45.0,0.0,0.0,0.0,0,0,0.0,0.0,-45.0,0,0,2009
Sean Mannion,66.25,LAR,26,QB,10,1,0,1,0,33,53,65.475,258,0,0.0,1,4.175,12,22.0,5.075,3.2,7.85,23.675,66.15,3,20,1.875,4.85,2.9749999999999996,0,0,2018
Sean Renfree,73.0,ATL,25,QB,2,0,0,0,0,3,7,42.9,11,0,0.0,1,14.3,1,11.0,1.6,-4.9,3.7,5.5,10.7,2,17,22.2,-0.67,-5.67,0,0,2015
Seneca Wallace,51.5,SEA,26,QB,15,4,2,2,0,95,166,55.1,1100,9,4.85,8,4.5,52,45.5,6.75,5.7,12.3,70.3,73.55000000000001,17,103,9.85,5.455,4.51,1,1,2006
Shann Schillinger,85.0,2TM,27,DB,6,0,0,0,0,1,1,100.0,-8,0,0.0,0,0.0,0,0.0,-8.0,-8.0,-8.0,-1.3,79.2,0,0,0.0,-8.0,-8.0,0,0,2013
Sidney Rice,90.66666666666667,MIN,23,WR,42,21,0,0,0,2,4,33.333333333333336,94,0,0.0,0,0.0,1,26.333333333333332,15.666666666666666,15.666666666666666,15.666666666666666,2.4,65.96666666666667,0,0,0.0,15.666666666666666,15.666666666666666,0,0,2009
Spergon Wynn,50.0,MIN,23,QB,10,3,0,3,0,70,152,44.85,585,1,0.5,7,4.0,25,39.5,3.7,2.0,8.149999999999999,81.60000000000001,39.900000000000006,23,154,14.35,2.215,0.72,0,0,2001
Stephen McGee,56.5,DAL,26,QB,3,1,1,0,0,46,82,56.6,420,3,3.55,0,0.0,20,28.0,5.1,5.8,9.2,150.5,82.4,6,50,6.85,4.18,4.85,1,1,2011
Steve Breaston,82.0,ARI,27,WR,13,11,0,0,0,1,2,50.0,17,0,0.0,0,0.0,1,17.0,8.5,8.5,17.0,1.3,79.2,0,0,0.0,8.5,8.5,0,0,2010
Steve Smith Sr.,112.0,CAR,25,WR,1,1,0,0,0,0,1,0.0,0,0,0.0,0,0.0,0,0.0,0.0,0.0,0.0,0.0,39.6,0,0,0.0,0.0,0.0,0,0,2004
Steven Jackson,91.0,STL,24,RB,12,12,0,0,0,1,1,100.0,2,1,100.0,0,0.0,1,2.0,2.0,22.0,2.0,0.2,118.7,0,0,0.0,2.0,22.0,0,0,2007
Sylvester Morris,72.0,KAN,23,WR,15,14,0,0,0,1,1,100.0,31,0,0.0,0,0.0,1,31.0,31.0,31.0,31.0,2.1,118.7,0,0,0.0,31.0,31.0,0,0,2000
T.J. Duckett,100.0,ATL,22,RB,16,10,0,0,0,0,1,0.0,0,0,0.0,0,0.0,0,0.0,0.0,0.0,0.0,0.0,39.6,0,0,0.0,0.0,0.0,0,0,2003
T.J. Yates,55.0,ATL,27,QB,14,5,2,3,0,104,170,61.1,1164,3,0.55,7,11.575,61,32.25,8.0,2.9,12.475,67.35,52.974999999999994,18,81,6.875,7.4350000000000005,2.5375,1,2,2014
T.Y. Hilton,82.0,IND,23,WR,15,1,0,0,0,0,1,0.0,0,0,0.0,0,0.0,0,0.0,0.0,0.0,0.0,0.0,39.6,0,0,0.0,0.0,0.0,0,0,2012
Tarik Cohen,82.5,CHI,23,RB,32,11,0,0,0,2,3,75.0,22,2,75.0,0,0.0,2,11.0,5.75,20.75,11.0,0.7000000000000001,122.9,0,0,0.0,5.75,20.75,0,0,2018
Tarvaris Jackson,41.25,MIN,26,QB,33,19,10,9,0,320,545,60.5,3643,21,4.1,18,2.575,171,53.5,7.275,6.9,11.925,105.125,85.525,41,204,5.925,6.5625,6.26,3,4,2009
Tavon Austin,75.0,STL,23,WR,13,3,0,0,0,0,1,0.0,0,0,0.0,0,0.0,0,0.0,0.0,0.0,0.0,0.0,39.6,0,0,0.0,0.0,0.0,0,0,2013
Teddy Bridgewater,41.666666666666664,MIN,25,QB,30,28,17,11,0,551,851,43.23333333333333,6150,28,2.1999999999999997,22,18.333333333333332,290,46.333333333333336,4.833333333333333,-3.0,7.466666666666666,142.13333333333333,57.96666666666667,83,556,5.933333333333334,4.003333333333333,-3.78,4,4,2017
Tee Martin,66.0,OAK,25,QB,2,0,0,0,0,6,16,37.5,69,0,0.0,1,6.3,5,17.0,4.3,1.5,11.5,34.5,25.3,1,5,5.9,3.76,1.12,0,0,2003
Tim Rattay,68.0,SFO,26,QB,19,3,2,1,0,102,164,80.6,1105,9,2.6500000000000004,2,0.425,53,26.0,4.8,5.125,6.775,34.7,94.175,12,80,4.0,4.3025,4.6125,0,0,2003
Tim Tebow,46.0,NYJ,25,QB,35,16,8,6,0,173,361,57.166666666666664,2422,17,3.5,9,1.9666666666666668,110,43.0,6.433333333333334,6.233333333333333,12.066666666666668,66.5,79.96666666666667,41,258,12.566666666666668,5.096666666666667,4.93,6,6,2012
Todd Heap,92.0,BAL,22,TE,16,16,0,0,0,0,1,0.0,0,0,0.0,0,0.0,0,0.0,0.0,0.0,0.0,0.0,39.6,0,0,0.0,0.0,0.0,0,0,2002
Todd Husak,98.0,WAS,22,QB,1,0,0,0,0,2,2,100.0,-2,0,0.0,0,0.0,0,6.0,-1.0,-1.0,-1.0,-2.0,79.2,0,0,0.0,-1.0,-1.0,0,0,2000
Tom Brady,28.75,NWE,26,QB,48,46,34,12,0,955,1544,54.875,10233,69,3.375,38,1.875,505,57.0,5.525,5.3,9.575,164.275,75.125,104,625,4.9,4.8825,4.7175,8,11,2003
Tom Brandstater,83.0,STL,27,QB,1,0,0,0,0,0,2,0.0,0,0,0.0,0,0.0,0,0.0,0.0,0.0,0.0,0.0,39.6,0,0,0.0,0.0,0.0,0,0,2011
Tom Savage,45.666666666666664,HOU,27,QB,13,9,2,7,0,181,315,57.23333333333333,2000,5,0.7333333333333334,7,2.6666666666666665,96,41.333333333333336,6.433333333333334,5.3999999999999995,11.333333333333334,131.23333333333332,68.06666666666668,27,200,6.666666666666667,5.563333333333333,4.58,3,3,2017
Tony Pike,68.0,CAR,24,QB,1,0,0,0,0,6,12,50.0,47,0,0.0,0,0.0,3,22.0,3.9,3.9,7.8,47.0,60.1,1,10,7.7,2.85,2.85,0,0,2010
Trace McSorley,59.5,ARI,27,QB,8,1,0,1,0,48,93,42.1,502,1,5.0,5,3.0,19,58.5,7.0,6.65,19.6,56.85,70.35,3,27,1.75,6.74,6.43,0,0,2022
Travis Henry,106.0,BUF,25,RB,15,15,0,0,0,0,1,0.0,0,0,0.0,1,100.0,0,0.0,0.0,-45.0,0.0,0.0,0.0,0,0,0.0,0.0,-45.0,0,0,2003
Trent Edwards,33.25,2TM,27,QB,37,33,14,19,0,561,927,59.05,6019,26,2.7,30,3.625,270,56.25,6.225,5.1,10.475,151.525,71.125,69,482,7.775,5.1675,4.175,4,5,2010
Trevor Siemian,25.5,DEN,26,QB,25,24,13,11,0,495,835,59.25,5686,30,3.55,24,3.05,267,60.0,6.75,6.1,11.45,225.3,78.94999999999999,64,407,7.3,5.8149999999999995,5.21,3,2,2017
Troy Smith,56.25,SFO,26,QB,20,8,4,4,0,121,234,58.375,1734,8,7.75,5,3.4749999999999996,71,49.25,9.3,9.325,14.875,82.175,83.69999999999999,23,142,9.0,7.672499999999999,7.425,2,2,2010
Tua Tagovailoa,24.333333333333332,MIA,24,QB,36,34,21,13,0,708,1078,65.56666666666666,8015,52,4.733333333333333,23,2.1,399,61.333333333333336,7.333333333333333,7.3,11.200000000000001,219.46666666666667,94.23333333333333,61,451,5.466666666666666,6.526666666666666,6.526666666666666,4,6,2022
Tyler Boyd,97.0,CIN,24,WR,14,14,0,0,0,0,1,0.0,0,0,0.0,0,0.0,0,0.0,0.0,0.0,0.0,0.0,39.6,0,0,0.0,0.0,0.0,0,0,2018
Tyler Thigpen,53.0,MIA,26,QB,22,12,1,11,0,269,496,47.825,3167,21,5.0,17,11.95,147,41.5,7.6,3.225,16.45,88.95,63.675,35,221,7.875,6.4825,2.41,0,1,2010
Tyreek Hill,85.0,KAN,23,WR,15,13,0,0,0,0,1,0.0,0,0,0.0,1,100.0,0,0.0,0.0,-45.0,0.0,0.0,0.0,0,0,0.0,0.0,-45.0,0,0,2017
Tyrod Taylor,66.33333333333333,BAL,24,QB,13,0,0,0,0,19,35,59.53333333333333,199,0,0.0,2,7.8,8,15.0,8.200000000000001,4.666666666666667,10.166666666666666,10.766666666666667,60.333333333333336,5,33,25.36666666666667,3.3533333333333335,-0.11666666666666654,0,0,2013
Vince Young,30.0,TEN,26,QB,45,39,26,13,0,596,1034,58.4,6843,32,3.125,39,4.1,350,61.5,6.575,5.3,11.275,136.475,71.275,62,335,5.925,5.8625,4.7225,7,11,2009
Will Grier,53.0,CAR,24,QB,2,2,0,2,0,28,52,53.8,228,0,0.0,4,7.7,12,28.0,4.4,0.9,8.1,114.0,33.2,6,44,10.3,3.17,0.07,0,0,2019
Zach Mettenberger,38.0,TEN,24,QB,14,10,0,10,0,208,345,60.3,2347,12,3.45,14,4.05,102,68.5,6.75,5.6,11.25,167.64999999999998,75.05000000000001,31,236,8.2,5.574999999999999,4.52,0,0,2015
Zay Jones,90.5,LVR,25,WR,32,17,0,0,0,1,2,50.0,29,0,0.0,0,0.0,1,14.5,14.5,14.5,14.5,0.9,79.15,0,0,0.0,14.5,14.5,0,0,2020
