,Player,Rk,Tm,Age,Pos,G,GS,Att,Yds,TD,1D,Lng,Y/A,Y/G,Fmb,Year,Tgt,Rec,Ctch%,Y/R,Y/Tgt,R/G
0,AJ Dillon,46.67,GNB,24,RB,45,5,419.0,1815,14,110,31.0,4.57,38.17,3,2022,82.0,64.0,85.67,9.03,7.93,1.27
1,Aaron Brown,169.0,DET,26,RB,22,2,45.0,189,0,9,9.33,2.77,6.13,0,2011,29.0,18.0,73.83,7.97,6.03,0.97
2,Aaron Jones,29.5,GNB,26,RB,54,42,651.0,3364,37,171,61.5,5.28,61.17,6,2020,184.0,131.0,67.75,6.9,4.92,2.38
3,Adimchinobe Echemandu,142.0,2TM,27,RB,13,0,28.0,110,0,2,13.0,3.7,7.85,2,2007,6.0,5.0,87.5,6.9,5.9,0.5
4,Adrian Peterson,75.36,MIN,25,RB,151,60,1499.0,7024,58,357,37.18,4.72,42.69,25,2010,270.0,191.0,76.45,8.53,6.56,1.14
5,Ahmad Bradshaw,54.75,NYG,24,RB,58,12,529.0,2558,17,120,62.75,5.72,42.15,15,2010,99.0,75.0,68.58,7.75,5.43,1.2
6,Alex Collins,54.67,BAL,24,RB,36,22,357.0,1509,14,83,31.67,4.07,39.13,9,2018,68.0,49.0,78.43,7.57,5.93,1.33
7,Alex Green,135.0,NYJ,25,RB,29,4,149.0,510,0,19,19.33,3.43,14.73,1,2013,33.0,21.0,86.67,5.63,4.73,0.67
8,Alexander Mattison,50.75,MIN,24,RB,59,6,404.0,1670,11,92,30.75,4.15,29.05,2,2022,84.0,70.0,83.85,7.75,6.5,1.18
9,Alfred Blue,37.75,HOU,26,RB,57,14,523.0,1908,6,96,40.0,3.7,32.6,4,2017,59.0,49.0,82.47,6.45,5.4,0.82
10,Alfred Morris,8.0,WAS,27,RB,64,64,1078.0,4713,29,235,40.5,4.3,73.62,11,2015,67.0,47.0,71.53,7.57,5.38,0.75
11,Allen Bradford,188.0,TAM,23,RB,1,0,5.0,13,0,0,4.0,2.6,13.0,0,2011,,,,,,
12,Alvin Kamara,23.75,NOR,25,RB,60,35,672.0,3340,43,196,53.0,5.1,55.85,7,2020,409.0,326.0,79.8,8.68,6.92,5.45
13,Alvin Pearman,100.5,JAX,24,RB,29,0,58.0,238,2,12,28.5,4.25,8.05,6,2006,41.0,36.0,88.9,9.38,8.68,0.88
14,Ameer Abdullah,117.5,2TM,25,RB,42,22,327.0,1251,6,63,23.75,3.52,31.82,8,2018,82.0,58.0,78.05,8.62,6.95,1.55
15,Andre Brown,144.5,NYG,26,RB,14,2,75.0,384,8,26,15.5,2.4,19.1,0,2012,17.0,12.0,70.6,7.2,5.1,1.2
16,Andre Ellington,61.5,ARI,27,RB,53,15,398.0,1697,9,73,44.5,4.5,33.35,4,2016,164.0,112.0,66.5,8.78,5.85,2.17
17,Andre Williams,91.75,LAC,25,RB,41,7,332.0,1090,8,50,26.5,3.45,37.83,1,2017,42.0,19.0,27.3,4.73,1.93,0.4
18,Anthony Allen,180.0,BAL,24,RB,21,0,19.0,69,1,4,11.5,3.25,2.7,0,2012,4.0,2.0,50.0,6.0,3.0,0.1
19,Anthony Dixon,100.75,SFO,26,RB,64,1,148.0,458,8,26,15.25,3.02,7.15,0,2013,9.0,9.0,100.0,6.07,6.07,0.2
20,Anthony McFarland Jr.,192.67,PIT,23,RB,14,0,42.0,146,0,7,12.33,3.13,13.93,0,2022,12.0,9.0,88.9,8.5,7.5,1.0
21,Anthony Sherman,274.33,KAN,26,RB,47,21,5.0,14,0,3,3.0,2.83,0.3,1,2014,55.0,41.0,74.45,8.12,6.12,0.65
22,Anthony Thomas,23.0,CHI,27,RB,51,37,858.0,3332,21,156,47.0,3.8,64.28,7,2004,108.0,72.0,67.5,6.67,4.55,1.43
23,Antonio Gibson,19.33,WAS,24,RB,45,30,577.0,2378,21,137,29.0,4.13,52.67,8,2022,154.0,124.0,80.63,7.2,5.8,2.77
24,Artose Pinner,67.25,MIN,28,RB,40,7,245.0,812,8,49,16.5,3.33,22.48,1,2006,47.0,39.0,76.35,7.65,5.8,1.1
25,Baron Batch,119.0,PIT,25,RB,12,0,25.0,49,1,4,10.0,2.0,4.1,0,2012,5.0,4.0,80.0,7.8,6.2,0.3
26,Beanie Wells,34.0,ARI,24,RB,51,23,625.0,2471,24,116,39.75,3.73,46.05,10,2012,41.0,28.0,75.0,13.97,11.38,0.5
27,Ben Tate,37.0,HOU,25,RB,40,9,421.0,1992,10,108,47.0,4.67,47.77,10,2013,79.0,58.0,79.27,5.37,4.2,1.43
28,Benny Snell Jr.,85.0,PIT,24,RB,63,5,275.0,982,7,54,19.5,3.6,16.72,3,2022,24.0,17.0,74.1,7.2,5.5,0.25
29,Bernard Pierce,79.0,JAX,24,RB,52,3,359.0,1345,5,68,34.5,3.38,22.6,1,2015,47.0,32.0,59.23,5.17,3.02,0.57
30,Bernard Scott,85.5,CIN,28,RB,47,3,255.0,1035,4,54,33.25,4.25,21.18,2,2012,38.0,29.0,74.53,7.27,5.07,0.63
31,Bilal Powell,82.25,NYJ,26,RB,47,14,332.0,1296,6,68,19.5,3.48,23.68,2,2014,109.0,65.0,70.92,7.8,5.45,1.18
32,Bishop Sankey,59.5,TEN,23,RB,29,12,199.0,762,3,31,19.0,3.9,25.2,4,2015,45.0,32.0,70.95,8.65,6.05,1.1
33,Bo Scarbrough,129.5,SEA,26,RB,7,5,95.0,408,1,16,21.0,4.7,46.9,1,2020,4.0,1.0,25.0,5.0,1.3,0.2
34,Boston Scott,64.0,PHI,26,RB,43,10,228.0,992,13,58,34.67,4.33,23.0,7,2021,78.0,62.0,81.0,7.8,6.3,1.53
35,Brandon Jackson,62.0,GNB,25,RB,52,16,347.0,1329,7,59,39.5,3.95,24.15,3,2010,137.0,110.0,79.1,7.8,6.15,2.08
36,Brandon Jacobs,43.5,NYG,26,RB,55,22,555.0,2620,35,161,31.0,4.25,52.48,11,2008,64.0,40.0,63.03,9.03,6.07,1.1
37,Brian Calhoun,166.0,DET,23,RB,11,0,14.0,54,0,2,12.0,3.85,5.75,1,2007,7.0,7.0,100.0,8.5,8.5,0.8
38,Brian Hill,95.5,ATL,25,RB,45,3,209.0,982,3,42,40.0,5.03,19.25,3,2020,48.0,38.0,76.17,10.47,8.5,0.7
39,Brian Leonard,140.75,CIN,26,RB,43,8,124.0,455,0,25,22.25,4.22,8.47,1,2010,100.0,80.0,79.83,6.73,5.4,1.93
40,Brian Westbrook,43.0,PHI,26,RB,55,35,496.0,2235,13,111,40.25,4.5,41.92,6,2005,244.0,180.0,73.42,9.57,7.0,3.45
41,Brock Forsey,98.0,MIA,24,RB,16,2,69.0,244,2,14,16.0,3.3,14.4,1,2004,5.0,3.0,60.0,12.3,7.4,0.3
42,Bruce Perry,136.0,PHI,24,RB,2,1,16.0,74,0,3,11.0,4.6,37.0,0,2005,2.0,0.0,0.0,0.0,0.0,0.0
43,Bryce Brown,79.5,SEA,24,RB,42,7,251.0,1076,7,61,40.5,3.88,24.23,5,2015,59.0,37.0,48.48,6.45,4.1,0.9
44,C.J. Prosise,174.0,SEA,25,RB,25,2,65.0,264,2,9,23.5,1.98,10.18,1,2019,45.0,36.0,81.83,10.4,8.1,1.42
45,C.J. Spiller,38.0,BUF,26,RB,61,31,590.0,3021,12,117,49.25,4.9,48.83,14,2013,182.0,139.0,77.03,7.42,5.7,2.25
46,Cadillac Williams,43.75,TAM,26,RB,38,33,632.0,2417,14,121,39.25,3.8,57.98,9,2008,81.0,60.0,77.05,5.6,4.3,1.38
47,Cam Akers,88.67,LAR,23,RB,29,14,338.0,1414,9,71,35.0,3.03,34.5,3,2022,35.0,27.0,83.6,7.83,6.2,1.57
48,Cameron Artis-Payne,110.0,CAR,28,RB,32,3,118.0,491,5,24,25.75,4.25,22.27,0,2018,11.0,10.0,93.75,7.4,7.1,0.35
49,Carlos Hyde,31.0,SFO,27,RB,50,36,655.0,2729,21,139,39.5,4.15,56.38,9,2017,152.0,109.0,74.28,5.6,4.17,2.08
50,Cedric Benson,34.5,CIN,26,RB,47,22,634.0,2340,12,117,38.75,3.77,49.23,6,2008,64.0,46.0,79.97,6.58,5.03,0.95
51,Cedric Cobbs,160.5,DEN,25,RB,5,0,25.0,59,0,3,9.0,2.65,10.6,1,2006,,,,,,
52,Cedric Houston,49.5,NYJ,24,RB,20,5,194.0,676,7,36,24.0,3.5,36.0,1,2006,18.0,15.0,83.75,7.2,6.0,0.8
53,Cedric Peerman,195.33,CIN,26,RB,36,1,41.0,274,1,10,20.0,4.23,6.5,0,2012,13.0,10.0,44.43,6.8,4.37,0.23
54,Chad Morton,123.0,WAS,26,RB,47,5,88.0,360,0,16,16.33,3.43,7.8,4,2003,68.0,48.0,66.27,8.63,5.6,1.03
55,Charles Sims,78.75,TAM,27,RB,47,2,245.0,958,2,43,30.75,3.77,20.85,6,2017,176.0,129.0,73.2,9.0,6.55,2.8
56,Chase Edmonds,59.5,ARI,25,RB,57,15,333.0,1551,9,82,38.0,4.57,28.4,4,2021,164.0,128.0,76.07,7.2,5.35,2.27
57,Chauncey Washington,262.5,DAL,26,RB,8,0,5.0,8,0,1,2.5,0.65,0.5,0,2011,4.0,3.0,83.35,7.75,6.65,0.6
58,Chester Taylor,55.5,BAL,26,RB,62,8,373.0,1599,4,81,37.0,4.2,25.62,8,2005,140.0,105.0,73.5,7.25,5.28,1.7
59,Chris Brown,45.0,TEN,25,RB,42,28,541.0,2295,11,94,34.75,4.1,51.25,12,2006,88.0,55.0,59.83,7.53,5.12,1.15
60,Chris Carson,31.75,SEA,26,RB,45,44,715.0,3270,21,192,44.75,4.53,68.25,11,2020,125.0,101.0,82.47,7.9,6.53,2.2
61,Chris Henry,186.0,TEN,23,RB,8,0,32.0,122,2,5,13.5,3.4,10.0,0,2008,330.0,171.0,58.53,13.72,7.73,1.86
62,Chris Johnson,7.0,TEN,26,RB,63,62,1187.0,5645,38,238,70.25,4.7,89.5,10,2011,269.0,194.0,72.3,7.25,5.22,3.1
63,Chris Ogbonnaya,130.33,CLE,26,RB,30,5,95.0,420,1,3,22.33,4.27,17.73,3,2012,65.0,48.0,66.4,11.33,6.87,1.3
64,Chris Perry,157.67,CIN,25,RB,22,3,73.0,337,0,20,16.33,3.6,9.97,4,2006,76.0,63.0,88.03,7.37,6.7,2.2
65,Chris Rainey,117.0,PIT,24,RB,16,0,26.0,102,2,5,19.0,3.9,6.4,4,2012,23.0,14.0,31.8,2.15,1.35,0.45
66,Chris Thompson,135.67,WAS,26,RB,31,0,106.0,584,3,24,24.67,5.13,14.97,4,2016,117.0,90.0,79.2,6.17,4.83,2.93
67,Christian McCaffrey,34.0,CAR,24,RB,51,45,682.0,3145,29,146,49.5,4.33,64.38,7,2020,398.0,320.0,82.08,8.43,6.92,6.17
68,Christine Michael,84.25,2TM,26,RB,37,9,254.0,1080,7,16,36.25,4.47,26.65,3,2016,37.0,26.0,58.63,7.4,4.13,0.67
69,Ciatrick Fason,110.0,MIN,24,RB,18,0,50.0,161,5,18,15.0,3.7,12.3,1,2006,5.0,3.0,60.0,6.3,3.8,0.6
70,Clinton Portis,9.25,WAS,24,RB,60,56,1258.0,5930,45,304,58.75,4.78,99.8,16,2005,198.0,141.0,71.3,8.1,5.75,2.4
71,Clyde Edwards-Helaire,43.0,KAN,23,RB,33,29,371.0,1622,11,79,33.33,4.33,47.9,2,2022,100.0,72.0,74.4,8.0,5.9,2.13
72,Correll Buckhalter,37.5,PHI,25,RB,30,11,255.0,1128,10,61,56.0,4.4,37.6,5,2003,35.0,23.0,66.65,11.65,7.85,0.8
73,Curtis Keaton,162.67,NOR,26,RB,25,0,23.0,91,0,4,11.0,5.07,3.63,1,2002,1.0,1.0,100.0,9.0,9.0,0.1
74,Cyrus Gray,168.67,KAN,25,RB,35,0,24.0,99,1,5,10.0,4.3,3.1,0,2014,13.0,9.0,68.35,7.8,5.3,0.3
75,D'Andre Swift,40.33,DET,23,RB,40,16,364.0,1680,18,80,53.67,4.73,42.1,6,2022,205.0,156.0,76.27,7.73,5.9,3.9
76,D'Onta Foreman,123.0,TEN,24,RB,17,1,107.0,421,2,19,18.67,2.8,15.83,3,2020,11.0,9.0,91.67,10.93,9.8,0.93
77,Da'Rel Scott,168.33,NYG,25,RB,20,1,31.0,98,0,5,9.67,2.8,6.13,1,2013,21.0,13.0,78.95,7.9,5.95,1.2
78,Dalvin Cook,26.5,MIN,25,RB,43,42,769.0,3661,33,189,62.0,4.72,84.17,12,2020,182.0,148.0,79.0,8.45,6.67,3.33
79,Damien Harris,76.5,NWE,25,RB,38,34,449.0,2094,20,109,37.0,4.25,44.75,3,2022,51.0,40.0,77.0,7.8,5.97,1.07
80,Damien Nash,155.0,DEN,24,RB,6,0,24.0,98,0,4,17.0,4.5,16.35,0,2006,10.0,7.0,78.55,7.5,5.3,1.15
81,Dan Herron,142.0,2TM,26,RB,35,3,112.0,468,1,19,21.25,3.9,9.25,3,2015,38.0,31.0,67.7,17.6,17.1,0.6
82,Daniel Lasco,152.0,NOR,24,RB,7,0,11.0,32,0,1,6.0,2.9,4.6,0,2016,4.0,2.0,50.0,5.5,2.8,0.3
83,Daniel Thomas,51.75,MIA,27,RB,52,3,409.0,1480,10,65,29.5,3.65,28.23,6,2014,74.0,55.0,74.95,7.47,5.42,1.07
84,Darius Jackson,191.0,2TM,25,RB,4,0,6.0,16,0,0,4.0,2.7,4.0,0,2018,1.0,0.0,0.0,0.0,0.0,0.0
85,Darrell Henderson,55.25,LAR,25,RB,50,28,396.0,1742,13,103,28.5,4.22,34.62,0,2022,92.0,66.0,70.8,7.83,5.45,1.38
86,Darren McFadden,38.5,OAK,24,RB,45,32,553.0,2627,16,108,51.25,4.6,61.23,13,2011,159.0,116.0,73.08,10.1,7.28,2.58
87,Darren Sproles,108.33,SDG,25,RB,46,0,106.0,544,3,23,30.67,5.37,11.6,7,2008,50.0,42.0,81.2,6.07,5.07,0.9
88,Darrynton Evans,193.0,CHI,24,RB,12,0,30.0,125,0,5,11.67,4.0,9.5,0,2022,7.0,5.0,83.33,17.33,15.1,0.87
89,Darwin Thompson,109.5,KAN,23,RB,26,1,64.0,225,2,16,13.0,3.55,8.8,0,2020,21.0,16.0,76.8,7.05,5.1,0.65
90,Daryl Richardson,55.0,STL,23,RB,24,3,167.0,690,0,34,33.5,3.95,28.3,3,2013,54.0,38.0,72.25,7.7,5.6,1.65
91,David Cobb,80.0,TEN,22,RB,7,1,52.0,146,1,6,12.0,2.8,20.9,0,2015,2.0,1.0,50.0,-2.0,-1.0,0.1
92,David Johnson,87.6,ARI,27,RB,65,42,689.0,2787,31,162,33.2,3.3,39.16,15,2018,299.0,198.0,64.27,9.2,6.04,2.01
93,David Montgomery,12.25,CHI,25,RB,60,51,915.0,3609,26,205,51.0,3.95,60.58,6,2022,194.0,155.0,79.55,8.0,6.38,2.62
94,David Williams,176.0,JAX,24,RB,6,0,8.0,36,0,3,15.0,4.5,6.0,0,2018,,,,,,
95,David Wilson,77.0,NYG,22,RB,21,6,115.0,504,5,27,35.0,4.15,25.8,3,2013,15.0,6.0,38.85,6.25,2.55,0.35
96,De'Angelo Henderson,215.0,NYJ,26,RB,8,0,9.0,32,0,2,9.0,5.7,4.45,1,2018,2.0,2.0,100.0,18.0,18.0,0.4
97,De'Anthony Thomas,212.0,KAN,24,RB,50,6,28.0,180,2,7,16.5,5.8,3.88,3,2017,81.0,61.0,76.88,7.55,5.85,1.27
98,DeAndre Washington,73.0,OAK,26,RB,55,5,282.0,1122,7,60,22.5,3.88,19.82,4,2019,110.0,88.0,84.33,7.42,6.38,1.48
99,DeAngelo Williams,28.0,CAR,26,RB,58,31,754.0,3850,30,177,63.0,4.95,65.97,5,2009,145.0,107.0,74.05,7.82,5.85,1.88
100,DeMarco Murray,18.0,DAL,26,RB,53,47,934.0,4526,28,235,58.25,4.88,82.67,12,2014,207.0,171.0,81.75,7.03,5.75,3.23
101,DeShaun Foster,43.67,CAR,25,RB,33,10,377.0,1563,4,74,54.0,4.13,51.0,5,2005,93.0,69.0,78.37,9.1,7.1,2.17
102,DeShawn Wynn,144.33,GNB,26,RB,16,4,64.0,332,5,12,41.0,7.03,18.6,1,2009,24.0,14.0,64.3,9.2,5.97,0.8
103,Dee Brown,46.0,CAR,24,RB,14,3,102.0,360,4,20,24.0,3.5,25.7,4,2002,33.0,17.0,51.5,5.1,2.6,1.2
104,DeeJay Dallas,109.67,SEA,24,RB,44,2,102.0,432,4,28,18.33,4.23,9.83,2,2022,62.0,55.0,88.6,6.73,6.0,1.23
105,Deji Karim,101.33,HOU,27,RB,30,0,110.0,341,0,21,14.33,3.67,10.87,5,2013,28.0,18.0,55.53,3.63,2.4,0.53
106,Delone Carter,78.5,IND,25,RB,26,3,133.0,499,5,29,31.0,3.75,17.9,4,2012,10.0,6.0,56.25,8.3,4.4,0.2
107,Derrick Blaylock,92.67,KAN,25,RB,40,5,156.0,723,10,44,21.67,4.73,19.3,1,2004,68.0,45.0,62.53,10.43,6.57,1.13
108,Derrick Henry,25.33,TEN,24,RB,47,16,501.0,2293,22,119,65.33,4.53,48.47,2,2018,50.0,39.0,78.23,9.83,7.53,0.83
109,Derrick Ward,66.0,NYG,27,RB,22,5,160.0,725,3,35,28.0,4.15,42.05,2,2007,45.0,28.0,52.5,6.7,3.55,1.7
110,Derrius Guice,89.0,WAS,22,RB,5,1,42.0,245,2,9,60.0,5.8,49.0,0,2019,9.0,7.0,77.8,11.3,8.8,1.4
111,Deuce McAllister,36.0,NOR,26,RB,61,49,961.0,4194,31,195,65.75,4.67,69.38,16,2004,229.0,165.0,72.15,8.2,5.95,2.67
112,Devante Mays,211.0,GNB,23,RB,8,0,4.0,1,0,0,2.0,0.3,0.1,2,2017,3.0,3.0,100.0,0.0,0.0,0.4
113,Devin Singletary,25.75,BUF,25,RB,61,56,672.0,3151,16,175,42.0,4.67,52.48,13,2022,193.0,145.0,74.95,6.72,5.03,2.4
114,Devonta Freeman,26.25,ATL,25,RB,61,43,753.0,3248,30,202,47.25,4.25,53.78,9,2017,246.0,193.0,79.02,8.2,6.47,3.2
115,Devontae Booker,108.5,DEN,27,RB,61,6,289.0,1103,6,55,18.75,4.3,18.32,7,2019,143.0,105.0,72.25,8.6,6.2,1.75
116,Dexter Williams,246.0,GNB,23,RB,7,0,7.0,19,0,0,5.0,3.1,2.75,0,2020,,,,,,
117,Dion Lewis,133.5,PHI,22,RB,24,0,36.0,171,2,11,18.5,4.85,7.25,1,2012,3.0,3.0,100.0,4.5,4.5,0.15
118,Domanick Williams,15.67,HOU,25,RB,40,36,770.0,3195,23,144,46.33,4.13,80.5,10,2005,200.0,154.0,77.13,8.23,6.4,3.8
119,Donald Brown,42.5,IND,25,RB,50,15,449.0,1840,11,91,48.25,4.05,36.42,1,2012,74.0,56.0,75.85,10.35,7.78,1.1
120,Doug Chapman,110.67,MIN,26,RB,26,3,90.0,317,0,15,17.33,4.23,11.77,2,2003,21.0,17.0,61.4,5.47,5.03,0.43
121,Doug Martin,20.5,TAM,26,RB,49,49,868.0,3806,20,174,61.25,4.2,74.85,8,2015,158.0,107.0,65.0,7.05,4.72,2.1
122,Duke Johnson,64.5,CLE,25,RB,64,10,299.0,1286,5,73,25.75,4.42,20.12,8,2018,303.0,235.0,77.35,9.25,7.12,3.65
123,Dwayne Washington,116.25,NOR,25,RB,46,2,145.0,523,1,21,23.25,4.58,11.62,0,2019,18.0,13.0,88.9,6.4,5.7,0.43
124,Dwayne Wright,103.0,BUF,24,RB,15,0,29.0,94,0,6,15.0,3.2,6.3,1,2007,3.0,3.0,100.0,5.7,5.7,0.2
125,Eddie Lacy,24.25,GNB,26,RB,51,48,788.0,3435,23,177,41.0,4.47,68.05,8,2016,134.0,101.0,71.1,8.47,6.08,1.75
126,Eddie Williams,257.0,2TM,24,RB,6,0,2.0,2,0,0,1.0,1.0,0.3,0,2011,1.0,1.0,100.0,17.0,17.0,0.2
127,Edwin Baker,178.0,NOR,23,RB,6,2,44.0,173,2,12,11.0,3.0,28.85,0,2014,9.0,8.0,88.9,7.1,6.3,2.7
128,Elijah McGuire,52.0,NYJ,24,RB,24,5,180.0,591,4,29,51.5,3.3,27.1,4,2018,57.0,36.0,63.35,10.3,6.5,1.75
129,Eno Benjamin,88.5,3TM,23,RB,24,3,111.0,431,3,18,33.0,3.8,17.0,0,2022,41.0,31.0,79.6,7.35,5.85,1.2
130,Eric Shelton,157.0,CAR,23,RB,9,0,8.0,23,0,1,9.0,2.9,2.6,0,2006,1.0,1.0,100.0,6.0,6.0,0.1
131,Evan Royster,152.0,WAS,26,RB,32,2,81.0,416,2,25,13.33,3.23,20.07,0,2013,38.0,25.0,76.5,5.97,4.2,0.83
132,Ezekiel Elliott,3.5,DAL,24,RB,56,56,1169.0,5405,40,314,41.0,4.6,96.85,15,2019,243.0,189.0,76.92,9.2,7.08,3.3
133,Felix Jones,50.25,DAL,24,RB,48,16,458.0,2326,8,107,47.5,5.9,47.77,10,2011,121.0,102.0,88.0,6.85,6.0,1.88
134,Frank Gore,18.25,SFO,25,RB,59,46,939.0,4441,22,180,57.0,4.67,74.2,18,2008,243.0,172.0,70.28,8.4,5.9,2.88
135,Frank Moreau,104.5,JAX,25,RB,14,1,75.0,206,5,20,18.0,3.05,12.65,3,2001,1.0,0.0,0.0,0.0,0.0,0.0
136,Garrett Wolfe,138.0,CHI,26,RB,50,0,72.0,282,1,14,26.5,3.7,6.83,1,2010,16.0,11.0,67.95,9.5,6.5,0.5
137,Gartrell Johnson,152.5,ATL,24,RB,19,0,23.0,79,0,5,17.0,3.45,4.15,1,2010,6.0,3.0,30.0,1.0,0.6,0.15
138,George Layne,294.33,2TM,26,RB,9,0,3.0,32,0,2,10.67,10.67,3.5,1,2004,5.0,4.0,83.33,4.83,4.33,0.53
139,Giovani Bernard,32.5,CIN,25,RB,55,12,583.0,2442,14,117,42.25,4.12,43.75,4,2016,247.0,187.0,75.62,8.88,6.72,3.45
140,Glen Coffee,55.0,SFO,22,RB,14,2,83.0,226,1,8,17.0,2.7,16.1,0,2009,18.0,11.0,61.1,6.9,4.2,0.8
141,Isaiah Pead,193.67,STL,26,RB,27,1,19.0,78,0,4,11.33,3.3,2.4,3,2015,19.0,14.0,74.15,6.2,4.6,0.65
142,Ito Smith,154.0,DAL,26,RB,36,0,176.0,693,7,37,18.5,4.15,15.18,2,2021,72.0,55.0,76.13,5.97,4.63,1.57
143,J.J. Arrington,92.75,ARI,25,RB,58,8,183.0,654,3,28,20.75,3.42,11.95,2,2008,123.0,91.0,75.1,7.5,5.62,1.65
144,J.K. Dobbins,44.0,BAL,24,RB,23,9,226.0,1325,11,64,58.0,5.85,59.35,2,2022,32.0,25.0,81.25,6.35,5.15,1.05
145,J.R. Redmond,125.25,OAK,26,RB,34,5,173.0,557,1,21,12.5,2.6,18.48,2,2003,55.0,36.0,61.9,6.25,3.83,1.0
146,Jacquizz Rodgers,61.5,ATL,24,RB,63,5,305.0,1116,5,63,23.0,3.67,17.78,3,2014,189.0,155.0,80.65,7.3,5.88,2.48
147,Jahvid Best,44.5,DET,22,RB,22,15,255.0,945,6,41,66.5,3.9,49.85,1,2011,120.0,85.0,70.0,9.5,6.65,4.05
148,Jalen Parmele,223.5,BAL,24,RB,8,0,7.0,44,0,1,19.0,8.45,14.7,0,2009,,,,,,
149,Jamaal Charles,65.75,KAN,25,RB,49,19,499.0,3027,12,145,52.5,6.12,57.55,10,2011,164.0,117.0,73.88,7.42,5.3,2.42
150,Jamaal Williams,39.25,GNB,25,RB,60,20,500.0,1985,10,109,28.75,3.98,33.2,0,2020,155.0,122.0,78.67,8.1,6.28,2.08
151,Jamal Lewis,6.0,BAL,24,RB,48,44,1004.0,4757,26,213,67.33,4.67,99.1,22,2003,134.0,100.0,73.9,9.43,7.0,2.07
152,James Conner,44.0,PIT,25,RB,50,33,532.0,2302,22,128,34.25,4.33,46.75,7,2020,153.0,124.0,62.1,5.62,4.65,2.58
153,James Davis,146.0,2TM,24,RB,9,0,28.0,75,0,0,9.5,2.45,8.05,0,2010,10.0,8.0,80.0,6.3,5.0,1.3
154,James Jackson,86.5,2TM,28,RB,44,16,321.0,1071,5,58,24.0,4.45,25.45,5,2004,42.0,30.0,68.2,5.7,4.05,0.8
155,James Starks,63.75,GNB,27,RB,35,5,322.0,1427,5,76,29.75,4.22,39.65,4,2013,60.0,45.0,68.0,7.9,5.4,1.1
156,James White,119.75,NWE,25,RB,47,9,113.0,431,2,18,11.25,3.75,9.82,0,2017,217.0,161.0,80.42,7.95,6.15,3.1
157,Jamie Harper,133.0,TEN,23,RB,23,0,36.0,74,4,8,12.5,2.1,3.2,1,2012,7.0,5.0,83.35,8.0,6.65,0.2
158,Jason Huntley,186.0,PHI,23,RB,6,0,18.0,70,0,3,14.0,3.85,27.4,0,2021,3.0,1.0,25.0,0.0,0.0,0.1
159,Jason Snelling,90.0,ATL,27,RB,51,3,257.0,1042,7,70,22.75,3.85,19.23,4,2010,101.0,82.0,78.63,8.87,6.87,1.9
160,Javarris Williams,189.0,KAN,23,RB,4,0,6.0,6,0,0,5.0,1.0,1.5,0,2009,1.0,0.0,0.0,0.0,0.0,0.0
161,Javon Ringer,141.75,TEN,25,RB,37,0,120.0,486,3,21,30.0,5.2,11.05,1,2012,49.0,38.0,75.1,5.67,4.37,1.4
162,Javorius Allen,81.0,BAL,27,RB,54,6,340.0,1249,8,78,26.25,3.55,20.3,3,2018,169.0,129.0,76.42,5.95,4.58,2.15
163,Jay Ajayi,48.25,PHI,25,RB,42,23,562.0,2516,13,82,44.25,4.25,53.5,8,2018,86.0,63.0,73.65,7.28,5.1,1.4
164,Jeremy Hill,34.25,CIN,25,RB,54,43,704.0,2873,29,160,52.5,3.9,48.1,9,2017,82.0,67.0,85.28,6.4,5.33,1.15
165,Jeremy Langford,88.67,ATL,27,RB,29,5,219.0,762,10,41,17.67,3.2,25.1,2,2018,69.0,41.0,61.4,10.1,5.95,1.5
166,Jeremy McNichols,177.5,TEN,25,RB,17,0,49.0,208,1,9,13.5,3.15,8.4,0,2020,17.0,12.0,70.6,4.6,3.2,0.8
167,Jerick McKinnon,45.5,MIN,25,RB,58,14,474.0,1918,7,82,54.25,4.3,34.33,3,2017,191.0,142.0,73.6,6.85,5.08,2.48
168,Jerious Norwood,51.75,ATL,26,RB,55,6,373.0,1987,7,85,52.75,5.2,35.48,3,2009,130.0,95.0,76.22,9.4,7.17,1.75
169,Jerome Harrison,84.5,CLE,26,RB,47,8,271.0,1310,6,62,43.75,5.2,25.45,3,2009,84.0,57.0,74.75,7.72,5.93,1.1
170,Joe McKnight,94.33,NYJ,24,RB,39,1,112.0,502,0,22,30.0,4.63,13.93,6,2012,24.0,17.0,65.73,11.8,7.23,0.43
171,Joe Mixon,19.0,CIN,24,RB,50,41,812.0,3359,20,175,37.75,4.03,67.62,4,2020,160.0,129.0,81.25,7.82,6.38,2.73
172,John Kelly,211.0,CLE,25,RB,12,0,32.0,96,0,7,8.0,4.07,8.03,0,2021,3.0,2.0,66.7,13.5,9.0,0.5
173,Johnathan Franklin,126.0,GNB,24,RB,11,0,19.0,107,1,7,51.0,5.6,9.7,2,2013,5.0,4.0,80.0,7.5,6.0,0.4
174,Johnny White,165.5,2TM,24,RB,19,0,20.0,72,0,1,11.0,3.75,4.05,0,2012,4.0,1.0,25.0,-3.0,-0.8,0.1
175,Jonathan Dwyer,100.75,PIT,24,RB,36,6,230.0,971,2,47,36.75,4.7,26.65,2,2013,37.0,27.0,81.57,6.63,5.33,0.67
176,Jonathan Stewart,26.75,CAR,24,RB,62,13,725.0,3500,26,175,47.0,4.83,56.42,10,2011,118.0,81.0,62.6,8.82,5.58,1.27
177,Jonathan Taylor,11.0,IND,23,RB,43,41,756.0,3841,33,215,70.33,5.0,87.57,8,2022,130.0,104.0,80.23,7.47,6.13,2.43
178,Jonathan Wells,83.25,HOU,26,RB,60,18,374.0,1167,10,61,18.75,3.17,18.65,5,2005,59.0,44.0,68.83,7.28,4.95,0.75
179,Jonathan Williams,145.67,IND,25,RB,23,1,79.0,329,2,19,23.0,2.77,11.53,2,2019,8.0,7.0,83.33,4.27,4.27,0.33
180,Jordan Howard,15.0,PHI,25,RB,57,48,897.0,3895,30,221,46.0,4.35,67.12,5,2019,122.0,82.0,69.55,7.47,5.1,1.4
181,Jordan Scarlett,215.0,CAR,23,RB,9,0,4.0,9,0,0,6.0,2.3,1.0,0,2019,,,,,,
182,Jordan Todman,133.33,JAX,24,RB,33,3,111.0,450,3,22,33.67,3.97,11.87,0,2014,64.0,40.0,73.8,5.4,3.3,1.17
183,Jordan Wilkins,70.67,IND,26,RB,45,4,195.0,951,4,44,43.33,5.1,21.13,2,2020,44.0,35.0,77.57,6.73,5.17,0.77
184,Joseph Addai,22.0,IND,26,RB,58,42,861.0,3525,34,211,27.0,4.05,59.9,4,2009,200.0,157.0,77.62,7.95,6.17,2.67
185,Joseph Randle,71.33,DAL,24,RB,35,8,181.0,822,9,34,40.33,4.6,28.83,3,2015,25.0,22.0,86.67,7.33,6.43,0.87
186,Josh Jacobs,7.25,LVR,24,RB,60,59,1072.0,4740,40,255,48.25,4.4,78.7,8,2022,200.0,160.0,78.65,7.35,5.78,2.6
187,Josh Robinson,145.0,IND,23,RB,5,0,17.0,39,0,0,8.0,2.3,7.8,1,2015,12.0,12.0,100.0,5.5,5.5,1.2
188,Josh Scobey,103.0,ARI,25,RB,12,0,27.0,89,0,7,10.0,3.3,7.4,1,2004,22.0,19.0,92.85,9.8,9.05,0.8
189,Joshua Kelley,78.0,LAC,25,RB,37,1,213.0,743,4,41,23.0,3.5,19.2,3,2022,54.0,42.0,79.77,7.07,5.57,1.07
190,Julius Jones,21.5,DAL,26,RB,53,51,885.0,3484,18,164,51.5,3.95,70.85,8,2007,112.0,84.0,72.92,9.3,6.58,1.7
191,Justice Hill,103.67,BAL,25,RB,43,0,119.0,547,2,27,23.67,4.73,12.2,2,2022,32.0,25.0,84.43,5.87,4.5,0.57
192,Justin Forsett,56.33,SEA,26,RB,48,7,278.0,1287,7,59,29.67,4.33,26.83,4,2011,142.0,97.0,68.07,7.23,4.93,2.03
193,Justin Jackson,84.5,LAC,25,RB,43,7,206.0,1040,4,55,42.75,5.25,25.1,1,2021,79.0,65.0,81.97,7.15,5.85,1.55
194,Ka'Deem Carey,99.67,CHI,24,RB,37,1,111.0,443,2,28,16.67,4.0,12.1,1,2016,16.0,13.0,84.9,9.57,7.9,0.37
195,Kalen Ballage,93.75,PIT,26,RB,52,8,213.0,665,7,49,28.25,3.35,14.2,2,2021,79.0,54.0,61.77,5.1,3.33,1.18
196,Kareem Hunt,30.5,CLE,25,RB,51,35,694.0,3171,23,161,40.75,4.47,58.2,4,2020,193.0,154.0,79.25,9.7,7.62,3.17
197,Karlos Williams,51.0,BUF,22,RB,11,3,93.0,517,7,25,41.0,5.6,47.0,2,2015,14.0,11.0,78.6,8.7,6.9,1.0
198,Ke'Shawn Vaughn,129.67,TAM,25,RB,37,1,79.0,342,2,22,28.67,4.1,9.8,1,2022,22.0,12.0,58.33,6.53,3.83,0.33
199,Kendall Hunter,53.33,SFO,25,RB,43,1,262.0,1202,7,60,38.33,4.67,28.57,2,2013,42.0,27.0,62.17,8.47,5.27,0.63
200,Kenjon Barner,134.67,PHI,27,RB,31,0,61.0,260,2,15,13.33,3.47,7.73,2,2016,26.0,16.0,62.4,4.77,2.63,0.53
201,Kenneth Darby,133.0,STL,28,RB,41,1,95.0,408,2,22,21.25,4.4,10.03,1,2010,61.0,49.0,77.28,7.25,5.67,1.43
202,Kenneth Dixon,59.5,BAL,24,RB,18,0,148.0,715,4,50,28.5,4.95,43.65,3,2018,48.0,36.0,79.45,6.95,5.65,1.75
203,Kenyan Drake,51.0,2TM,25,RB,62,24,456.0,2175,17,106,61.25,4.88,35.83,7,2019,199.0,144.0,75.7,7.12,5.3,2.38
204,Kerrith Whyte Jr,115.0,PIT,23,RB,6,0,24.0,122,0,5,21.0,5.1,20.3,0,2019,1.0,1.0,100.0,9.0,9.0,0.2
205,Kerryon Johnson,57.0,DET,23,RB,34,16,283.0,1225,8,63,35.0,4.17,41.93,3,2020,80.0,61.0,73.97,9.73,7.07,1.9
206,Kerwynn Williams,111.67,ARI,25,RB,21,0,98.0,545,3,25,34.33,6.2,29.53,2,2016,10.0,5.0,61.1,6.5,4.27,0.27
207,Kevan Barlow,29.25,SFO,25,RB,60,18,715.0,3033,21,152,49.5,4.33,50.27,10,2004,138.0,106.0,75.65,8.95,6.75,1.75
208,Kevin Jones,27.5,DET,25,RB,53,49,761.0,3067,24,154,50.0,3.98,57.17,11,2007,191.0,141.0,72.65,6.65,4.88,2.75
209,Kevin Smith,49.5,DET,25,RB,42,29,561.0,2212,16,112,34.75,4.08,47.9,6,2011,155.0,113.0,72.88,9.18,6.67,2.62
210,Knile Davis,87.75,2TM,25,RB,57,2,250.0,805,11,41,21.0,2.8,12.9,7,2016,50.0,34.0,68.85,8.25,5.62,0.57
211,Knowshon Moreno,40.75,DEN,25,RB,44,30,604.0,2430,16,125,28.75,4.17,52.58,9,2012,130.0,97.0,74.88,8.72,6.53,2.2
212,Kolby Smith,90.67,KAN,25,RB,27,9,162.0,540,3,33,16.67,2.9,16.0,0,2009,43.0,34.0,88.07,5.47,4.7,1.1
213,Kyle Juszczyk,219.5,BAL,25,RB,32,18,7.0,25,1,3,6.0,2.95,0.8,0,2016,133.0,97.0,54.78,6.15,4.45,1.52
214,La'Mical Perine,133.5,NYJ,23,RB,14,0,72.0,263,2,19,17.0,3.75,15.5,0,2021,15.0,11.0,73.3,5.7,4.2,1.1
215,LaBrandon Toefield,96.25,JAX,26,RB,43,2,150.0,545,6,28,22.5,3.35,11.68,1,2006,57.0,45.0,70.93,6.2,4.47,1.07
216,LaDainian Tomlinson,5.5,SDG,25,RB,63,63,1363.0,5899,54,321,61.25,4.33,93.58,19,2004,378.0,291.0,77.8,7.0,5.45,4.6
217,LaMichael James,152.67,2TM,25,RB,17,0,44.0,193,0,12,17.33,3.77,13.4,3,2014,9.0,5.0,42.23,5.9,3.7,0.33
218,LaMont Jordan,64.75,NYJ,26,RB,62,0,262.0,1277,10,72,44.75,5.15,20.68,5,2004,62.0,50.0,80.58,8.1,6.55,0.8
219,LaRod Stephens-Howling,108.75,ARI,25,RB,57,10,182.0,651,5,25,31.5,3.62,11.72,1,2012,88.0,56.0,64.6,9.85,6.67,0.97
220,Ladell Betts,52.0,WAS,26,RB,48,2,321.0,1271,5,67,22.25,3.98,26.9,5,2005,82.0,52.0,63.65,9.72,6.32,1.12
221,Lamar Gordon,68.25,PHI,25,RB,40,15,225.0,772,3,49,17.75,3.23,20.4,9,2005,87.0,62.0,68.38,7.4,5.07,2.05
222,Lamar Miller,34.75,MIA,24,RB,61,48,638.0,2930,19,137,64.75,4.62,46.67,5,2015,152.0,117.0,76.22,7.4,5.7,1.85
223,Larry Johnson,42.5,KAN,27,RB,48,28,892.0,4205,47,232,39.25,4.65,73.38,7,2006,147.0,97.0,59.65,8.75,5.88,1.77
224,Latavius Murray,27.0,OAK,26,RB,45,31,543.0,2278,20,119,62.0,4.4,50.4,7,2016,119.0,91.0,76.0,7.37,5.57,2.03
225,Laurence Maroney,45.25,NWE,24,RB,45,14,582.0,2430,21,139,40.5,4.0,49.73,5,2009,56.0,40.0,67.03,14.97,8.83,0.93
226,Le'Veon Bell,16.0,PIT,24,RB,47,47,908.0,4045,26,225,52.5,4.5,87.42,5,2016,291.0,227.0,79.83,8.28,6.47,4.75
227,LeSean McCoy,20.5,PHI,24,RB,58,44,835.0,3866,30,205,55.5,4.58,67.28,9,2012,282.0,220.0,77.15,7.2,5.57,3.85
228,Lee Suggs,109.5,MIA,26,RB,29,3,269.0,1074,4,54,32.75,3.77,31.02,8,2006,49.0,28.0,45.15,3.3,5.3,0.78
229,LenDale White,38.5,TEN,25,RB,58,18,628.0,2349,24,127,36.25,3.77,38.4,7,2009,66.0,42.0,61.12,4.47,2.77,0.73
230,Leon Washington,55.0,NYJ,27,RB,55,13,370.0,1782,13,70,41.5,4.95,34.5,11,2009,169.0,123.0,71.47,8.25,5.92,2.23
231,Leonard Fournette,25.75,TAM,25,RB,49,39,763.0,2998,23,150,60.5,3.83,59.98,3,2020,221.0,170.0,78.05,7.55,5.9,3.38
232,Leonard Henry,82.0,MIA,26,RB,6,2,46.0,141,0,5,53.0,3.1,23.5,1,2004,6.0,3.0,50.0,4.0,2.0,0.5
233,Lex Hilliard,126.5,MIA,27,RB,32,4,39.0,130,2,14,11.0,3.25,4.1,0,2011,29.0,26.0,73.8,6.9,5.47,0.57
234,Lorenzo Booker,108.5,PHI,24,RB,17,2,48.0,178,0,10,15.0,3.6,11.6,0,2008,52.0,39.0,73.7,5.57,4.33,1.97
235,Lorenzo Taliaferro,184.67,BAL,25,RB,19,0,82.0,339,5,19,12.67,2.63,12.73,1,2016,18.0,16.0,93.33,7.8,6.83,1.1
236,Marcus Murphy,180.33,BUF,27,RB,25,1,60.0,291,0,9,18.33,3.57,21.23,4,2018,22.0,14.0,85.97,2.97,2.63,1.1
237,Marion Barber III,28.25,DAL,25,RB,60,16,715.0,3052,36,187,35.5,4.3,50.55,13,2008,172.0,137.0,77.65,7.33,5.67,2.27
238,Marion Grice,144.0,ARI,23,RB,10,0,15.0,41,1,3,8.0,2.7,4.1,0,2014,11.0,7.0,63.6,4.1,2.6,0.7
239,Mark Ingram,33.75,NOR,25,RB,50,21,582.0,2426,20,128,32.75,4.25,48.58,4,2014,70.0,53.0,72.2,5.92,4.15,1.08
240,Mark Walton,109.0,MIA,22,RB,21,4,67.0,235,0,16,14.5,3.1,15.55,1,2019,29.0,20.0,66.95,7.05,4.65,1.25
241,Marlon Mack,76.25,IND,24,RB,41,23,539.0,2383,20,149,41.25,4.85,51.3,3,2020,79.0,55.0,77.85,8.18,6.4,1.73
242,Marshawn Lynch,21.5,2TM,24,RB,57,48,852.0,3338,23,126,48.0,3.88,58.9,11,2010,156.0,115.0,74.9,7.4,5.5,2.02
243,Matt Forte,11.0,CHI,26,RB,60,60,1014.0,4233,21,190,56.25,4.22,71.35,12,2011,294.0,223.0,75.85,9.0,6.75,3.75
244,Matt Jones,91.67,IND,24,RB,25,7,248.0,964,6,60,33.67,3.6,35.4,8,2017,335.0,193.0,65.13,12.95,8.25,2.53
245,Matthew Dayes,193.0,CLE,23,RB,16,0,5.0,13,0,1,4.0,2.6,0.8,0,2017,5.0,4.0,80.0,7.3,5.8,0.3
246,Maurice Jones-Drew,23.25,JAX,24,RB,63,20,842.0,3924,49,211,64.25,4.75,62.1,11,2009,263.0,201.0,76.05,8.97,6.8,3.2
247,Maurice Morris,82.25,SEA,26,RB,58,3,171.0,806,1,44,32.0,4.85,13.8,3,2005,35.0,21.0,73.75,7.95,6.08,0.38
248,Melvin Gordon,13.75,LAC,25,RB,55,51,897.0,3628,28,210,49.0,4.1,66.35,10,2018,243.0,182.0,76.7,8.5,6.43,3.35
249,Mewelde Moore,80.75,MIN,25,RB,54,11,264.0,1285,1,60,24.5,5.33,24.23,6,2007,151.0,116.0,77.28,9.05,6.95,2.1
250,Michael Bennett,37.25,MIN,26,RB,48,43,587.0,2701,9,107,42.25,4.5,53.62,7,2004,116.0,99.0,85.88,9.55,8.22,1.98
251,Michael Bush,41.33,OAK,26,RB,45,10,376.0,1665,14,69,52.33,4.43,37.23,3,2010,73.0,54.0,75.93,8.5,6.33,1.23
252,Michael Cox,164.0,NYG,26,RB,18,1,26.0,76,0,2,13.0,5.15,5.7,0,2014,6.0,5.0,83.35,4.25,3.5,0.35
253,Michael Turner,75.0,SDG,25,RB,59,1,228.0,1257,6,52,65.0,5.47,21.68,2,2007,16.0,11.0,59.27,5.42,4.9,0.2
254,Michael Wiley,104.33,DAL,24,RB,42,1,80.0,503,1,24,38.33,6.2,11.57,4,2002,74.0,43.0,60.63,7.47,4.23,1.07
255,Mike Davis,85.75,SEA,25,RB,35,9,234.0,862,5,46,22.75,3.1,22.57,1,2018,78.0,59.0,69.53,7.17,5.08,1.6
256,Mike Gillislee,100.67,BUF,26,RB,23,2,154.0,865,11,51,36.67,4.97,32.97,2,2016,18.0,15.0,83.75,5.2,4.3,0.9
257,Mike Goodson,87.0,OAK,25,RB,36,3,160.0,722,3,27,33.0,4.3,17.6,7,2012,78.0,59.0,75.88,7.88,6.6,1.1
258,Mike Green,116.5,TEN,26,RB,31,3,36.0,142,1,8,16.5,4.05,4.55,1,2002,24.0,19.0,54.1,4.47,3.53,0.43
259,Mike Hart,140.33,IND,24,RB,21,1,71.0,264,2,16,19.0,3.83,12.0,1,2010,15.0,12.0,87.5,11.0,9.67,0.57
260,Mike James,137.67,TAM,25,RB,23,3,83.0,351,0,19,14.0,3.87,15.03,0,2016,16.0,15.0,96.97,1.6,1.47,0.8
261,Mikel Leshoure,133.0,DET,23,RB,17,14,217.0,807,9,47,10.5,4.1,30.0,3,2013,49.0,34.0,69.4,6.3,4.4,2.4
262,Miles Sanders,22.0,PHI,25,RB,57,49,739.0,3708,20,165,56.25,5.08,65.2,9,2022,175.0,124.0,71.65,6.8,4.88,2.2
263,Montario Hardesty,59.0,CLE,25,RB,23,5,153.0,537,1,18,22.0,3.6,23.7,3,2012,26.0,16.0,53.35,8.35,4.5,0.8
264,Montee Ball,59.5,DEN,24,RB,21,3,175.0,731,5,44,34.0,3.9,34.65,4,2014,40.0,29.0,71.65,7.1,5.1,1.55
265,Musa Smith,130.67,BAL,24,RB,32,0,57.0,232,2,13,18.0,3.9,6.97,2,2006,30.0,27.0,81.9,7.77,5.13,1.67
266,Myles Gaskin,80.0,MIA,25,RB,38,17,361.0,1355,7,61,23.25,3.48,29.98,4,2022,128.0,101.0,72.5,7.15,5.25,2.25
267,Najeh Davenport,72.5,GNB,26,RB,39,2,217.0,1068,7,51,45.75,4.7,26.15,7,2005,25.0,17.0,78.9,5.67,4.33,0.45
268,Nick Chubb,10.5,CLE,26,RB,58,51,908.0,4816,36,226,77.25,5.33,83.62,6,2021,121.0,92.0,77.85,8.32,6.53,1.57
269,Noah Herron,76.5,GNB,24,RB,23,0,85.0,273,3,7,18.0,3.35,13.5,2,2006,35.0,29.0,82.9,7.3,6.0,1.8
270,Nyheim Hines,69.0,IND,25,RB,65,12,282.0,1169,9,73,25.25,4.17,18.0,5,2021,272.0,210.0,76.7,7.38,5.6,3.25
271,Onterrio Smith,40.5,MIN,24,RB,26,9,231.0,1123,7,47,42.5,4.9,44.05,3,2004,65.0,51.0,77.5,9.75,7.65,2.15
272,Owen Marecic,209.0,CLE,23,RB,14,4,4.0,8,0,1,3.0,2.0,0.6,1,2011,12.0,5.0,35.7,3.1,2.2,0.2
273,Paul Perkins,92.67,DET,25,RB,29,5,165.0,575,0,30,16.33,2.9,16.03,1,2019,35.0,24.0,80.83,8.53,6.8,0.7
274,Paul Smith,176.25,DET,25,RB,43,0,42.0,194,1,10,11.5,4.58,4.47,3,2003,17.0,12.0,70.83,14.37,9.97,0.47
275,Qadree Ollison,200.0,ATL,25,RB,19,0,44.0,158,5,14,9.33,3.43,6.8,2,2021,8.0,5.0,58.35,5.0,2.75,0.3
276,Quentin Griffin,49.0,DEN,23,RB,16,5,179.0,656,2,30,35.0,3.7,43.15,6,2004,25.0,18.0,72.05,7.2,5.2,1.25
277,Quincy Wilson,262.0,CIN,25,RB,3,0,2.0,2,0,0,5.0,1.0,0.7,0,2006,,,,,,
278,Quinton Ganther,114.5,WAS,25,RB,21,4,71.0,262,3,15,17.5,5.0,14.9,0,2009,17.0,15.0,63.33,6.07,5.7,0.53
279,Rashaad Penny,82.25,SEA,25,RB,37,6,280.0,1572,11,65,41.25,5.0,38.28,1,2021,31.0,23.0,74.23,8.9,6.6,0.67
280,Rashad Jennings,61.0,JAX,27,RB,38,9,224.0,944,7,48,41.0,4.5,25.7,3,2012,79.0,61.0,78.77,7.23,5.67,1.67
281,Rashard Mendenhall,37.5,PIT,24,RB,51,44,813.0,3367,29,160,47.5,3.92,56.33,6,2011,97.0,68.0,69.17,8.7,6.07,1.18
282,Ray Rice,16.25,BAL,24,RB,61,49,959.0,4377,24,181,59.75,4.55,70.05,6,2011,331.0,250.0,75.72,8.85,6.7,4.03
283,Reggie Bush,45.0,NOR,24,RB,52,35,488.0,1940,17,104,34.5,4.17,38.0,17,2009,360.0,260.0,71.88,7.43,5.33,5.05
284,Reuben Droughns,159.33,DEN,25,RB,40,7,40.0,97,1,5,12.0,2.5,3.2,0,2003,24.0,18.0,75.47,8.53,6.37,0.43
285,Rex Burkhead,144.33,CIN,26,RB,41,1,87.0,375,3,25,9.67,2.87,8.27,2,2016,45.0,34.0,73.9,8.3,6.17,0.83
286,Robert Turbin,65.0,2TM,26,RB,58,3,281.0,1127,1,42,20.0,4.0,19.48,2,2015,65.0,50.0,74.83,7.97,6.12,0.85
287,Ron Dayne,28.67,NYG,24,RB,48,12,533.0,1888,15,114,47.0,3.53,39.33,4,2002,26.0,22.0,88.13,5.53,4.63,0.47
288,Ronald Jones II,53.0,TAM,24,RB,55,25,488.0,2174,18,109,46.5,3.85,36.73,7,2021,104.0,76.0,74.72,6.75,5.05,1.32
289,Rondell Mealey,141.0,GNB,25,RB,14,1,22.0,73,1,4,13.5,3.35,7.7,0,2002,11.0,9.0,88.9,10.95,10.25,1.25
290,Ronnie Brown,27.25,MIA,27,RB,51,46,781.0,3433,23,180,58.5,4.5,70.33,9,2008,174.0,137.0,79.1,8.35,6.65,3.08
291,Ronnie Hillman,45.5,DEN,24,RB,48,14,453.0,1845,12,97,39.75,4.05,38.4,8,2015,95.0,67.0,74.85,6.82,5.25,1.5
292,Roy Helu,108.0,WAS,26,RB,48,5,255.0,1132,7,61,17.75,3.75,18.98,6,2014,155.0,129.0,86.58,8.4,7.22,2.62
293,Royce Freeman,64.75,2TM,25,RB,61,8,353.0,1356,8,70,21.5,3.92,22.52,1,2021,99.0,79.0,77.7,6.4,4.92,1.3
294,Rudi Johnson,47.67,CIN,25,RB,36,21,593.0,2478,21,131,39.67,4.13,58.03,4,2004,61.0,42.0,68.3,6.1,4.23,1.13
295,Ryan Mathews,19.5,SDG,26,RB,54,46,849.0,3731,20,166,38.0,4.35,67.93,14,2013,174.0,137.0,79.42,7.38,5.88,2.58
296,Ryan Moats,94.0,HOU,26,RB,24,1,103.0,441,4,23,28.0,3.93,19.57,3,2008,12.0,7.0,42.23,2.17,1.33,0.3
297,Ryan Torain,78.0,WAS,25,RB,20,13,238.0,1011,6,44,37.33,4.17,44.57,3,2011,36.0,24.0,66.7,5.35,3.6,1.3
298,Ryan Williams,74.0,ARI,22,RB,5,3,58.0,164,0,8,25.0,2.8,32.8,2,2012,10.0,7.0,70.0,6.3,4.4,1.4
299,Ryquell Armstead,123.5,JAX,25,RB,18,1,50.0,188,0,8,21.0,4.2,23.4,0,2021,28.0,17.0,66.65,7.8,5.0,1.2
300,Samaje Perine,117.0,CIN,25,RB,44,9,251.0,952,4,42,24.0,3.85,16.3,2,2020,40.0,36.0,86.13,5.33,4.8,0.9
301,Sammy Morris,134.25,BUF,26,RB,53,9,134.0,488,6,37,14.75,3.38,10.25,3,2003,78.0,61.0,78.08,8.85,6.88,1.33
302,Saquon Barkley,45.25,NYG,24,RB,44,44,659.0,2937,19,123,51.25,3.77,55.38,3,2021,260.0,190.0,71.25,8.18,5.83,3.98
303,Shane Vereen,88.0,NWE,25,RB,42,8,217.0,907,7,44,18.75,4.15,20.27,2,2014,159.0,107.0,65.7,12.1,7.83,3.27
304,Shaun Alexander,20.75,SEA,26,RB,64,44,994.0,4241,46,229,62.75,4.4,66.28,13,2003,207.0,150.0,66.72,7.7,5.1,2.35
305,Shonn Greene,23.5,NYJ,27,RB,61,31,822.0,3423,18,163,30.75,4.3,55.5,11,2012,100.0,65.0,50.8,5.6,3.77,1.05
306,Shyrone Stith,120.0,JAX,22,RB,14,0,20.0,55,1,3,12.0,2.8,3.9,1,2000,,,,,,
307,Sony Michel,26.0,LAR,26,RB,55,35,743.0,3137,18,199,36.75,4.5,57.05,4,2021,73.0,47.0,66.25,9.32,6.45,0.82
308,Spencer Ware,99.67,KAN,25,RB,27,16,289.0,1334,9,71,34.33,4.4,35.8,4,2016,48.0,39.0,89.3,7.15,5.7,1.45
309,Stanley Havili,174.0,IND,26,RB,28,10,13.0,29,1,2,6.0,2.35,1.0,0,2013,33.0,25.0,72.0,6.6,4.85,0.95
310,Stepfan Taylor,132.25,ARI,25,RB,61,4,120.0,393,1,25,16.0,3.23,6.62,0,2016,27.0,20.0,65.17,6.7,4.83,0.47
311,Stevan Ridley,34.5,NWE,25,RB,52,25,649.0,2817,22,158,36.5,4.35,54.6,9,2014,36.0,23.0,66.55,6.0,3.85,0.5
312,Steve Slaton,73.0,2TM,25,RB,45,26,442.0,1896,13,93,38.5,4.12,35.4,10,2011,122.0,100.0,78.67,5.42,4.4,1.98
313,Steven Jackson,17.25,STL,24,RB,57,46,971.0,4249,30,197,53.0,4.42,74.2,13,2007,241.0,190.0,78.08,8.35,6.55,3.27
314,Storm Johnson,115.0,JAX,22,RB,6,1,29.0,86,2,5,20.0,3.0,14.3,0,2014,1.0,1.0,100.0,-4.0,-4.0,0.2
315,T.J. Duckett,36.5,ATL,24,RB,55,13,552.0,2175,31,124,37.0,3.98,39.33,7,2005,34.0,29.0,88.03,7.7,6.67,0.53
316,T.J. Yeldon,47.5,JAX,25,RB,51,30,465.0,1872,6,73,34.75,4.22,36.9,5,2018,233.0,171.0,73.88,7.6,5.6,3.3
317,Taiwan Jones,169.33,OAK,25,RB,40,0,27.0,117,0,4,13.33,4.23,3.4,3,2013,8.0,6.0,77.8,15.17,10.7,0.13
318,Tarik Cohen,78.0,CHI,25,RB,51,22,264.0,1101,5,57,28.5,4.35,22.23,13,2020,275.0,209.0,73.83,7.38,5.5,3.65
319,Tashard Choice,63.5,3TM,27,RB,61,4,279.0,1216,9,57,36.0,4.25,19.55,4,2011,104.0,72.0,69.7,7.62,5.33,1.2
320,Tatum Bell,45.5,DET,26,RB,47,19,525.0,2524,14,116,43.0,4.78,51.23,10,2007,87.0,61.0,69.95,7.78,5.45,1.55
321,Terrance West,52.5,BAL,26,RB,43,23,465.0,1816,11,81,26.75,3.77,38.25,7,2017,67.0,51.0,72.55,7.38,5.03,0.95
322,Tevin Coleman,35.5,ATL,25,RB,56,20,528.0,2340,18,102,54.5,4.42,41.15,7,2018,134.0,92.0,59.4,10.07,6.45,1.6
323,Theo Riddick,108.5,DET,25,RB,54,11,164.0,566,2,31,18.5,3.1,12.35,1,2016,224.0,171.0,69.47,7.88,5.53,3.25
324,Thomas Clayton,173.0,2TM,26,RB,3,0,7.0,17,0,0,5.0,2.4,5.7,0,2010,,,,,,
325,Thomas Jones,38.0,TAM,25,RB,55,18,499.0,1891,12,93,42.25,3.75,36.6,13,2003,131.0,97.0,75.3,6.72,5.1,1.82
326,Tim Hightower,41.5,WAS,25,RB,53,41,523.0,2054,24,112,45.5,3.9,43.12,12,2011,187.0,128.0,65.88,7.03,4.62,2.33
327,Toby Gerhart,71.0,MIN,26,RB,61,6,276.0,1305,5,64,37.75,5.05,21.38,7,2013,103.0,77.0,74.25,7.72,5.72,1.25
328,Todd Gurley,5.5,LAR,24,RB,58,57,1042.0,4547,46,240,47.0,4.4,79.2,11,2018,252.0,187.0,75.32,9.68,7.27,3.2
329,Tommy Bohanon,211.33,NYJ,25,RB,36,14,20.0,67,0,5,4.33,2.53,1.6,0,2015,26.0,17.0,72.93,11.77,8.77,0.5
330,Tony Hunt,179.5,PHI,23,RB,14,2,14.0,25,2,7,5.0,1.95,1.75,1,2008,6.0,6.0,100.0,7.0,7.0,1.0
331,Tony Pollard,41.75,DAL,25,RB,62,6,510.0,2616,17,125,50.25,5.08,42.08,3,2022,161.0,121.0,75.17,8.03,6.05,1.95
332,Travis Henry,19.0,BUF,26,RB,54,48,963.0,3849,27,212,35.5,3.85,67.25,23,2004,140.0,103.0,73.95,6.35,4.75,1.82
333,Travis Homer,132.75,SEA,24,RB,49,2,83.0,453,1,19,32.5,5.53,9.22,1,2022,61.0,52.0,85.88,8.75,7.53,1.1
334,Travis Minor,64.0,MIA,25,RB,59,4,253.0,1042,8,56,34.75,4.3,19.07,0,2004,69.0,46.0,68.83,6.07,4.17,1.1
335,Travis Prentice,76.5,MIN,25,RB,30,11,187.0,525,9,33,11.5,1.95,16.45,3,2001,44.0,38.0,93.0,7.6,7.2,1.2
336,Trayveon Williams,167.0,CIN,25,RB,23,0,47.0,238,0,10,27.0,4.8,9.9,1,2022,10.0,8.0,72.23,8.33,6.0,0.33
337,Tre Mason,40.0,STL,22,RB,25,12,254.0,972,5,48,52.0,3.55,39.85,5,2015,51.0,34.0,66.75,7.1,4.6,1.35
338,Trent Richardson,21.0,IND,24,RB,46,37,614.0,2032,17,65,27.0,3.3,44.37,7,2014,156.0,113.0,73.2,8.23,6.0,2.47
339,Trenton Cannon,168.33,2TM,27,RB,42,0,51.0,150,1,9,12.33,2.53,3.27,1,2021,28.0,20.0,84.0,6.9,5.55,0.65
340,Troy Fleming,173.0,TEN,24,RB,16,0,7.0,40,0,2,13.0,5.7,2.5,0,2004,43.0,29.0,67.3,7.75,5.25,1.0
341,Trung Canidate,100.0,WAS,26,RB,46,13,240.0,1095,7,48,27.0,3.67,21.77,5,2003,47.0,32.0,60.15,7.0,4.47,0.65
342,Ty Johnson,84.25,NYJ,25,RB,62,6,208.0,925,4,40,32.5,4.55,15.22,3,2022,131.0,86.0,66.35,7.22,4.67,1.38
343,Tyler Ervin,258.67,2TM,26,RB,26,0,6.0,25,0,2,6.33,5.33,1.43,5,2019,23.0,16.0,70.67,7.0,5.4,0.7
344,Vernand Morency,75.33,GNB,27,RB,39,3,171.0,726,4,12,26.33,4.07,18.2,4,2007,73.0,57.0,77.7,7.4,5.7,1.43
345,Verron Haynes,99.5,PIT,26,RB,53,0,159.0,660,3,39,18.25,4.22,12.35,4,2005,57.0,39.0,63.98,7.4,4.97,0.75
346,Vick Ballard,80.0,IND,23,RB,17,13,224.0,877,2,56,19.0,4.35,56.95,3,2013,29.0,18.0,56.5,1.95,1.55,1.05
347,Wali Lundy,43.0,HOU,23,RB,14,8,124.0,476,4,29,35.0,3.8,34.0,1,2006,39.0,33.0,84.6,6.2,5.2,2.4
348,Wayne Gallman,63.25,NYG,26,RB,53,14,338.0,1444,9,73,28.75,4.05,26.2,6,2020,112.0,80.0,71.38,6.7,4.75,1.5
349,Wendell Smallwood,81.0,WAS,25,RB,52,12,233.0,931,5,57,19.25,3.92,18.5,3,2019,79.0,56.0,66.9,8.1,5.35,1.12
350,William Green,51.5,CLE,26,RB,46,30,568.0,2109,9,102,38.25,3.77,46.03,12,2005,71.0,45.0,64.2,6.03,3.85,0.97
351,Willis McGahee,11.33,BUF,25,RB,46,40,868.0,3365,24,186,41.67,3.87,73.03,9,2006,101.0,68.0,67.03,7.6,5.03,1.5
352,Xavier Omon,187.5,BUF,24,RB,7,0,11.0,27,0,1,4.5,2.6,3.45,0,2009,1.0,0.0,0.0,0.0,0.0,0.0
353,Zac Stacy,62.0,NYJ,24,RB,35,17,357.0,1355,9,65,24.67,3.57,34.37,3,2015,70.0,53.0,75.87,7.0,5.33,1.47
354,Zack Moss,50.33,2TM,25,RB,39,3,301.0,1282,9,70,30.33,4.27,32.87,3,2022,63.0,48.0,78.1,6.3,4.83,1.23
355,Jaylen Samuels,241.0,HOU,25,RB,45,8,,564,4,32,17.0,,11.0,2,2021,104.0,85.0,77.88,6.0,4.78,1.73
356,Luke Stocker,261.67,TAM,26,RB,43,27,,298,1,15,22.67,,6.7,0,2014,55.0,35.0,64.5,7.97,5.07,0.8
