Player,Rk,Tm,Age,Pos,G,GS,Tgt,Rec,Ctch%,Yds,Y/R,TD,1D,Lng,Y/Tgt,R/G,Y/G,Fmb,Year
A.J. Brown,39.0,PHI,25,WR,60,52,440,273,62.15,4491,16.6,35,202,74.75,10.3,4.58,74.33,5,2022
A.J. Green,20.5,CIN,26,WR,60,60,574,329,57.42,4874,14.97,35,212,73.5,8.57,5.45,81.03,7,2014
A.J. Jenkins,349.0,KAN,25,WR,28,3,33,17,35.7,223,8.87,0,9,25.0,4.6,0.5,6.13,1,2014
Aaron Burbridge,308.0,SFO,23,WR,16,3,16,7,43.8,88,12.6,0,5,24.0,5.5,0.4,5.5,1,2016
Aaron Dobson,248.33,NWE,24,WR,24,13,98,53,57.77,698,12.5,4,36,40.33,7.17,1.83,23.47,1,2015
Ace Sanders,201.0,JAX,23,WR,27,4,94,57,72.15,539,9.35,1,23,37.5,6.75,1.95,18.45,2,2014
Adam Jennings,395.0,2TM,26,WR,45,2,9,6,33.33,62,3.43,1,3,9.33,3.43,0.13,1.3,5,2008
Adrian Arrington,332.5,NOR,26,WR,5,0,12,9,72.25,110,13.4,0,5,17.0,9.55,3.75,43.4,0,2011
Adrian Madise,370.0,DEN,23,WR,11,0,3,2,66.7,10,5.0,0,0,5.0,3.3,0.2,0.9,1,2003
Aldrick Robinson,303.0,2TM,26,WR,38,3,65,30,32.33,608,15.93,5,23,45.33,6.8,0.63,13.17,0,2014
Alex Bannister,353.0,SEA,25,WR,55,4,23,9,37.2,121,9.45,1,6,14.0,3.88,0.2,2.08,0,2004
Allen Robinson,147.25,JAX,24,WR,43,41,384,202,65.15,2848,14.5,22,139,50.75,9.72,3.85,53.62,1,2017
Alshon Jeffery,61.25,CHI,25,WR,51,44,435,252,56.52,3728,14.88,24,182,64.75,8.4,4.83,71.5,5,2015
Amara Darboh,296.0,SEA,23,WR,16,0,13,8,61.5,71,8.9,0,2,16.0,5.5,0.5,4.4,0,2017
Amari Cooper,39.5,2TM,24,WR,61,56,465,278,59.6,3908,14.1,25,182,77.25,8.35,4.53,63.65,6,2018
Andre Caldwell,143.75,CIN,26,WR,51,14,204,124,60.92,1172,9.5,6,65,35.25,5.88,2.33,21.38,5,2011
Andre Johnson,21.5,HOU,25,WR,61,61,534,311,57.8,3953,12.82,17,197,51.5,7.38,5.05,64.25,3,2006
Andre King,284.75,CLE,31,WR,42,3,45,30,68.7,327,10.32,0,13,26.25,7.0,0.82,9.07,1,2004
Andre Roberts,92.0,ARI,25,WR,62,35,337,182,53.42,2123,11.8,11,100,49.75,6.3,2.95,34.27,4,2013
Andre' Davis,166.0,NWE,26,WR,48,23,193,102,49.78,1602,18.23,14,51,59.75,8.73,2.02,35.7,3,2005
Andy Isabella,347.0,2TM,26,WR,41,3,54,33,67.3,447,13.8,3,17,41.5,9.53,0.68,8.9,1,2022
Anquan Boldin,15.0,ARI,26,WR,56,55,592,342,57.3,4605,13.22,20,220,55.0,7.6,6.1,80.92,7,2006
Anthony Gonzalez,159.33,IND,26,WR,31,11,139,99,66.77,1307,13.53,7,66,49.67,9.03,2.97,39.77,0,2010
Anthony Miller,153.5,2TM,27,WR,50,18,227,140,59.2,1589,9.88,12,81,33.5,6.0,2.65,26.95,4,2021
Antonio Brown,70.0,PIT,25,WR,54,27,416,261,67.0,3561,13.0,15,181,55.25,8.53,4.53,60.52,6,2013
Antonio Bryant,61.0,CLE,24,WR,63,43,398,210,52.25,3104,14.85,16,103,60.25,7.72,3.35,49.35,5,2005
Antonio Callaway,267.0,MIA,23,WR,25,14,98,53,52.57,695,11.57,5,31,41.67,6.1,1.7,20.97,1,2020
Antonio Gandy-Golden,454.0,WAS,22,WR,6,2,7,1,14.3,3,3.0,0,0,3.0,0.4,0.2,0.5,0,2020
Antwaan Randle El,89.25,PIT,26,WR,64,23,253,162,64.35,2012,12.53,7,95,42.5,7.9,2.52,31.48,18,2005
ArDarius Stewart,334.0,NYJ,24,WR,15,2,13,6,46.2,82,13.7,0,2,46.0,6.3,0.4,5.5,0,2017
Armanti Edwards,397.33,2TM,25,WR,25,0,16,6,25.2,131,11.4,0,3,30.67,5.13,0.17,3.1,1,2013
Arnaz Battle,219.25,SFO,26,WR,48,23,155,99,45.5,1192,10.2,6,60,40.0,6.08,1.88,22.35,5,2006
Arrelious Benn,211.0,TAM,24,WR,37,24,95,59,63.77,862,12.33,5,32,46.0,7.77,1.43,20.37,2,2012
Ashley Lelie,85.5,DEN,25,WR,64,40,323,168,53.23,3007,17.6,12,118,55.5,9.3,2.62,47.0,0,2005
Auden Tate,287.0,CIN,24,WR,35,12,118,61,55.48,799,11.72,2,43,21.25,6.68,1.48,18.8,1,2021
Aundrae Allison,265.0,MIN,22,WR,26,0,40,18,44.85,231,13.1,0,13,28.0,5.8,0.7,9.2,4,2008
Austin Collie,139.5,IND,27,WR,42,16,257,173,76.35,1845,9.5,16,104,36.25,7.03,3.65,38.12,1,2012
Austin Pettis,163.5,2TM,26,WR,51,11,176,107,62.42,1034,9.62,9,55,32.25,5.97,2.02,19.48,3,2014
Avion Black,281.5,HOU,25,WR,25,0,26,14,53.55,142,10.0,0,7,19.5,5.35,0.55,5.55,2,2002
Ben Obomanu,298.5,SEA,26,WR,27,0,34,16,60.7,221,12.65,1,13,21.0,7.2,0.6,8.35,1,2009
Bernard Berrian,129.5,CHI,27,WR,58,32,299,150,47.9,2197,15.62,13,96,56.0,7.47,2.48,36.9,4,2007
Bethel Johnson,259.0,MIN,27,WR,50,9,80,39,52.2,606,16.15,4,27,47.0,8.45,0.78,11.9,4,2006
Billy McMullen,279.25,MIN,26,WR,45,0,100,45,38.27,601,9.55,3,28,23.75,4.12,0.78,9.85,1,2006
Bobby Wade,162.5,TEN,25,WR,58,18,194,101,54.77,1199,11.38,2,52,26.5,6.25,1.68,19.73,15,2006
Brandin Cooks,34.5,NWE,24,WR,58,46,429,280,66.4,3943,13.88,27,158,70.75,9.07,4.9,66.75,3,2017
Brandon Aiyuk,42.33,SFO,24,WR,46,44,294,194,65.87,2589,13.43,18,133,48.67,8.83,4.3,56.87,3,2022
Brandon Gibson,90.75,STL,25,WR,55,38,313,174,55.1,2090,11.85,9,103,33.0,6.58,3.2,37.75,2,2012
Brandon Jones,141.75,TEN,26,WR,51,27,196,112,56.92,1380,12.5,9,76,41.5,7.03,2.23,27.4,1,2008
Brandon LaFell,101.25,CAR,27,WR,60,36,294,167,57.3,2385,14.38,13,110,69.0,8.32,2.8,39.83,2,2013
Brandon Lloyd,126.0,WAS,25,WR,60,41,285,128,44.85,1875,14.85,13,85,59.25,6.62,2.17,31.73,2,2006
Brandon Marshall,48.75,DEN,25,WR,61,45,542,327,59.3,4019,12.95,25,206,65.25,7.62,5.33,65.6,8,2009
Brandon Tate,290.67,CIN,25,WR,34,14,73,37,34.73,643,11.4,4,20,36.33,5.93,0.77,13.4,5,2012
Brandon Williams,459.0,2TM,23,WR,10,0,1,0,0.0,0,0.0,0,0,0.0,0.0,0.0,0.0,2,2007
Braxton Berrios,175.0,NYJ,26,WR,48,3,133,89,61.43,940,13.07,5,43,52.67,7.53,1.87,19.57,2,2021
Braxton Miller,220.5,HOU,25,WR,21,9,57,34,59.55,261,7.55,2,14,34.5,4.55,1.6,12.3,0,2017
Braylon Edwards,57.75,CLE,25,WR,58,54,476,228,48.7,3558,15.62,28,158,75.75,7.62,3.85,60.42,3,2008
Breshad Perriman,216.67,CLE,25,WR,37,6,126,59,47.53,916,14.7,5,35,44.33,7.8,1.53,24.07,0,2018
Brett Swain,391.0,SFO,26,WR,27,2,17,8,31.77,87,6.5,0,4,13.33,3.37,0.27,2.5,0,2011
Brian Hartline,91.75,MIA,26,WR,60,38,326,183,55.95,2753,15.22,6,132,60.5,8.5,3.08,46.23,2,2012
Brian Quick,231.25,STL,26,WR,51,15,133,64,46.88,935,14.05,7,46,50.0,6.8,1.55,22.68,0,2015
Brian Robiskie,290.0,DET,25,WR,37,14,84,43,48.55,485,11.28,4,23,31.0,5.42,0.97,10.8,0,2012
Brice Butler,235.0,DAL,26,WR,48,7,110,58,52.27,860,14.97,5,39,48.0,7.7,1.25,19.9,0,2016
Bruce Ellington,238.0,HOU,26,WR,37,6,88,48,56.43,545,11.17,4,24,33.0,6.37,1.37,15.53,5,2017
Bryan Edwards,268.67,ATL,24,WR,35,16,79,48,63.63,779,13.1,4,37,31.67,8.53,1.13,17.97,1,2022
Bryant Johnson,84.25,ARI,25,WR,61,31,325,164,50.8,2147,13.2,7,104,48.25,6.75,2.7,35.0,3,2006
Calvin Johnson,35.0,DET,25,WR,60,55,517,270,52.17,4191,15.53,33,190,76.75,8.1,4.5,69.65,8,2010
Calvin Ridley,64.75,ATL,27,WR,49,35,380,248,64.95,3342,12.72,28,167,49.0,8.3,5.25,66.42,3,2021
Carlton Mitchell,407.5,CLE,23,WR,16,0,5,3,37.5,31,5.15,0,2,9.5,3.9,0.15,1.4,0,2011
Cecil Shorts,140.0,JAX,27,WR,50,34,350,176,42.75,2343,13.78,12,107,54.25,5.8,3.33,43.88,2,2014
Cedric James,378.0,MIN,23,WR,5,0,2,1,50.0,29,29.0,0,1,29.0,14.5,0.2,5.8,0,2002
Cedrick Wilson,134.33,SFO,26,WR,47,19,170,97,59.7,1203,12.0,6,70,30.0,7.1,2.07,25.97,1,2004
Cedrick Wilson Jr.,225.0,DAL,26,WR,38,4,97,67,65.67,837,11.23,8,41,43.0,7.5,1.57,19.03,3,2021
CeeDee Lamb,18.33,DAL,23,WR,49,44,387,260,67.03,3396,13.07,20,168,46.67,8.77,5.27,69.07,2,2022
Chad Hansen,255.5,HOU,25,WR,20,3,41,26,61.85,330,12.15,1,18,31.0,7.65,2.0,26.75,0,2020
Chad Jackson,326.0,DEN,23,WR,16,1,20,14,84.2,171,15.35,3,7,27.0,13.5,0.7,8.75,1,2008
Chad Johnson,41.25,CIN,26,WR,60,47,521,282,52.85,4124,14.3,25,210,58.75,7.58,4.53,66.15,1,2004
Chad Owens,444.67,JAX,25,WR,6,0,3,0,0.0,0,0.0,0,0,0.0,0.0,0.0,0.0,3,2007
Chad Williams,376.67,IND,25,WR,17,8,54,20,26.63,202,6.8,1,10,12.33,2.7,0.73,7.43,0,2019
Chansi Stuckey,125.0,CLE,27,WR,46,10,174,102,60.03,1023,10.17,5,43,32.0,6.1,2.2,22.23,3,2010
Charles Johnson,212.0,MIN,27,WR,39,17,109,60,58.6,834,13.67,2,35,43.67,8.07,1.57,21.87,1,2016
Charles Lee,230.67,TAM,26,WR,30,6,71,46,64.77,598,12.4,3,30,44.33,7.93,1.73,22.5,0,2003
Charles Rogers,280.67,DET,24,WR,15,9,84,36,29.17,440,8.37,4,24,22.67,3.7,2.0,23.5,0,2005
Charone Peake,357.0,NYJ,26,WR,31,1,39,22,73.67,214,8.43,0,10,14.67,5.53,0.6,5.1,0,2018
Chase Claypool,61.67,2TM,24,WR,46,30,293,167,57.1,2184,12.83,12,101,58.0,7.3,3.63,47.33,4,2022
Chaz Schilens,216.25,OAK,26,WR,44,19,127,72,56.48,902,11.88,7,43,31.5,6.62,1.75,21.45,0,2011
Chris Chambers,46.5,MIA,26,WR,62,53,460,233,50.95,3478,15.12,28,167,66.5,7.72,3.77,56.05,5,2004
Chris Cole,297.0,DEN,26,WR,27,2,27,12,42.45,164,13.1,0,8,19.5,5.6,0.45,5.65,3,2003
Chris Conley,179.5,KAN,26,WR,53,34,168,104,62.23,1238,12.5,6,68,36.25,7.85,2.02,25.35,3,2018
Chris Davis,367.33,TEN,24,WR,19,0,13,8,74.1,72,8.7,0,3,12.33,5.83,0.43,3.63,6,2008
Chris Givens,171.25,2TM,26,WR,60,31,237,107,46.38,1779,16.38,5,57,51.75,7.53,1.75,29.25,1,2015
Chris Godwin,57.0,TAM,24,WR,58,33,355,244,68.1,3540,14.53,24,181,59.0,9.85,4.33,62.65,5,2020
Chris Harper,343.5,SFO,23,WR,14,2,24,14,47.6,139,8.1,0,6,12.5,4.15,0.8,8.0,1,2016
Chris Henry,178.6,CIN,25,WR,54,12,216,113,58.46,1643,13.42,19,73,42.0,7.58,2.02,29.08,2,2008
Chris Moore,283.75,BAL,26,WR,58,5,84,47,56.8,511,9.43,4,21,21.5,5.35,0.82,9.0,1,2019
Christian Kirk,56.5,ARI,25,WR,56,41,358,236,65.45,2902,12.45,17,127,68.5,8.18,4.17,51.48,1,2021
Clarence Moore,290.33,BAL,24,WR,29,8,83,29,30.17,353,10.8,5,22,26.67,2.8,0.87,11.47,0,2006
Cliff Russell,405.0,CIN,25,WR,16,1,5,3,66.65,31,13.0,0,1,14.0,6.0,0.4,2.45,2,2004
Clyde Gates,280.33,NYJ,27,WR,32,4,57,30,32.83,365,11.23,0,18,29.0,3.97,1.2,14.0,0,2013
Cobi Hamilton,215.0,PIT,26,WR,11,8,28,17,60.7,234,13.8,2,13,39.0,8.4,1.5,21.3,0,2016
Cody Core,326.25,NYG,25,WR,51,7,64,33,42.35,388,8.35,1,16,22.75,4.67,0.8,9.55,0,2019
Cody Latimer,313.5,DEN,25,WR,45,3,61,35,54.77,445,11.47,3,26,19.25,6.4,0.77,9.88,1,2017
Collin Johnson,252.5,NYG,24,WR,26,1,52,29,55.25,377,12.3,2,18,31.0,6.9,1.1,14.1,0,2021
Cooper Kupp,39.0,LAR,27,WR,54,40,407,288,70.75,3570,12.8,24,163,63.75,9.03,5.28,66.55,5,2020
Cordarrelle Patterson,178.5,MIN,25,WR,64,22,216,132,70.5,1316,8.93,7,63,38.75,5.83,2.08,20.55,4,2016
Corey Coleman,220.0,NYG,24,WR,27,19,139,61,49.13,789,13.33,5,40,44.0,6.63,2.17,28.03,0,2018
Corey Davis,71.75,TEN,25,WR,56,48,338,207,60.83,2851,13.45,11,146,50.25,8.3,3.67,50.05,4,2020
Corey Fuller,299.0,DET,25,WR,28,2,40,18,44.8,288,17.05,1,14,50.0,7.6,0.6,9.8,2,2015
Courtland Sutton,146.5,DEN,26,WR,50,40,312,175,54.33,2658,16.9,12,117,53.0,9.07,3.38,56.27,2,2021
Courtney Roby,278.5,TEN,23,WR,25,6,50,23,38.7,317,13.9,1,13,26.5,5.35,0.9,12.25,1,2006
Courtney Taylor,304.0,SEA,24,WR,18,4,31,14,59.65,136,9.25,0,6,19.0,5.1,0.75,7.3,0,2008
Craig Davis,250.75,SDG,25,WR,25,2,87,51,63.85,558,11.3,2,34,24.5,6.97,2.88,29.57,1,2010
Craphonso Thorpe,249.0,IND,24,WR,5,0,20,12,60.0,70,5.8,1,4,12.0,3.5,2.4,14.0,0,2007
Curtis Samuel,105.75,CAR,24,WR,53,32,293,185,62.12,2087,10.78,14,105,41.0,6.7,3.3,36.67,2,2020
D.J. Hackett,111.33,SEA,26,WR,33,14,156,105,67.13,1394,13.3,9,66,51.0,8.9,3.57,46.13,0,2007
D.J. Moore,31.25,CAR,24,WR,63,56,498,301,61.12,4313,14.57,14,209,68.0,8.88,4.78,68.8,7,2021
D.K. Metcalf,28.75,SEA,25,WR,66,65,499,306,61.05,4218,13.93,35,197,63.5,8.5,4.62,64.05,7,2022
DJ Chark,166.5,JAX,25,WR,43,30,265,147,48.62,2042,15.38,15,92,55.25,7.12,3.02,43.95,1,2021
DaeSean Hamilton,161.33,DEN,25,WR,46,9,141,81,57.6,833,10.47,5,51,30.67,5.93,1.77,18.1,1,2020
Dallas Baker,399.0,PIT,26,WR,8,0,2,1,50.0,6,6.0,0,0,6.0,3.0,0.1,0.8,0,2008
Damian Williams,167.5,TEN,25,WR,54,17,190,106,59.23,1313,12.4,5,65,38.0,7.25,1.95,23.98,2,2013
Damion Ratley,301.67,NYG,25,WR,31,6,54,29,51.67,407,14.53,1,18,34.0,7.27,0.9,13.03,1,2020
Daniel Braverman,472.0,CHI,23,WR,3,0,2,0,0.0,0,0.0,0,0,0.0,0.0,0.0,0.0,0,2016
Danny Farmer,211.0,CIN,25,WR,33,4,71,43,60.93,611,14.03,1,29,38.67,8.57,1.3,18.0,2,2002
Dante Hall,135.0,KAN,25,WR,32,2,95,60,61.9,745,13.35,4,28,71.0,8.15,1.9,23.25,6,2003
Dante Pettis,276.25,NYG,26,WR,33,12,91,52,58.75,739,13.72,9,34,39.0,8.25,1.8,22.18,4,2021
Dante Ridgeway,382.0,NYJ,21,WR,8,0,3,2,66.7,26,13.0,0,0,17.0,8.7,0.3,3.3,0,2005
Darius Slayton,107.0,NYG,25,WR,59,40,309,170,54.7,2554,14.78,15,116,48.25,8.15,2.85,42.8,4,2022
Darius Watts,252.5,DEN,24,WR,22,2,57,33,54.25,407,11.7,1,20,20.0,6.4,1.1,13.9,1,2005
Darnell Mooney,57.33,CHI,25,WR,45,35,299,182,61.9,2179,11.87,10,102,57.67,7.33,3.97,47.53,1,2022
Darnerien McCants,211.0,WAS,28,WR,29,3,105,53,51.97,687,13.23,8,40,30.33,6.87,1.7,22.2,1,2004
Darrell Hill,454.0,TEN,25,WR,14,0,1,0,0.0,0,0.0,0,0,0.0,0.0,0.0,0.0,0,2004
Darrell Jackson,38.0,SEA,25,WR,61,54,467,253,54.42,3808,14.93,27,167,65.75,8.1,4.2,62.7,6,2003
Darren Waller,345.33,OAK,26,WR,22,4,29,18,64.03,178,10.0,2,12,25.33,6.83,0.87,9.63,0,2018
Darrius Heyward-Bey,141.25,OAK,25,WR,56,53,300,140,42.38,2071,14.47,11,95,52.5,6.2,2.38,35.27,2,2012
Daryl Jones,370.5,CHI,25,WR,15,6,18,8,25.0,90,5.65,0,3,16.0,2.8,0.3,3.45,1,2004
Daurice Fountain,425.0,IND,25,WR,5,0,3,2,66.7,23,11.5,0,2,12.0,7.7,0.4,4.6,0,2020
Davante Adams,56.0,GNB,25,WR,59,52,398,237,59.0,2811,11.68,26,135,51.5,6.92,4.05,47.65,2,2017
David Ausberry,351.67,OAK,27,WR,34,0,18,11,69.43,120,9.03,0,7,16.0,6.07,0.3,3.1,0,2014
David Clowney,309.0,2TM,25,WR,28,3,40,22,52.47,341,19.1,1,8,36.67,9.83,0.7,12.4,1,2010
David Gettis,117.0,CAR,23,WR,15,13,67,37,55.2,508,13.7,3,24,88.0,7.6,2.5,33.9,0,2010
David Givens,119.0,NWE,25,WR,53,27,271,158,59.33,2214,13.32,12,108,44.25,7.85,2.9,40.5,1,2005
David Kircus,320.67,DEN,26,WR,28,2,49,15,29.43,308,20.4,1,14,38.0,6.03,0.53,10.67,0,2006
David Moore,167.0,SEA,25,WR,46,14,134,78,57.87,1163,15.57,13,51,57.0,8.73,1.67,25.13,5,2020
David Reed,428.0,IND,26,WR,36,0,12,6,29.15,68,3.8,0,3,6.25,2.92,0.28,3.38,3,2013
David Terrell,134.5,CHI,25,WR,53,29,247,128,60.48,1602,12.82,9,80,53.0,7.85,2.3,29.4,2,2004
David Tyree,241.0,NYG,26,WR,61,5,90,50,55.9,615,12.38,4,28,37.0,6.92,0.8,9.8,1,2006
DeAndre Hopkins,30.75,HOU,24,WR,64,64,561,317,56.6,4487,14.3,23,235,63.5,8.12,4.97,70.1,4,2016
DeAndre Smelter,456.0,SFO,25,WR,2,0,1,1,100.0,23,23.0,0,1,23.0,23.0,0.5,11.5,0,2016
DeMarco Sampson,367.0,ARI,26,WR,12,0,8,3,37.5,36,12.0,0,3,15.0,4.5,0.3,3.0,0,2011
DeSean Jackson,48.25,PHI,25,WR,60,59,436,229,52.5,4085,18.1,21,154,71.0,9.45,3.83,68.4,12,2011
DeVante Parker,117.75,MIA,25,WR,53,31,280,163,56.73,2217,14.25,9,103,46.75,8.03,3.05,41.12,1,2018
DeVier Posey,325.0,HOU,24,WR,26,1,40,22,67.63,272,18.27,0,9,36.0,14.13,0.87,16.33,0,2014
Dede Westbrook,184.25,JAX,27,WR,40,25,254,160,70.88,1720,9.38,9,86,33.25,6.05,3.23,34.8,6,2020
Deebo Samuel,72.0,SFO,26,WR,51,43,340,223,67.15,3230,13.85,12,134,54.25,9.28,4.4,61.45,9,2022
Deion Branch,60.5,NWE,26,WR,53,43,348,213,62.25,2744,12.82,14,143,48.0,7.95,3.98,50.98,2,2005
Demarcus Ayers,321.0,PIT,22,WR,2,1,13,6,46.2,53,8.8,1,3,15.0,4.1,3.0,26.5,0,2016
Demarcus Robinson,174.33,KAN,25,WR,48,23,127,75,59.57,949,12.4,8,44,55.33,7.43,1.57,19.8,0,2019
Demaryius Thomas,82.5,DEN,26,WR,53,39,394,240,58.15,3698,15.22,30,166,56.75,8.82,4.2,64.35,7,2013
Demetrius Williams,217.0,BAL,26,WR,44,4,132,63,48.77,1008,16.02,4,46,53.75,7.8,1.55,23.62,0,2009
Denard Robinson,309.0,JAX,26,WR,55,13,67,47,51.05,310,5.12,0,16,11.5,3.48,0.9,5.95,8,2016
Denarius Moore,134.5,OAK,26,WR,51,37,303,142,46.5,2169,14.47,17,101,59.25,6.75,2.65,40.48,5,2014
Dennis Northcutt,102.5,CLE,26,WR,54,21,260,157,60.42,1963,12.53,7,105,37.5,7.72,2.8,35.52,8,2003
Denzel Mims,258.33,NYJ,25,WR,30,15,92,42,43.7,676,16.33,0,27,44.33,7.1,1.47,23.47,0,2022
Deon Butler,213.67,SEA,25,WR,34,8,119,57,57.6,611,10.3,4,32,36.67,5.67,1.63,16.9,0,2011
Deon Cain,283.0,2TM,23,WR,13,6,20,9,45.0,124,13.8,0,7,35.0,6.2,0.7,9.5,0,2019
Derek Hagan,231.75,NYG,25,WR,52,1,110,61,64.0,746,13.25,4,39,22.25,8.35,1.1,14.05,0,2009
Derek Stanley,384.0,STL,23,WR,13,0,13,6,25.0,119,9.9,1,2,40.0,4.95,0.3,5.95,3,2008
Derrick Hamilton,452.0,SFO,23,WR,2,0,1,0,0.0,0,0.0,0,0,0.0,0.0,0.0,0.0,0,2004
Derrick Williams,344.0,DET,24,WR,18,1,18,9,53.1,82,9.35,0,3,18.0,5.0,0.45,4.5,2,2010
Devard Darling,286.0,BAL,25,WR,19,1,41,20,73.1,331,10.3,3,16,28.5,5.45,0.9,11.05,1,2007
Devery Henderson,156.67,NOR,25,WR,44,19,147,74,49.93,1497,19.8,11,60,65.33,10.07,1.77,35.27,0,2007
Devin Aromashodu,227.5,CHI,25,WR,16,3,60,31,48.5,394,13.05,4,20,33.5,6.25,1.8,22.9,0,2009
Devin Duvernay,154.33,BAL,25,WR,46,23,122,90,74.2,880,9.77,5,41,30.33,7.27,2.0,19.57,2,2022
Devin Smith,383.0,NYJ,24,WR,14,3,31,10,32.7,135,16.4,1,6,21.0,5.4,0.6,8.25,1,2016
Devin Street,399.0,IND,25,WR,36,2,26,10,33.03,152,15.1,1,8,18.0,4.9,0.27,4.23,1,2016
Devin Thomas,301.75,NYG,25,WR,55,11,78,43,52.2,482,8.32,3,26,18.0,5.9,0.72,8.25,0,2011
Devon Wylie,321.0,KAN,24,WR,6,1,12,6,50.0,53,8.8,0,2,16.0,4.4,1.0,8.8,0,2012
Dexter McCluster,99.0,KAN,24,WR,58,23,263,172,64.28,1500,8.85,5,80,38.5,5.65,2.9,25.48,10,2013
Dez Bryant,34.75,DAL,25,WR,59,45,473,293,62.0,4104,13.88,40,193,65.0,8.62,4.9,68.05,12,2013
Dez White,111.25,CHI,24,WR,60,31,305,155,50.12,1754,10.75,8,84,45.5,5.4,2.6,29.07,2,2003
Dezmin Lewis,485.0,BUF,24,WR,1,0,1,0,0.0,0,0.0,0,0,0.0,0.0,0.0,0.0,0,2016
Dezmon Briscoe,269.67,WAS,23,WR,25,2,63,43,64.77,502,12.53,7,25,38.0,8.43,1.83,24.6,0,2012
Dezmon Patmon,437.0,IND,24,WR,9,0,10,4,41.65,45,11.25,1,2,15.5,4.65,1.15,13.3,0,2022
Diontae Johnson,22.0,PIT,26,WR,64,56,552,340,61.75,3646,10.8,20,184,44.75,6.68,5.35,57.12,10,2022
Domenik Hixon,237.0,NYG,25,WR,46,10,102,59,70.83,788,10.47,3,39,35.67,6.63,1.3,17.0,4,2009
Donnie Avery,160.0,TEN,27,WR,39,28,210,103,42.6,1308,13.4,9,56,47.33,5.6,2.27,29.1,2,2011
Donovan Peoples-Jones,149.33,CLE,23,WR,43,25,174,109,64.03,1740,17.7,8,69,59.0,11.4,2.4,39.1,3,2022
Donte Moncrief,124.0,IND,24,WR,53,27,257,152,58.8,1875,12.65,18,100,52.75,7.47,2.88,35.08,0,2017
Donte' Stallworth,78.5,NOR,25,WR,56,33,359,195,53.85,2791,15.05,23,131,55.25,7.97,3.38,49.2,4,2005
Dorial Green-Beckham,130.0,PHI,23,WR,31,12,141,68,48.2,941,14.05,6,55,36.5,6.75,2.2,30.2,0,2016
Doug Gabriel,179.5,2TM,26,WR,57,12,206,101,62.2,1550,15.75,8,58,39.5,9.9,1.7,25.98,3,2006
Drew Carter,177.0,CAR,26,WR,33,9,141,71,46.3,977,15.67,8,46,43.67,6.93,2.03,30.7,0,2007
Drew Haddad,373.0,IND,24,WR,1,0,1,1,100.0,11,11.0,0,1,11.0,11.0,1.0,11.0,0,2002
Dri Archer,300.0,PIT,23,WR,12,0,10,7,70.0,23,3.3,0,0,15.0,2.3,0.6,1.9,0,2014
Dwayne Bowe,33.25,KAN,26,WR,59,56,493,275,55.8,3768,13.68,31,186,52.5,7.65,4.65,63.05,2,2010
Dwayne Harris,261.33,DAL,27,WR,45,3,57,33,59.13,418,12.87,3,16,38.67,7.53,0.73,9.13,7,2014
Dwayne Jarrett,289.5,CAR,24,WR,32,3,68,35,48.4,428,13.9,1,23,24.5,6.55,1.0,13.0,0,2010
Earl Bennett,185.25,CHI,24,WR,51,22,203,124,45.5,1659,10.35,6,73,42.0,6.22,2.23,29.88,4,2011
Early Doucet,157.5,ARI,26,WR,42,11,197,111,63.25,1284,10.75,7,63,36.75,6.55,2.48,27.23,1,2011
Eddie Berlin,317.0,TEN,26,WR,57,1,50,24,58.02,370,22.98,2,16,28.5,12.62,0.42,6.1,2,2004
Eddie Royal,90.25,DEN,25,WR,57,45,363,206,52.88,2107,9.72,9,106,45.0,5.28,3.5,35.5,7,2011
Emmanuel Sanders,117.5,PIT,26,WR,56,18,281,161,56.3,2030,12.93,11,103,39.75,7.25,2.8,35.12,6,2013
Equanimeous St. Brown,280.33,GNB,25,WR,37,10,66,37,55.0,543,14.4,1,25,34.67,7.97,1.03,14.87,0,2021
Eric Decker,104.5,DEN,26,WR,62,44,362,222,63.62,3070,14.72,33,150,52.5,9.47,3.48,48.23,6,2013
Ernest Wilford,113.25,JAX,28,WR,63,37,257,141,54.77,1994,14.25,14,107,40.25,7.75,2.25,31.48,1,2007
Frank Murphy,275.0,TAM,24,WR,11,0,17,8,47.1,71,8.9,1,4,20.0,4.2,0.7,6.5,2,2001
Freddie Mitchell,172.75,PHI,26,WR,63,17,171,90,51.75,1263,13.4,5,63,36.5,6.95,1.45,20.05,1,2004
Freddie Swain,277.0,2TM,24,WR,37,10,67,42,63.7,576,14.8,6,21,47.67,9.5,1.1,16.2,2,2022
Gabriel Davis,112.67,BUF,23,WR,47,30,218,118,54.57,1984,16.73,20,101,67.67,9.13,2.53,42.47,2,2022
Gari Scott,360.0,PHI,23,WR,3,0,4,2,50.0,26,13.0,0,1,18.0,6.5,0.7,8.7,0,2001
Geremy Davis,458.33,LAC,26,WR,27,0,6,2,22.23,21,3.5,0,1,5.33,2.33,0.07,0.7,0,2018
Golden Tate,112.5,SEA,25,WR,58,33,264,165,61.23,2195,12.75,15,94,54.0,7.9,2.77,36.62,6,2013
Greg Jennings,44.5,GNB,26,WR,59,52,447,246,55.15,3957,16.0,28,169,75.75,8.93,4.15,66.57,3,2009
Greg Little,132.0,CIN,25,WR,54,42,324,161,49.77,1890,11.65,8,95,46.75,5.85,2.67,31.32,0,2014
Greg Salas,244.67,NYJ,26,WR,24,2,74,43,55.8,574,16.2,0,22,38.67,8.4,2.1,26.2,3,2014
Hakeem Butler,505.0,PHI,24,WR,2,0,1,0,0.0,0,0.0,0,0,0.0,0.0,0.0,0.0,0,2020
Hakeem Nicks,42.5,NYG,24,WR,55,44,435,255,58.83,3726,14.72,27,166,58.0,8.7,4.67,67.5,3,2012
Harry Douglas,143.0,ATL,27,WR,48,8,154,84,54.47,1112,13.37,3,48,54.67,7.23,1.73,23.17,1,2011
Henry Ruggs III,185.5,LVR,22,WR,20,19,79,50,63.6,921,18.45,4,29,66.5,11.75,2.7,50.9,2,2021
Herb Haygood,412.0,DEN,25,WR,4,0,1,0,0.0,0,0.0,0,0,0.0,0.0,0.0,0.0,0,2002
Hunter Renfrow,66.75,LVR,27,WR,56,20,326,244,73.55,2629,10.82,17,132,49.75,7.92,4.25,45.4,11,2022
Isaiah Coulter,519.0,CHI,23,WR,3,0,1,0,0.0,0,0.0,0,0,0.0,0.0,0.0,0.0,0,2021
Isaiah Ford,282.33,MIA,24,WR,19,1,80,51,43.1,520,6.83,0,34,15.33,4.43,1.9,19.37,0,2020
Isaiah Hodgins,119.0,2TM,24,WR,10,5,48,37,77.1,392,10.6,4,24,29.0,8.2,3.7,39.2,1,2022
Isaiah McKenzie,227.25,BUF,25,WR,50,16,116,79,62.05,744,9.0,6,41,32.25,5.75,1.6,14.88,8,2020
J'Mon Moore,418.0,GNB,23,WR,12,0,3,2,66.7,15,7.5,0,1,10.0,5.0,0.2,1.3,1,2018
JJ Arcega-Whiteside,355.67,PHI,25,WR,40,7,35,16,45.17,290,18.73,1,13,30.0,8.5,0.4,7.83,0,2021
JJ Nelson,221.5,ARI,26,WR,56,15,181,81,42.73,1439,17.62,10,62,51.75,7.62,1.4,25.38,3,2018
JaJuan Dawson,192.33,HOU,25,WR,30,4,87,52,60.93,664,12.4,2,34,32.67,7.5,2.53,29.67,1,2002
Jabar Gaffney,86.25,HOU,25,WR,64,50,296,171,57.9,2009,11.97,7,112,39.5,6.97,2.67,31.4,2,2005
Jacoby Ford,193.33,OAK,26,WR,38,13,111,57,52.7,848,13.7,3,38,38.33,7.1,1.63,23.8,10,2013
Jacoby Jones,197.0,HOU,26,WR,59,11,147,96,63.85,1229,16.02,9,60,40.75,10.12,1.65,21.1,9,2010
Jaelen Strong,295.67,2TM,23,WR,20,3,52,31,63.87,330,11.2,4,13,32.33,7.23,1.57,17.17,0,2017
Jake Schifino,465.5,TEN,25,WR,14,0,2,0,0.0,0,0.0,0,0,0.0,0.0,0.0,0.0,0,2004
Jakeem Grant,280.0,MIA,27,WR,52,4,90,53,44.62,635,9.25,4,31,33.75,5.53,1.2,13.97,8,2019
Jaleel Scott,480.0,NYJ,25,WR,4,1,4,2,66.65,22,11.0,0,1,11.0,9.0,0.65,9.0,0,2020
Jalen Reagor,202.33,MIN,23,WR,45,24,124,72,58.93,799,11.63,4,37,42.33,6.83,1.73,19.9,8,2022
Jalen Saunders,444.0,4TM,22,WR,15,0,1,1,100.0,7,7.0,0,0,7.0,7.0,0.1,0.5,2,2014
Jamaar Taylor,385.0,NYG,24,WR,13,0,18,6,17.65,146,12.15,0,4,26.0,4.3,0.4,9.15,0,2005
James Hardy,336.5,BUF,24,WR,16,3,25,10,68.75,96,9.35,2,5,13.0,6.3,0.55,5.35,0,2009
James Jones,111.5,GNB,26,WR,58,17,259,149,58.65,2069,13.88,13,94,66.25,8.12,2.5,34.9,6,2010
James Proche,345.67,BAL,26,WR,43,0,40,25,53.47,278,11.47,0,14,19.33,6.13,0.57,6.5,0,2022
James Washington,169.25,PIT,25,WR,60,25,218,114,51.3,1629,13.82,11,72,54.5,7.1,1.88,27.0,1,2021
James Williams,312.5,DET,25,WR,30,4,54,29,41.4,410,10.28,1,17,21.25,5.92,0.88,13.2,1,2003
James Wright,305.0,CIN,25,WR,24,2,35,18,49.85,197,13.2,0,12,22.5,5.65,0.75,8.25,0,2016
Jamison Crowder,65.5,WAS,25,WR,56,28,329,221,66.65,2628,12.05,14,121,54.75,7.97,3.88,46.6,12,2018
Jared Abbrederis,364.67,DET,27,WR,22,0,25,13,49.73,163,11.67,0,7,21.67,5.73,0.5,6.33,1,2017
Jarett Dillard,221.0,JAX,26,WR,21,5,58,35,66.5,398,13.9,1,22,29.0,9.55,1.5,18.0,1,2011
Jarius Wright,143.0,MIN,26,WR,55,14,191,124,64.33,1774,14.45,7,84,61.5,9.25,2.35,33.95,1,2015
Jarvis Landry,7.5,MIA,25,WR,64,57,570,400,70.67,4038,10.1,22,225,48.75,7.15,6.28,63.1,14,2017
Jason Avant,168.25,PHI,26,WR,54,23,162,103,61.62,1299,11.85,8,67,34.5,7.42,1.77,22.02,2,2009
Jason Hill,265.5,2TM,25,WR,40,3,79,51,58.42,661,12.28,5,26,29.25,7.08,1.07,15.05,1,2010
Jason McAddley,285.25,SFO,26,WR,34,11,100,38,41.55,578,16.18,1,26,35.25,6.85,1.4,20.15,1,2005
Jauan Jennings,163.0,SFO,25,WR,32,5,94,59,62.85,698,11.85,6,42,39.0,7.4,1.85,21.8,2,2022
Javin Hunter,315.0,BAL,22,WR,12,3,11,5,45.5,35,7.0,0,0,8.0,3.2,0.4,2.9,2,2002
Javon Walker,146.0,GNB,27,WR,48,18,273,157,60.8,2444,13.43,22,106,46.0,7.78,3.42,44.88,4,2005
Javon Wims,312.33,CHI,26,WR,33,7,56,28,58.73,266,8.77,2,15,22.0,5.07,0.87,7.77,0,2020
Jaymar Johnson,406.0,MIN,25,WR,6,0,1,1,100.0,9,9.0,0,0,9.0,9.0,0.2,1.5,0,2009
Jeff Janis,369.75,GNB,26,WR,51,1,38,17,53.65,200,15.5,1,9,23.0,5.47,0.4,4.2,0,2017
Jeff Webb,273.0,KAN,26,WR,31,3,74,36,54.2,382,9.37,1,18,19.33,4.93,1.03,10.37,2,2008
Jehu Chesson,419.5,WAS,25,WR,24,1,6,3,50.0,25,8.0,0,3,8.5,4.0,0.15,1.05,0,2018
Jeremy Ebert,370.0,JAX,24,WR,5,0,8,3,37.5,18,6.0,0,0,8.0,2.3,0.6,3.6,0,2013
Jeremy Kerley,100.5,NYJ,26,WR,58,23,289,166,57.75,2073,12.15,7,102,40.75,7.05,2.9,35.83,8,2014
Jeremy Maclin,34.5,PHI,24,WR,59,57,424,258,61.15,3453,13.4,26,151,67.0,8.2,4.38,58.75,3,2012
Jerome Mathis,363.5,HOU,24,WR,15,0,14,6,69.25,80,14.0,1,3,24.5,10.0,0.35,5.2,3,2007
Jerome Simpson,290.5,CIN,25,WR,29,18,134,71,40.23,1004,7.6,7,47,36.25,4.67,1.82,25.25,2,2011
Jerrel Jernigan,328.5,NYG,25,WR,34,4,61,38,47.78,391,6.33,2,20,12.5,4.03,1.3,11.07,2,2014
Jerricho Cotchery,130.5,NYJ,25,WR,59,32,295,189,61.02,2402,12.18,8,120,46.0,7.47,3.08,39.03,3,2007
Jerry Jeudy,76.33,DEN,23,WR,41,33,269,157,60.3,2295,14.43,9,102,66.33,8.53,3.87,55.0,3,2022
Jerry Porter,190.0,OAK,25,WR,53,16,166,99,55.85,1275,11.0,10,71,24.5,6.25,1.85,23.58,1,2003
Joe Adams,408.0,CAR,23,WR,9,0,1,1,100.0,7,7.0,0,0,7.0,7.0,0.1,0.8,4,2012
Joe Reed,517.0,LAC,22,WR,11,0,1,0,0.0,0,0.0,0,0,0.0,0.0,0.0,0.0,0,2020
Joe Webb,393.0,MIN,27,WR,27,2,16,6,32.75,42,7.8,0,2,12.0,2.4,0.2,1.45,1,2013
John Broussard,336.0,JAX,24,WR,8,0,12,4,33.3,126,31.5,1,3,56.0,10.5,0.5,15.8,0,2007
John Brown,107.25,ARI,27,WR,56,27,331,173,50.77,2515,14.35,17,123,56.25,7.3,3.0,43.7,2,2017
John Hightower,295.0,PHI,24,WR,13,4,29,10,34.5,167,16.7,0,5,59.0,5.8,0.8,12.8,0,2020
John Ross,315.75,CIN,25,WR,27,20,123,51,28.7,733,9.15,10,36,30.0,3.75,1.45,21.3,2,2020
John Ursua,486.0,SEA,25,WR,3,0,1,1,100.0,11,11.0,0,1,11.0,11.0,0.3,3.7,0,2019
Johnnie Lee Higgins,230.75,OAK,27,WR,60,11,125,57,50.73,779,12.12,4,34,39.75,5.95,0.97,12.8,9,2010
Johnnie Morant,359.5,OAK,25,WR,14,2,14,8,54.15,90,15.0,0,4,19.0,7.9,0.5,6.0,2,2006
Johnny Knox,87.67,CHI,25,WR,45,27,249,133,53.63,2214,16.7,12,96,72.0,8.9,2.93,49.0,5,2011
Jonathan Baldwin,242.33,SFO,24,WR,33,11,108,44,38.77,607,12.57,2,29,37.0,4.97,1.2,16.27,0,2013
Jonathan Carter,327.67,NYJ,25,WR,24,1,25,14,43.07,266,13.53,2,10,36.0,8.77,0.4,7.87,2,2004
Jonathan Smith,337.0,BUF,24,WR,16,1,13,8,60.7,77,9.1,1,4,15.0,5.75,0.5,5.15,1,2005
Jordan Kent,432.0,STL,25,WR,14,1,10,1,16.65,5,2.5,0,1,2.5,0.85,0.1,0.5,0,2009
Jordan Matthews,63.75,BUF,25,WR,56,42,382,250,66.08,2955,11.75,20,140,55.75,7.78,4.3,50.6,4,2017
Jordan Payton,449.0,CLE,23,WR,4,0,3,1,33.3,3,3.0,0,0,3.0,1.0,0.3,0.8,0,2016
Jordan Shipley,190.67,2TM,27,WR,24,6,118,79,69.77,858,8.53,4,31,35.0,5.73,2.93,27.3,2,2012
Jordan White,466.0,NYJ,24,WR,3,0,3,1,33.3,13,13.0,0,1,13.0,4.3,0.3,4.3,0,2012
Jordy Nelson,102.0,GNB,26,WR,61,15,245,168,68.3,2531,14.28,21,106,63.25,9.85,2.73,40.7,6,2011
Josh Boyce,264.0,NWE,22,WR,9,3,19,9,47.4,121,13.4,0,6,30.0,6.4,1.0,13.4,0,2013
Josh Doctson,198.33,WAS,26,WR,33,26,162,81,44.87,1100,19.8,8,57,47.0,8.07,2.03,33.3,0,2018
Josh Huff,227.0,2TM,25,WR,37,6,83,51,59.43,523,10.33,4,20,34.0,5.9,1.37,13.43,1,2016
Josh Malone,391.67,NYJ,24,WR,24,7,28,11,40.67,91,8.83,1,5,16.67,2.93,0.53,3.67,0,2020
Josh Morgan,137.75,SFO,26,WR,49,32,223,131,60.38,1764,14.18,9,70,51.0,8.43,2.7,36.77,2,2011
Josh Reed,120.75,BUF,25,WR,60,25,252,143,55.83,1699,11.88,6,84,34.75,6.78,2.3,27.38,2,2005
Josh Reynolds,169.75,LAR,25,WR,64,24,201,113,53.38,1450,12.7,9,83,33.0,6.78,1.77,22.65,2,2020
JuJu Smith-Schuster,40.75,PIT,24,WR,58,46,443,308,69.03,3726,12.57,26,175,75.25,8.65,5.15,63.12,5,2020
Julian Edelman,229.0,NWE,26,WR,48,13,109,69,57.12,714,10.43,4,34,34.0,5.95,1.62,16.75,6,2012
Julio Jones,45.0,ATL,25,WR,49,48,445,278,62.95,4330,15.6,26,193,80.0,9.78,6.05,92.72,5,2014
Junior Hemingway,238.5,KAN,26,WR,30,3,42,25,59.75,233,9.3,2,14,20.5,5.6,0.85,7.75,2,2014
Juron Criner,290.5,OAK,24,WR,13,0,41,19,43.0,183,10.05,1,12,18.5,4.3,2.15,22.3,1,2013
Justin Blackmon,93.5,JAX,23,WR,20,18,180,93,54.45,1280,13.9,6,58,74.0,7.6,5.65,78.95,1,2013
Justin Brown,242.0,PIT,23,WR,8,1,21,12,57.1,94,7.8,0,4,18.0,4.5,1.5,11.8,1,2014
Justin Gage,219.5,CHI,25,WR,49,16,126,64,49.48,908,15.28,4,45,37.0,7.52,1.27,18.8,2,2006
Justin Hardy,208.5,ATL,27,WR,57,5,118,76,64.65,751,9.88,9,49,24.0,6.38,1.45,14.1,2,2018
Justin Harper,444.0,BAL,24,WR,2,0,1,0,0.0,0,0.0,0,0,0.0,0.0,0.0,0.0,0,2009
Justin Hunter,205.0,2TM,25,WR,48,18,163,78,49.8,1305,17.1,12,48,56.25,8.12,1.7,27.65,0,2016
Justin Jefferson,6.67,MIN,23,WR,50,48,476,324,68.23,4825,15.0,25,213,63.67,10.23,6.47,96.33,2,2022
Justin McCareins,157.5,NYJ,26,WR,52,28,223,125,64.78,1972,19.05,13,98,51.75,13.53,2.1,34.92,5,2004
Justin Watson,351.67,TAM,24,WR,39,4,40,23,51.53,258,9.67,2,15,19.33,5.43,0.53,6.27,0,2020
Juwann Winfree,403.5,GNB,26,WR,10,0,17,9,43.25,75,12.15,0,6,14.5,4.4,0.7,7.0,2,2022
K.J. Hill,364.0,LAC,24,WR,21,0,14,10,81.8,103,10.2,0,3,22.0,8.3,0.5,4.95,1,2021
K.J. Osborn,63.5,MIN,25,WR,34,18,172,110,63.85,1305,11.95,12,58,65.0,7.6,3.2,38.35,1,2022
KJ Hamler,272.67,DEN,23,WR,23,6,80,42,51.2,620,17.03,3,24,44.0,8.67,1.67,25.87,2,2022
Kaelin Clay,318.0,2TM,25,WR,13,2,19,6,31.6,85,14.2,0,0,28.0,4.5,0.5,6.5,3,2017
Kealoha Pilares,401.0,CAR,24,WR,8,0,4,2,50.0,42,21.0,1,1,36.0,10.5,0.3,5.3,0,2012
Keary Colbert,161.5,CAR,25,WR,55,42,228,109,46.17,1424,12.22,7,67,41.0,5.7,1.95,25.07,3,2007
KeeSean Johnson,217.5,ARI,24,WR,18,5,65,36,57.6,360,10.2,1,17,38.0,6.0,2.0,20.15,1,2020
Keenan Allen,105.25,SDG,24,WR,38,37,322,221,73.05,2617,11.55,16,135,32.75,8.4,6.15,69.8,5,2016
Keenan Burton,189.5,STL,25,WR,22,7,74,38,50.2,425,11.65,1,21,27.5,5.75,1.9,20.65,0,2009
Keenan Howry,392.0,MIN,23,WR,19,1,7,3,66.65,18,5.25,0,1,5.5,2.75,0.2,0.95,0,2004
Keith Mumphery,264.5,HOU,24,WR,27,6,44,24,63.55,198,8.05,0,7,18.5,4.9,0.9,7.2,3,2016
Keke Coutee,235.0,IND,24,WR,25,10,118,84,77.97,946,9.72,4,48,40.0,7.28,2.92,32.12,5,2021
Kelley Washington,202.75,CIN,27,WR,44,6,128,72,59.1,893,12.18,9,49,29.75,7.22,1.62,19.93,0,2006
Kelvin Benjamin,53.0,2TM,26,WR,46,42,341,184,55.07,2641,14.37,19,102,48.0,7.97,3.97,57.07,2,2017
Kelvin Harmon,152.0,WAS,23,WR,16,8,44,30,68.2,365,12.2,0,16,30.0,8.3,1.9,22.8,0,2019
Ken-Yon Rambo,285.0,DAL,24,WR,29,0,39,17,46.2,239,12.2,0,11,30.5,5.55,0.55,7.7,3,2002
Kendall Newson,374.0,MIA,23,WR,6,0,6,2,33.3,55,27.5,0,2,37.0,9.2,0.3,9.2,1,2003
Kendall Wright,57.0,TEN,26,WR,55,37,396,251,62.6,2828,11.28,15,146,45.75,7.08,4.47,50.25,4,2015
Kenny Britt,121.25,TEN,24,WR,45,27,264,146,57.23,2354,16.32,19,106,65.75,9.38,3.75,61.7,5,2012
Kenny Golladay,106.75,DET,27,WR,47,39,315,183,58.9,3068,16.85,21,141,59.25,9.93,3.83,64.08,2,2020
Kenny Moore,310.0,CAR,24,WR,12,1,11,6,54.5,59,9.8,0,1,22.0,5.4,0.5,4.9,1,2009
Kenny Stills,116.75,MIA,24,WR,63,41,277,164,58.67,2738,17.1,20,119,66.5,10.0,2.62,43.77,1,2016
Kerry Meier,474.0,ATL,25,WR,12,0,1,0,0.0,0,0.0,0,0,0.0,0.0,0.0,0.0,0,2011
Keshawn Martin,238.25,NWE,25,WR,57,10,117,62,51.4,685,11.05,5,35,30.25,5.78,1.27,13.97,4,2015
Kevin Curtis,139.75,STL,28,WR,51,11,209,136,69.03,1714,10.47,12,80,43.5,6.93,2.35,27.85,4,2006
Kevin Dorsey,420.0,GNB,24,WR,3,0,2,1,50.0,4,4.0,0,0,4.0,2.0,0.3,1.3,0,2014
Kevin Kasper,339.0,NWE,27,WR,38,8,45,24,36.48,287,11.38,3,6,17.0,4.58,0.53,6.38,1,2004
Kevin Norwood,380.5,CAR,26,WR,10,2,11,9,45.0,102,5.65,0,5,15.5,5.1,0.5,5.65,0,2015
Kevin Walter,260.25,HOU,25,WR,59,4,63,47,77.6,456,8.72,1,30,18.75,6.7,0.78,7.25,1,2006
Kevin White,335.0,CHI,26,WR,14,5,48,25,50.93,285,11.93,0,11,30.67,6.07,2.4,21.0,0,2018
Koren Robinson,64.0,SEA,24,WR,57,52,405,213,51.55,3167,14.85,12,145,49.0,7.65,3.67,55.05,5,2004
Kris Durham,267.25,TEN,26,WR,27,16,121,55,53.08,699,11.88,3,36,23.25,6.05,1.73,21.35,1,2014
Kyle Williams,275.75,2TM,25,WR,39,9,81,47,68.12,574,11.15,4,24,34.25,7.4,1.05,12.68,3,2013
LaVon Brazill,243.0,IND,24,WR,25,0,51,23,45.1,347,15.15,3,14,35.5,6.9,0.95,14.25,2,2013
Laquon Treadwell,269.5,MIN,24,WR,53,16,107,65,53.17,701,13.5,2,37,30.0,6.97,1.1,12.12,1,2019
Larry Fitzgerald,18.25,ARI,24,WR,60,60,558,330,58.73,4544,13.72,34,227,50.0,8.05,5.5,75.9,4,2007
Laurent Robinson,198.25,STL,25,WR,38,20,178,89,58.77,1000,11.28,4,49,43.5,6.62,2.5,29.52,1,2010
Lavelle Hawkins,246.25,TEN,25,WR,45,3,109,66,63.15,709,11.9,1,35,26.75,7.47,1.23,13.95,1,2011
Laveranues Coles,55.25,WAS,26,WR,61,51,437,252,57.05,3706,15.1,19,179,52.5,8.57,4.03,59.27,2,2003
Laviska Shenault Jr.,89.0,CAR,24,WR,43,26,211,148,73.6,1491,10.07,6,73,53.67,7.43,3.37,34.17,1,2022
LeRon McCoy,197.0,ARI,23,WR,10,4,30,18,60.0,191,10.6,1,11,24.0,6.4,1.8,19.1,0,2005
Lee Evans,46.75,BUF,26,WR,64,57,416,233,56.42,3727,16.07,29,157,75.5,9.1,3.62,58.25,2,2007
Lee Mays,356.67,PIT,26,WR,48,1,28,11,35.27,154,7.9,0,7,18.33,3.9,0.23,3.23,0,2004
Legedu Naanee,227.75,SDG,27,WR,54,10,99,63,66.75,746,10.7,3,42,30.5,6.88,1.25,15.62,1,2010
Leonard Hankerson,242.75,WAS,25,WR,31,14,128,81,47.92,1081,9.82,6,54,30.0,6.3,2.17,28.05,0,2014
Leonte Carroo,360.33,MIA,24,WR,37,2,22,12,52.77,192,22.2,2,8,36.67,11.37,0.3,5.8,0,2018
Limas Sweed,372.5,PIT,25,WR,20,0,15,7,40.0,69,7.85,0,3,11.0,3.7,0.3,3.2,2,2009
Louis Murphy,153.5,CAR,25,WR,57,24,268,115,43.62,1707,14.93,7,81,61.75,6.5,2.0,29.75,3,2012
Lynn Bowden Jr.,155.0,MIA,23,WR,10,4,37,28,75.7,211,7.5,0,13,22.0,5.7,2.8,21.1,0,2020
Mack Hollins,247.33,MIA,27,WR,48,5,70,42,60.07,527,12.53,2,22,39.33,7.57,0.87,10.97,1,2020
Malcolm Kelly,256.0,WAS,23,WR,21,10,52,28,44.15,365,9.95,0,16,45.5,5.05,1.1,12.65,0,2009
Malcolm Mitchell,144.0,NWE,24,WR,14,6,48,32,66.7,401,12.5,4,23,56.0,8.4,2.3,28.6,0,2016
Manuel Johnson,417.0,DAL,24,WR,2,0,5,1,20.0,6,6.0,0,0,6.0,1.2,0.5,3.0,0,2010
Marc Mariani,386.5,TEN,24,WR,32,0,14,5,20.85,24,2.4,0,0,3.0,1.0,0.15,0.75,4,2011
Marcell Ateman,291.5,OAK,25,WR,18,6,41,20,49.2,270,16.75,1,11,34.0,8.3,1.3,16.25,1,2019
Marcus Easley,384.0,BUF,26,WR,16,0,5,2,40.0,13,6.5,0,0,9.0,2.6,0.1,0.8,0,2013
Marcus Maxwell,418.0,CIN,24,WR,5,0,2,1,50.0,5,5.0,0,1,5.0,2.5,0.2,1.0,0,2007
Marcus Smith,466.0,BAL,23,WR,7,0,4,0,0.0,0,0.0,0,0,0.0,0.0,0.0,0.0,0,2008
Mardy Gilyard,347.5,2TM,26,WR,19,2,22,8,35.4,78,9.0,0,4,16.0,3.2,0.4,3.8,1,2012
Mario Alford,419.0,CIN,23,WR,1,0,1,1,100.0,15,15.0,0,1,15.0,15.0,1.0,15.0,0,2015
Mario Manningham,131.5,NYG,25,WR,49,28,275,160,59.85,2315,12.5,18,95,49.75,7.4,2.95,41.25,2,2011
Mark Bradley,213.0,2TM,26,WR,44,12,139,68,48.45,963,14.35,7,23,51.0,7.22,1.73,24.38,1,2008
Mark Clayton,65.0,BAL,26,WR,62,47,371,200,53.45,2636,13.2,10,115,64.0,7.05,3.23,42.23,0,2008
Marko Mitchell,347.0,WAS,24,WR,10,0,7,4,57.1,32,8.0,0,2,11.0,4.6,0.4,3.2,0,2009
Markus Wheaton,212.25,PIT,25,WR,47,22,187,107,51.98,1508,13.18,8,73,42.5,6.9,1.98,27.35,0,2016
Marqise Lee,118.25,JAX,26,WR,53,29,302,171,54.7,2166,12.53,8,116,40.75,6.88,3.05,38.73,2,2017
Marques Colston,33.0,NOR,26,WR,57,46,453,285,62.05,4074,14.65,33,204,67.25,9.0,4.95,71.35,4,2009
Marques Hagans,348.5,KAN,26,WR,6,1,17,9,51.65,108,9.8,0,7,15.0,5.1,1.25,14.4,2,2008
Marquess Wilson,271.5,CHI,24,WR,31,14,102,56,57.75,777,12.28,3,36,28.0,6.95,2.02,29.2,0,2016
Marquez Valdes-Scantling,152.0,GNB,27,WR,59,39,247,123,49.55,2153,17.52,13,82,71.75,8.72,2.12,36.7,1,2021
Marquise Brown,47.25,ARI,25,WR,58,51,424,262,61.92,3070,11.93,24,133,62.25,7.35,4.55,52.98,4,2022
Marquise Goodwin,298.0,BUF,26,WR,39,10,111,49,51.7,780,21.38,6,36,49.75,7.95,1.1,17.12,2,2016
Martavis Bryant,101.33,PIT,26,WR,36,16,224,126,56.0,1917,16.17,17,70,77.67,8.97,3.47,54.87,1,2017
Marvin Jones,106.67,CIN,25,WR,43,21,215,134,61.07,1729,12.6,15,81,38.33,7.7,2.97,37.93,0,2015
Marvin McNutt,480.5,CAR,24,WR,5,0,3,0,0.0,0,0.0,0,0,0.0,0.0,0.0,0.0,0,2013
Matt Hazel,456.5,IND,25,WR,9,1,2,1,50.0,1,0.5,0,0,0.5,0.5,0.15,0.15,0,2017
Matt Jones,92.5,JAX,25,WR,54,15,302,166,53.7,2153,13.15,15,117,43.5,7.05,3.15,40.67,4,2008
Matthew Slater,452.67,NWE,26,WR,45,3,6,1,11.1,46,15.33,0,1,15.33,5.1,0.03,0.97,3,2011
Maurice Stovall,271.5,TAM,24,WR,44,10,80,44,56.17,579,11.7,2,28,21.75,6.45,0.93,11.6,1,2009
Mecole Hardman,124.5,KAN,24,WR,57,26,220,151,68.53,2088,14.5,16,93,55.25,9.78,2.7,36.62,8,2022
Michael Campanaro,334.5,BAL,26,WR,24,0,43,31,57.88,310,7.67,2,17,12.0,5.88,1.15,11.9,4,2017
Michael Clayton,105.0,TAM,25,WR,56,36,282,167,57.4,2222,12.75,8,109,45.5,7.4,2.92,38.1,5,2007
Michael Crabtree,40.25,SFO,25,WR,58,56,429,260,59.95,3345,12.9,21,165,52.75,7.72,4.47,57.62,1,2012
Michael Floyd,70.75,ARI,26,WR,63,39,387,209,53.92,3293,15.68,19,148,66.75,8.43,3.33,52.35,4,2015
Michael Gallup,88.0,DAL,25,WR,55,43,348,193,54.9,2902,14.8,15,143,51.75,8.12,3.6,53.23,0,2021
Michael Jenkins,134.25,ATL,25,WR,61,34,259,135,48.77,1595,13.07,14,84,41.75,6.2,2.23,26.62,1,2007
Michael Pittman Jr.,44.0,IND,25,WR,46,41,331,227,68.0,2510,11.4,11,127,43.33,7.73,4.83,53.37,3,2022
Michael Robinson,257.0,SFO,26,WR,62,2,56,43,74.78,346,6.92,0,17,19.0,5.45,0.7,5.5,2,2009
Michael Thomas,3.5,NOR,26,WR,63,57,602,470,77.83,5512,11.8,32,306,52.5,9.18,7.42,87.3,5,2019
Mike Evans,24.0,TAM,24,WR,61,60,579,309,53.35,4579,14.93,32,246,52.75,7.92,5.03,74.95,2,2017
Mike Sims-Walker,110.67,JAX,26,WR,38,28,221,122,54.63,1648,13.5,14,86,44.0,7.33,3.03,40.7,3,2010
Mike Thomas,223.29,LAR,25,WR,100,33,316,186,54.31,1940,10.73,7,93,30.29,6.11,1.77,19.03,8,2019
Mike Wallace,53.5,PIT,26,WR,63,48,403,235,58.1,4042,17.52,32,162,73.25,10.2,3.75,64.05,5,2012
Mike Williams,136.92,LAC,26,WR,166,114,929,493,51.07,6989,13.43,47,346,46.54,6.9,2.78,38.22,8,2020
Miles Boykin,331.75,PIT,26,WR,56,25,59,35,70.85,481,10.18,7,25,27.5,6.7,0.55,7.62,0,2022
Milton Wynn,378.0,BAL,24,WR,4,0,7,4,33.35,69,8.65,0,3,18.0,5.75,2.0,34.5,0,2002
Mohamed Massaquoi,147.75,CLE,26,WR,54,43,275,118,44.62,1745,14.78,7,77,52.5,6.53,2.15,31.7,2,2012
Mohamed Sanu,125.75,CIN,26,WR,57,34,249,152,62.35,1793,11.32,11,93,48.5,7.05,2.58,29.88,3,2015
N'Keal Harry,244.75,CHI,25,WR,40,18,112,64,60.05,714,12.53,5,33,35.0,7.78,1.52,17.25,2,2022
Nate Burleson,118.75,SEA,25,WR,60,40,248,145,55.98,1981,13.03,14,96,44.0,7.35,2.42,32.65,4,2006
Neal Sterling,312.33,NYJ,26,WR,26,6,34,24,70.0,239,10.23,0,13,21.33,7.0,0.97,9.3,0,2018
Nelson Agholor,96.5,PHI,25,WR,60,52,305,185,58.95,2152,11.57,15,92,62.0,6.85,3.02,35.02,3,2018
Nick Toon,287.5,NOR,26,WR,16,5,35,21,53.6,283,14.8,1,15,29.5,7.5,1.3,17.7,1,2014
Noah Brown,316.33,DAL,24,WR,37,4,41,23,55.07,241,10.03,0,12,18.67,5.63,0.6,6.3,0,2020
Odell Beckham Jr.,46.25,NYG,25,WR,47,44,498,313,62.9,4424,13.75,38,206,72.5,8.68,6.65,91.6,6,2017
Olabisi Johnson,199.5,MIN,23,WR,32,9,64,45,71.3,483,11.5,3,26,26.0,8.2,1.4,15.1,0,2020
Paris Warren,326.0,TAM,24,WR,8,0,7,5,71.4,63,12.6,0,2,26.0,9.0,0.6,7.9,0,2006
Parris Campbell,220.25,IND,25,WR,32,24,144,97,65.22,983,11.25,5,49,37.0,7.03,2.75,29.3,4,2022
Patrick Crayton,141.25,DAL,28,WR,50,20,179,120,69.9,1716,14.3,14,84,53.5,9.97,2.27,32.52,6,2007
Patrick Turner,395.0,NYJ,25,WR,22,1,22,10,51.1,122,8.33,1,6,15.33,6.47,0.3,3.87,0,2012
Paul Hubbard,413.0,BUF,25,WR,1,1,3,1,33.3,8,8.0,0,0,8.0,2.7,1.0,8.0,0,2010
Paul Richardson,220.25,SEA,25,WR,47,19,161,95,69.8,1302,19.75,8,68,43.0,15.75,1.77,30.3,1,2017
Paul Williams,443.0,TEN,25,WR,5,0,3,1,33.3,7,7.0,0,1,7.0,2.3,0.2,1.4,0,2008
Percy Harvin,27.5,MIN,24,WR,54,43,406,280,68.95,3302,11.85,20,167,50.25,8.18,5.35,62.58,6,2012
Peter Warrick,41.25,CIN,26,WR,62,54,466,253,55.45,2684,10.72,18,144,48.25,5.95,4.1,43.42,9,2003
Pharoh Cooper,294.75,2TM,24,WR,46,5,73,50,50.92,433,6.22,1,19,19.25,4.28,1.0,8.65,4,2019
Phillip Dorsett,185.5,NWE,25,WR,57,11,158,95,61.25,1237,13.45,6,57,39.5,8.1,1.65,21.68,3,2018
Pierre Garcon,116.0,IND,25,WR,58,43,349,188,64.9,2519,11.82,16,118,55.5,6.95,3.23,42.85,3,2011
Plaxico Burress,61.25,PIT,26,WR,60,56,453,226,47.85,3466,14.75,17,164,47.75,7.17,3.65,55.6,5,2003
Quentin McCord,284.67,ATL,25,WR,25,2,47,23,56.37,427,18.03,1,18,39.67,10.43,0.87,16.37,0,2003
Quez Watkins,189.33,PHI,24,WR,40,20,126,83,62.63,1107,13.6,5,43,62.33,8.5,1.87,25.53,1,2022
Quincy Enunwa,122.5,NYJ,24,WR,28,19,151,80,51.5,1172,14.55,4,47,58.5,7.5,2.7,39.95,0,2016
Quincy Morgan,95.25,2TM,27,WR,63,52,316,155,48.28,2316,14.55,15,72,70.0,7.08,2.48,36.62,6,2004
Quinten Lawrence,413.0,KAN,25,WR,6,1,2,1,50.0,9,9.0,0,0,9.0,4.5,0.2,1.5,0,2009
Quintez Cephus,285.67,DET,24,WR,22,6,60,37,64.0,568,12.87,4,26,34.67,8.1,1.67,23.8,0,2022
Quinton Patton,255.75,SFO,26,WR,40,18,133,73,52.2,880,12.53,1,39,37.5,6.42,1.45,17.6,2,2016
R. Jay Soward,209.0,JAX,22,WR,13,2,34,14,41.2,154,11.0,1,5,45.0,4.5,1.1,11.8,3,2000
Ramses Barden,303.5,NYG,26,WR,29,1,48,29,71.38,394,13.72,0,18,24.75,10.12,0.85,11.53,0,2012
Randall Cobb,84.0,GNB,24,WR,52,28,309,227,73.8,3049,13.75,25,151,54.5,10.15,4.47,60.3,10,2014
Rashad Greene,295.67,JAX,26,WR,25,1,51,30,63.93,185,7.1,2,13,13.0,4.73,1.17,7.27,7,2018
Rashard Higgins,235.75,CLE,25,WR,54,6,126,76,53.5,1016,13.22,7,48,37.5,7.1,1.4,18.77,3,2019
Rashaun Woods,302.0,SFO,24,WR,14,0,23,7,30.4,160,22.9,1,6,59.0,7.0,0.5,11.4,0,2004
Rasheed Marshall,411.0,SFO,24,WR,12,0,6,1,16.7,-1,-1.0,0,0,-1.0,-0.2,0.1,-0.1,4,2005
Ray-Ray McCloud,224.0,PIT,25,WR,42,8,94,64,77.77,390,6.07,0,24,17.67,4.57,1.4,8.57,8,2021
Reche Caldwell,190.0,SDG,26,WR,47,14,149,76,50.48,950,12.32,7,42,35.5,6.53,1.77,23.9,6,2005
Reggie Brown,91.5,PHI,27,WR,58,43,313,168,53.27,2419,14.45,17,107,50.25,7.67,2.8,40.17,2,2008
Reggie Germany,232.0,BUF,23,WR,16,1,21,12,57.1,203,16.9,0,8,39.0,9.7,0.8,12.7,0,2001
Reggie Wayne,61.75,IND,26,WR,61,48,343,221,63.45,3109,13.85,23,163,55.0,8.8,3.58,49.83,2,2004
Reggie Williams,102.75,JAX,24,WR,63,42,268,152,56.5,1958,12.75,15,93,48.75,7.35,2.42,31.25,7,2007
Ricardo Louis,181.5,CLE,23,WR,32,12,96,45,47.85,562,12.3,0,25,39.5,5.9,1.4,17.55,1,2017
Richie James,273.33,SFO,25,WR,40,10,59,38,63.33,689,19.67,3,24,52.33,12.37,1.07,18.7,5,2020
Riley Cooper,188.75,PHI,26,WR,56,25,184,93,47.38,1514,16.23,13,65,45.25,7.65,1.62,25.82,0,2013
Riley Ridley,363.0,CHI,24,WR,10,1,11,10,92.85,108,10.65,0,7,25.0,9.85,1.0,10.8,0,2020
Rishard Matthews,175.0,MIA,26,WR,49,17,170,107,60.3,1396,12.82,8,74,33.75,7.83,2.2,29.18,1,2015
Robert Davis,406.0,2TM,24,WR,6,3,5,2,40.0,17,8.5,0,2,11.0,3.4,0.3,2.8,0,2019
Robert Ferguson,139.0,GNB,25,WR,44,18,161,84,51.53,1180,14.1,8,58,45.0,7.27,1.9,27.07,1,2004
Robert Herron,319.0,TAM,22,WR,8,0,12,6,50.0,58,9.7,1,3,16.0,4.8,0.8,7.3,0,2014
Robert Meachem,138.67,NOR,26,WR,46,17,150,101,65.67,1649,18.2,17,65,61.0,11.83,2.17,35.2,2,2010
Robert Woods,80.0,BUF,24,WR,57,48,345,203,58.88,2451,12.3,12,122,41.25,7.15,3.58,43.05,3,2016
Rod Gardner,46.5,WAS,27,WR,64,61,463,227,48.83,2997,13.3,22,138,53.5,6.42,3.55,46.83,3,2004
Roddy White,70.75,ATL,27,WR,64,43,419,230,52.08,3536,15.62,16,153,62.0,8.1,3.6,55.25,6,2008
Ron Dixon,235.33,NYG,26,WR,37,3,81,36,41.4,696,20.27,4,29,43.0,8.37,1.07,20.17,3,2002
Ron Dugans,133.0,CIN,25,WR,46,13,156,89,54.47,797,8.97,3,47,26.33,4.9,1.9,16.97,0,2002
Ron Johnson,332.0,BAL,23,WR,22,4,29,11,35.9,126,11.7,1,8,22.5,4.2,0.4,4.55,0,2003
Ronald Curry,243.33,OAK,26,WR,30,5,82,57,73.8,722,8.6,6,34,29.0,6.27,1.83,21.5,2,2005
Roscoe Parrish,158.25,BUF,26,WR,55,6,168,97,57.77,1052,10.9,5,52,37.0,6.3,1.73,18.65,7,2008
Roy Hall,418.0,IND,25,WR,4,0,4,1,25.0,9,9.0,0,1,9.0,2.3,0.3,2.3,0,2008
Roy Williams,41.75,DET,26,WR,55,52,468,245,52.25,3652,14.88,28,165,62.0,7.72,4.45,65.72,5,2007
Roydell Williams,171.67,TEN,26,WR,40,16,153,84,50.33,1139,14.13,6,59,39.33,7.07,2.03,27.8,0,2007
Rueben Randle,96.75,NYG,24,WR,64,33,327,188,57.8,2644,14.45,20,125,53.5,8.35,2.95,41.3,4,2015
Russell Gage,119.75,ATL,25,WR,61,21,287,193,65.62,2065,10.55,9,114,31.25,6.92,3.17,34.05,3,2021
Ryan Broyles,280.0,DET,26,WR,21,6,51,32,55.3,420,12.4,2,22,27.67,6.93,1.3,16.73,0,2014
Ryan Grant,214.5,WAS,27,WR,64,15,141,84,54.52,985,10.62,6,57,28.25,5.93,1.3,15.43,0,2017
Ryan Switzer,252.33,PIT,25,WR,41,1,62,50,80.07,321,5.73,1,21,14.67,4.73,1.2,7.13,4,2019
Ryan Whalen,326.5,CIN,23,WR,13,0,17,11,69.15,80,7.2,0,5,11.5,4.9,0.9,6.35,0,2012
Ryne Robinson,348.0,CAR,23,WR,16,0,8,4,50.0,35,8.8,0,2,12.0,4.4,0.3,2.2,2,2007
Sam Aiken,298.33,BUF,25,WR,37,2,39,18,43.13,240,13.17,0,11,31.67,5.67,0.53,6.63,0,2005
Sam Simmons,463.0,MIA,24,WR,11,0,2,0,0.0,0,0.0,0,0,0.0,0.0,0.0,0.0,0,2003
Samie Parker,155.5,KAN,26,WR,47,31,180,110,62.52,1529,14.03,7,80,41.0,8.82,2.38,33.42,3,2007
Sammie Coates,343.0,HOU,25,WR,44,6,64,29,49.35,528,13.85,2,20,33.25,6.7,0.57,9.93,0,2018
Sammie Stroughter,276.25,TAM,26,WR,33,4,107,60,55.5,639,11.95,1,35,26.25,6.58,1.4,15.32,2,2012
Sammy Watkins,91.0,LAR,24,WR,52,51,346,192,55.7,3052,15.8,25,142,69.0,8.85,3.7,58.8,1,2017
Santana Moss,144.25,NYJ,25,WR,51,29,264,151,47.6,2416,16.98,19,107,53.5,7.7,2.5,40.48,8,2004
Santonio Holmes,47.25,PIT,25,WR,60,48,423,235,55.9,3835,16.4,20,184,63.75,9.22,3.92,64.17,11,2009
Scott Miller,230.75,TAM,25,WR,50,8,128,74,56.35,924,11.55,4,37,33.0,6.5,1.38,16.95,0,2022
Scotty Anderson,186.0,DET,24,WR,34,8,121,54,44.9,858,16.53,4,39,58.33,7.5,1.6,26.53,1,2003
Shaun McDonald,160.5,STL,25,WR,56,3,182,106,58.15,1215,10.38,4,61,31.0,6.15,1.82,19.98,8,2006
Shelton Gibson,428.0,PHI,24,WR,20,0,6,3,50.0,59,26.75,0,2,27.0,9.85,0.25,2.7,0,2018
Sidney Rice,141.75,MIN,24,WR,48,26,247,146,54.0,2129,13.62,18,111,48.0,7.38,2.9,42.5,1,2010
Sinorice Moss,291.0,NYG,26,WR,37,2,66,39,52.95,421,11.62,3,21,18.75,5.82,0.93,9.78,2,2009
Skyler Green,355.0,CIN,23,WR,7,0,4,3,75.0,33,11.0,0,1,18.0,8.3,0.4,4.7,0,2007
Snoop Minnis,246.5,KAN,25,WR,15,11,71,34,37.15,515,9.75,1,24,30.0,4.3,1.5,20.65,0,2002
Stacy Coley,496.0,2TM,24,WR,3,0,1,0,0.0,0,0.0,0,0,0.0,0.0,0.0,0.0,1,2018
Stedman Bailey,205.67,STL,25,WR,38,8,96,59,60.4,843,14.33,2,36,44.67,8.6,1.57,22.67,0,2015
Stefon Diggs,30.25,MIN,25,WR,55,48,440,302,68.2,3493,11.97,24,169,55.0,8.12,5.47,63.4,2,2018
Stephen Burton,326.67,JAX,24,WR,19,3,27,15,57.9,149,11.83,1,7,18.67,7.23,1.03,11.53,0,2013
Stephen Hill,179.0,NYJ,22,WR,23,19,106,45,42.7,594,13.15,4,34,42.0,5.6,1.95,25.7,1,2013
Sterling Shepard,47.25,NYG,26,WR,53,52,379,247,65.62,2862,11.55,17,154,50.75,7.55,4.83,55.33,2,2019
Steve Breaston,104.5,ARI,27,WR,60,26,296,187,61.58,2528,13.2,7,112,40.5,8.12,3.15,42.85,3,2010
Steve Johnson,167.25,BUF,25,WR,48,30,292,170,63.25,2189,10.38,19,115,31.5,6.42,2.8,35.3,1,2011
Steve Smith,101.25,NYG,25,WR,46,26,328,220,64.7,2386,10.1,11,128,34.5,6.6,4.3,45.9,1,2010
Steve Smith Sr.,155.75,CAR,25,WR,47,26,269,158,58.45,2196,13.53,10,92,46.0,7.78,3.95,49.45,18,2004
Sylvester Morris,71.0,KAN,23,WR,15,14,105,48,45.7,678,14.1,3,32,47.0,6.5,3.2,45.2,3,2000
Syndric Steptoe,188.0,CLE,24,WR,16,5,41,19,46.3,182,9.6,0,8,53.0,4.4,1.2,11.4,1,2008
T.J. Graham,264.25,NOR,26,WR,47,18,128,61,57.65,794,15.28,4,32,45.75,7.17,1.2,14.35,1,2015
T.J. Houshmandzadeh,96.33,CIN,27,WR,44,19,219,135,59.0,1698,12.1,5,89,38.67,7.2,3.0,36.97,6,2004
T.J. Jones,257.33,DET,25,WR,27,6,81,45,50.83,624,15.03,2,29,33.0,7.33,1.6,24.23,3,2017
T.Y. Hilton,38.5,IND,26,WR,62,41,494,283,57.17,4413,15.78,24,190,73.5,9.03,4.55,71.28,6,2015
Tab Perry,358.0,CIN,25,WR,20,1,16,10,61.1,109,9.5,1,6,16.67,6.37,1.1,15.1,2,2007
Tajae Sharpe,151.67,TEN,25,WR,47,29,165,92,58.7,1167,12.7,8,69,36.33,7.47,1.97,24.77,0,2019
Talman Gardner,377.0,NOR,24,WR,21,2,16,4,60.0,52,16.35,0,3,17.0,12.45,0.2,2.5,0,2004
Tandon Doss,319.33,BAL,24,WR,35,2,55,26,31.33,428,11.23,1,19,34.0,5.23,0.6,9.7,1,2013
Tavarres King,401.5,NYG,26,WR,9,0,7,4,58.35,63,15.75,0,2,25.5,8.4,0.65,6.8,0,2016
Tavon Austin,91.25,LAR,26,WR,59,41,306,181,60.75,1642,9.05,12,75,54.5,5.45,3.1,27.95,17,2016
Taylor Jacobs,282.75,SFO,25,WR,46,7,70,34,46.65,344,9.95,1,18,24.5,4.8,0.68,6.7,0,2006
Taylor Price,379.5,2TM,24,WR,6,0,8,5,62.5,80,16.6,0,3,19.5,10.05,1.7,24.4,0,2011
Taywan Taylor,342.25,CLE,25,WR,35,10,86,53,30.8,697,6.75,2,28,27.0,4.15,0.95,12.55,1,2020
Ted Ginn Jr.,127.25,SFO,25,WR,61,35,277,140,47.77,1827,13.0,6,84,52.0,6.22,2.23,29.15,11,2010
Tee Higgins,31.67,CIN,23,WR,46,42,327,215,65.73,3028,14.07,19,165,60.0,9.23,4.7,66.33,2,2022
Terrance Williams,95.5,DAL,27,WR,64,52,294,177,60.9,2791,15.8,20,131,55.5,9.5,2.8,43.6,3,2016
Terrence Austin,300.0,WAS,23,WR,18,0,31,15,53.1,184,13.55,0,9,30.0,7.35,0.75,9.95,1,2011
Terrence Murphy,313.0,GNB,23,WR,3,0,11,5,45.5,36,7.2,0,4,12.0,3.3,1.7,12.0,0,2005
Terry Godwin,395.0,JAX,24,WR,3,0,6,3,50.0,32,10.7,0,2,21.0,5.3,1.0,10.7,0,2020
Terry McLaurin,30.75,WAS,27,WR,63,63,477,299,62.67,4281,14.47,21,197,60.25,9.05,4.72,68.03,2,2022
Tim Carter,244.75,NYG,26,WR,37,3,98,50,55.85,714,16.05,1,32,34.75,8.93,1.43,20.5,1,2005
Tiquan Underwood,269.67,TAM,25,WR,30,3,83,39,45.77,566,13.03,2,27,32.33,5.9,1.1,15.5,0,2012
Titus Young,104.5,DET,23,WR,26,17,142,81,57.35,990,12.1,10,53,51.5,6.95,3.15,38.1,1,2012
Todd Pinkston,116.75,PHI,26,WR,62,46,317,148,43.6,2140,15.35,13,91,52.0,6.53,2.42,34.88,3,2003
Todd Watkins,373.5,OAK,26,WR,21,1,20,8,21.05,90,5.65,0,4,14.0,2.35,0.3,3.45,0,2009
Tommy Streeter,476.0,JAX,25,WR,2,0,1,0,0.0,0,0.0,0,0,0.0,0.0,0.0,0.0,0,2014
Toney Clemons,365.0,JAX,24,WR,4,0,11,3,27.3,41,13.7,0,2,17.0,3.7,0.8,10.3,0,2012
Torrey Smith,68.5,BAL,25,WR,64,62,434,213,49.45,3591,16.82,30,161,63.75,8.3,3.35,56.1,2,2014
Travis Benjamin,191.75,CLE,26,WR,54,21,221,109,45.15,1683,17.3,10,69,53.0,7.67,1.82,28.6,8,2015
Travis Fulgham,304.0,PHI,25,WR,16,8,70,38,28.35,539,7.1,4,26,21.0,4.0,1.45,20.75,0,2020
Travis Taylor,86.5,BAL,25,WR,57,52,352,170,48.4,2337,13.4,15,108,60.0,6.42,2.98,39.88,1,2003
Travis Wilson,383.0,CLE,22,WR,4,1,6,2,33.3,32,16.0,0,2,16.0,5.3,0.5,8.0,0,2006
Tre McBride,352.0,CHI,25,WR,15,3,19,10,51.65,152,11.0,1,7,26.0,5.8,0.65,9.55,0,2017
Tre'Quan Smith,159.75,NOR,25,WR,51,29,169,112,66.9,1486,13.32,17,82,39.75,8.9,2.2,29.02,2,2021
Trent Taylor,187.0,SFO,26,WR,41,2,122,79,60.9,731,8.97,3,43,28.33,5.5,1.87,17.1,2,2020
Trevor Davis,337.0,3TM,26,WR,41,4,25,16,62.33,205,11.97,1,8,22.0,7.83,0.4,4.83,5,2019
Trevor Gaylor,190.0,ATL,25,WR,34,7,119,52,43.13,784,14.97,4,40,55.67,6.47,1.6,24.53,0,2002
Trey Quinn,238.0,WAS,24,WR,15,8,57,35,72.65,273,7.95,2,15,17.0,5.85,2.6,20.75,1,2019
Triandos Luke,308.0,DEN,23,WR,10,0,8,6,75.0,52,8.7,0,4,12.0,6.5,0.6,5.2,2,2004
Trindon Holliday,394.0,2TM,26,WR,15,0,2,2,100.0,17,8.5,0,0,15.0,8.5,0.1,1.1,6,2012
Troy Walters,236.0,IND,27,WR,43,5,78,55,80.4,668,9.73,3,38,26.0,7.37,1.2,14.57,9,2003
Troy Williamson,195.75,JAX,25,WR,47,23,180,84,44.9,1097,11.78,4,51,43.0,5.42,1.62,21.18,0,2008
Ty Montgomery,174.75,2TM,25,WR,42,14,146,107,73.55,892,8.47,3,41,30.25,6.22,2.55,21.4,4,2018
Tyler Boyd,72.75,CIN,25,WR,56,32,369,242,66.67,2902,11.62,15,152,43.75,7.75,4.15,49.75,3,2019
Tyler Johnson,200.5,TAM,23,WR,31,6,72,48,68.05,529,12.05,2,26,33.0,8.2,1.5,16.65,0,2021
Tyler Lockett,79.75,SEA,26,WR,63,39,276,194,70.2,2781,14.2,19,118,58.0,10.05,3.08,44.08,4,2018
Tyreek Hill,35.0,KAN,25,WR,59,42,414,281,68.4,4115,14.32,32,176,65.0,9.72,4.75,70.03,6,2019
Tyrie Cleveland,424.0,DEN,25,WR,23,0,17,8,31.77,91,8.17,0,5,11.0,3.67,0.3,3.67,0,2022
Tyrone Calico,236.67,TEN,25,WR,27,8,89,42,48.1,501,10.57,4,27,24.0,4.9,1.7,16.7,1,2005
Van Jefferson,155.0,LAR,26,WR,44,26,164,93,57.33,1391,14.33,10,67,49.67,8.17,2.1,31.5,1,2022
Vince Mayle,473.5,BAL,26,WR,17,0,2,0,0.0,0,0.0,0,0,0.0,0.0,0.0,0.0,0,2017
Vincent Brown,177.0,OAK,25,WR,37,16,131,72,54.4,919,12.87,3,52,34.0,6.83,1.9,23.3,0,2014
Vincent Jackson,152.0,SDG,25,WR,56,39,245,130,48.85,2233,17.57,16,101,45.25,8.55,2.1,35.8,1,2008
Vinny Sutherland,401.0,SFO,23,WR,15,0,1,1,100.0,5,5.0,0,0,5.0,5.0,0.1,0.3,1,2001
Walt Powell,245.0,BUF,25,WR,9,2,25,14,56.0,142,10.1,0,7,35.0,5.7,1.6,15.8,0,2016
Walter Young,442.0,PIT,27,WR,9,0,6,1,50.0,17,8.5,0,1,8.5,8.5,0.25,4.25,0,2006
Will Franklin,291.0,KAN,23,WR,13,1,17,7,41.2,83,11.9,0,3,42.0,4.9,0.5,6.4,0,2008
Will Fuller,112.25,HOU,25,WR,42,41,258,156,61.8,2231,14.5,16,100,59.75,9.0,3.83,55.12,3,2019
Willie Ponder,361.0,NYG,24,WR,15,0,12,8,81.8,38,4.0,0,1,9.5,3.1,0.95,4.55,1,2004
Willie Reid,347.0,PIT,25,WR,6,0,6,4,66.7,54,13.5,0,2,25.0,9.0,0.7,9.0,1,2007
Windrell Hayes,347.0,NYJ,25,WR,9,1,21,6,15.8,126,10.5,0,6,16.0,3.3,0.4,7.9,0,2001
Yamon Figurs,398.25,2TM,27,WR,34,0,12,5,50.83,103,23.62,1,2,24.25,8.15,0.35,3.98,8,2010
Zay Jones,158.75,LVR,25,WR,62,36,241,124,55.35,1338,10.57,10,68,37.5,5.8,2.0,21.48,1,2020
Zuriel Smith,355.0,DAL,23,WR,9,0,3,3,100.0,46,15.3,0,1,32.0,15.3,0.3,5.1,3,2003
